
--- CHECKPOINT: 10/05/2026 23:21:49 ---
[DOCKER STATS]
ID: 2d16139af806 | Nome: forensics | CPU: 0.00% | Mem: 10.92MiB / 2GiB
[HOST RAM]
               total        used        free      shared  buff/cache   available
Mem:            62Gi        12Gi       8,6Gi        15Mi        41Gi        49Gi
Swap:           14Gi       5,0Mi        14Gi
[LOOP DEVICES]
/dev/loop1: []: (/var/lib/snapd/snaps/snapd_26382.snap)
/dev/loop19: []: (/ewf1), offset 33619968, sizelimit 855638016
/dev/loop75: []: (/var/lib/snapd/snaps/firefox_8191.snap)
/dev/loop17: []: (/ewf1), offset 33619968, sizelimit 855638016
/dev/loop45: []: (/var/lib/snapd/snaps/snapd-desktop-integration_361.snap)
/dev/loop73: []: (/ewf1), offset 33619968, sizelimit 855638016
/dev/loop8: []: (/var/lib/snapd/snaps/gnome-3-38-2004_143.snap)
/dev/loop35: []: (/var/lib/snapd/snaps/snapd-desktop-integration_357.snap)
/dev/loop15: []: (/var/lib/snapd/snaps/core22_2411.snap)
/dev/loop43: []: (/var/lib/snapd/snaps/firefox_8107.snap)
/dev/loop6: []: (/var/lib/snapd/snaps/core24_1499.snap)
/dev/loop23: []: (/ewf1), offset 33619968, sizelimit 855638016
/dev/loop13: []: (/var/lib/snapd/snaps/snap-store_1113.snap)
/dev/loop4: []: (/var/lib/snapd/snaps/core22_2045.snap)
/dev/loop31: []: (/var/lib/snapd/snaps/core24_1587.snap)
/dev/loop21: []: (/var/lib/snapd/snaps/mesa-2404_1165.snap)
/dev/loop11: []: (/var/lib/snapd/snaps/gtk-common-themes_1534.snap)
/dev/loop2: []: (/ewf1), offset 33619968, sizelimit 855638016
/dev/loop58: []: (/var/lib/snapd/snaps/snapd_26865.snap)
/dev/loop0: []: (/var/lib/snapd/snaps/bare_5.snap)
/dev/loop18: []: (/ewf1), offset 33619968, sizelimit 855638016
/dev/loop9: []: (/var/lib/snapd/snaps/core20_2769.snap)
/dev/loop16: []: (/ewf1), offset 33619968, sizelimit 855638016
/dev/loop7: []: (/var/lib/snapd/snaps/gnome-3-38-2004_140.snap)
/dev/loop24: []: (/forensics_ewf/ewf1), offset 33619968, sizelimit 855638016
/dev/loop14: []: (/var/lib/snapd/snaps/snap-store_1216.snap)
/dev/loop5: []: (/var/lib/snapd/snaps/core20_2717.snap)
/dev/loop22: []: (/var/lib/snapd/snaps/gnome-46-2404_153.snap)
/dev/loop12: []: (/var/lib/snapd/snaps/gtk-common-themes_1535.snap)
/dev/loop3: []: (/var/lib/snapd/snaps/gnome-42-2204_247.snap)
/dev/loop20: []: (/var/lib/snapd/snaps/firefox_8054.snap)
/dev/loop10: []: (/var/lib/snapd/snaps/gnome-42-2204_202.snap)
[KERNEL ERRORS]
----------------------------------------------------------

--- CHECKPOINT: 10/05/2026 23:26:50 ---
[DOCKER STATS]
ID: 2d16139af806 | Nome: forensics | CPU: 0.00% | Mem: 10.92MiB / 2GiB
[HOST RAM]
               total        used        free      shared  buff/cache   available
Mem:            62Gi        12Gi       8,6Gi        15Mi        41Gi        49Gi
Swap:           14Gi       5,0Mi        14Gi
[LOOP DEVICES]
/dev/loop1: []: (/var/lib/snapd/snaps/snapd_26382.snap)
/dev/loop19: []: (/ewf1), offset 33619968, sizelimit 855638016
/dev/loop75: []: (/var/lib/snapd/snaps/firefox_8191.snap)
/dev/loop17: []: (/ewf1), offset 33619968, sizelimit 855638016
/dev/loop45: []: (/var/lib/snapd/snaps/snapd-desktop-integration_361.snap)
/dev/loop73: []: (/ewf1), offset 33619968, sizelimit 855638016
/dev/loop8: []: (/var/lib/snapd/snaps/gnome-3-38-2004_143.snap)
/dev/loop35: []: (/var/lib/snapd/snaps/snapd-desktop-integration_357.snap)
/dev/loop15: []: (/var/lib/snapd/snaps/core22_2411.snap)
/dev/loop43: []: (/var/lib/snapd/snaps/firefox_8107.snap)
/dev/loop6: []: (/var/lib/snapd/snaps/core24_1499.snap)
/dev/loop23: []: (/ewf1), offset 33619968, sizelimit 855638016
/dev/loop13: []: (/var/lib/snapd/snaps/snap-store_1113.snap)
/dev/loop4: []: (/var/lib/snapd/snaps/core22_2045.snap)
/dev/loop31: []: (/var/lib/snapd/snaps/core24_1587.snap)
/dev/loop21: []: (/var/lib/snapd/snaps/mesa-2404_1165.snap)
/dev/loop11: []: (/var/lib/snapd/snaps/gtk-common-themes_1534.snap)
/dev/loop2: []: (/ewf1), offset 33619968, sizelimit 855638016
/dev/loop58: []: (/var/lib/snapd/snaps/snapd_26865.snap)
/dev/loop0: []: (/var/lib/snapd/snaps/bare_5.snap)
/dev/loop18: []: (/ewf1), offset 33619968, sizelimit 855638016
/dev/loop9: []: (/var/lib/snapd/snaps/core20_2769.snap)
/dev/loop16: []: (/ewf1), offset 33619968, sizelimit 855638016
/dev/loop7: []: (/var/lib/snapd/snaps/gnome-3-38-2004_140.snap)
/dev/loop24: []: (/forensics_ewf/ewf1), offset 33619968, sizelimit 855638016
/dev/loop14: []: (/var/lib/snapd/snaps/snap-store_1216.snap)
/dev/loop5: []: (/var/lib/snapd/snaps/core20_2717.snap)
/dev/loop22: []: (/var/lib/snapd/snaps/gnome-46-2404_153.snap)
/dev/loop12: []: (/var/lib/snapd/snaps/gtk-common-themes_1535.snap)
/dev/loop3: []: (/var/lib/snapd/snaps/gnome-42-2204_247.snap)
/dev/loop20: []: (/var/lib/snapd/snaps/firefox_8054.snap)
/dev/loop10: []: (/var/lib/snapd/snaps/gnome-42-2204_202.snap)
[KERNEL ERRORS]
----------------------------------------------------------

--- CHECKPOINT: 10/05/2026 23:31:51 ---
[DOCKER STATS]
ID: 2d16139af806 | Nome: forensics | CPU: 0.00% | Mem: 10.92MiB / 2GiB
[HOST RAM]
               total        used        free      shared  buff/cache   available
Mem:            62Gi        12Gi       8,7Gi        15Mi        41Gi        49Gi
Swap:           14Gi       5,0Mi        14Gi
[LOOP DEVICES]
/dev/loop1: []: (/var/lib/snapd/snaps/snapd_26382.snap)
/dev/loop19: []: (/ewf1), offset 33619968, sizelimit 855638016
/dev/loop75: []: (/var/lib/snapd/snaps/firefox_8191.snap)
/dev/loop17: []: (/ewf1), offset 33619968, sizelimit 855638016
/dev/loop45: []: (/var/lib/snapd/snaps/snapd-desktop-integration_361.snap)
/dev/loop73: []: (/ewf1), offset 33619968, sizelimit 855638016
/dev/loop8: []: (/var/lib/snapd/snaps/gnome-3-38-2004_143.snap)
/dev/loop35: []: (/var/lib/snapd/snaps/snapd-desktop-integration_357.snap)
/dev/loop15: []: (/var/lib/snapd/snaps/core22_2411.snap)
/dev/loop43: []: (/var/lib/snapd/snaps/firefox_8107.snap)
/dev/loop6: []: (/var/lib/snapd/snaps/core24_1499.snap)
/dev/loop23: []: (/ewf1), offset 33619968, sizelimit 855638016
/dev/loop13: []: (/var/lib/snapd/snaps/snap-store_1113.snap)
/dev/loop4: []: (/var/lib/snapd/snaps/core22_2045.snap)
/dev/loop31: []: (/var/lib/snapd/snaps/core24_1587.snap)
/dev/loop21: []: (/var/lib/snapd/snaps/mesa-2404_1165.snap)
/dev/loop11: []: (/var/lib/snapd/snaps/gtk-common-themes_1534.snap)
/dev/loop2: []: (/ewf1), offset 33619968, sizelimit 855638016
/dev/loop58: []: (/var/lib/snapd/snaps/snapd_26865.snap)
/dev/loop0: []: (/var/lib/snapd/snaps/bare_5.snap)
/dev/loop18: []: (/ewf1), offset 33619968, sizelimit 855638016
/dev/loop9: []: (/var/lib/snapd/snaps/core20_2769.snap)
/dev/loop16: []: (/ewf1), offset 33619968, sizelimit 855638016
/dev/loop7: []: (/var/lib/snapd/snaps/gnome-3-38-2004_140.snap)
/dev/loop24: []: (/forensics_ewf/ewf1), offset 33619968, sizelimit 855638016
/dev/loop14: []: (/var/lib/snapd/snaps/snap-store_1216.snap)
/dev/loop5: []: (/var/lib/snapd/snaps/core20_2717.snap)
/dev/loop22: []: (/var/lib/snapd/snaps/gnome-46-2404_153.snap)
/dev/loop12: []: (/var/lib/snapd/snaps/gtk-common-themes_1535.snap)
/dev/loop3: []: (/var/lib/snapd/snaps/gnome-42-2204_247.snap)
/dev/loop20: []: (/var/lib/snapd/snaps/firefox_8054.snap)
/dev/loop10: []: (/var/lib/snapd/snaps/gnome-42-2204_202.snap)
[KERNEL ERRORS]
----------------------------------------------------------

--- CHECKPOINT: 10/05/2026 23:36:52 ---
[DOCKER STATS]
ID: 2d16139af806 | Nome: forensics | CPU: 0.00% | Mem: 10.92MiB / 2GiB
[HOST RAM]
               total        used        free      shared  buff/cache   available
Mem:            62Gi        12Gi       8,6Gi        15Mi        41Gi        49Gi
Swap:           14Gi       5,0Mi        14Gi
[LOOP DEVICES]
/dev/loop1: []: (/var/lib/snapd/snaps/snapd_26382.snap)
/dev/loop19: []: (/ewf1), offset 33619968, sizelimit 855638016
/dev/loop75: []: (/var/lib/snapd/snaps/firefox_8191.snap)
/dev/loop17: []: (/ewf1), offset 33619968, sizelimit 855638016
/dev/loop45: []: (/var/lib/snapd/snaps/snapd-desktop-integration_361.snap)
/dev/loop73: []: (/ewf1), offset 33619968, sizelimit 855638016
/dev/loop8: []: (/var/lib/snapd/snaps/gnome-3-38-2004_143.snap)
/dev/loop35: []: (/var/lib/snapd/snaps/snapd-desktop-integration_357.snap)
/dev/loop15: []: (/var/lib/snapd/snaps/core22_2411.snap)
/dev/loop43: []: (/var/lib/snapd/snaps/firefox_8107.snap)
/dev/loop6: []: (/var/lib/snapd/snaps/core24_1499.snap)
/dev/loop23: []: (/ewf1), offset 33619968, sizelimit 855638016
/dev/loop13: []: (/var/lib/snapd/snaps/snap-store_1113.snap)
/dev/loop4: []: (/var/lib/snapd/snaps/core22_2045.snap)
/dev/loop31: []: (/var/lib/snapd/snaps/core24_1587.snap)
/dev/loop21: []: (/var/lib/snapd/snaps/mesa-2404_1165.snap)
/dev/loop11: []: (/var/lib/snapd/snaps/gtk-common-themes_1534.snap)
/dev/loop2: []: (/ewf1), offset 33619968, sizelimit 855638016
/dev/loop58: []: (/var/lib/snapd/snaps/snapd_26865.snap)
/dev/loop0: []: (/var/lib/snapd/snaps/bare_5.snap)
/dev/loop18: []: (/ewf1), offset 33619968, sizelimit 855638016
/dev/loop9: []: (/var/lib/snapd/snaps/core20_2769.snap)
/dev/loop16: []: (/ewf1), offset 33619968, sizelimit 855638016
/dev/loop7: []: (/var/lib/snapd/snaps/gnome-3-38-2004_140.snap)
/dev/loop24: []: (/forensics_ewf/ewf1), offset 33619968, sizelimit 855638016
/dev/loop14: []: (/var/lib/snapd/snaps/snap-store_1216.snap)
/dev/loop5: []: (/var/lib/snapd/snaps/core20_2717.snap)
/dev/loop22: []: (/var/lib/snapd/snaps/gnome-46-2404_153.snap)
/dev/loop12: []: (/var/lib/snapd/snaps/gtk-common-themes_1535.snap)
/dev/loop3: []: (/var/lib/snapd/snaps/gnome-42-2204_247.snap)
/dev/loop20: []: (/var/lib/snapd/snaps/firefox_8054.snap)
/dev/loop10: []: (/var/lib/snapd/snaps/gnome-42-2204_202.snap)
[KERNEL ERRORS]
----------------------------------------------------------

--- CHECKPOINT: 10/05/2026 23:41:53 ---
[DOCKER STATS]
ID: 2d16139af806 | Nome: forensics | CPU: 0.00% | Mem: 10.92MiB / 2GiB
[HOST RAM]
               total        used        free      shared  buff/cache   available
Mem:            62Gi        12Gi       8,7Gi        15Mi        41Gi        49Gi
Swap:           14Gi       5,0Mi        14Gi
[LOOP DEVICES]
/dev/loop1: []: (/var/lib/snapd/snaps/snapd_26382.snap)
/dev/loop19: []: (/ewf1), offset 33619968, sizelimit 855638016
/dev/loop75: []: (/var/lib/snapd/snaps/firefox_8191.snap)
/dev/loop17: []: (/ewf1), offset 33619968, sizelimit 855638016
/dev/loop45: []: (/var/lib/snapd/snaps/snapd-desktop-integration_361.snap)
/dev/loop73: []: (/ewf1), offset 33619968, sizelimit 855638016
/dev/loop8: []: (/var/lib/snapd/snaps/gnome-3-38-2004_143.snap)
/dev/loop35: []: (/var/lib/snapd/snaps/snapd-desktop-integration_357.snap)
/dev/loop15: []: (/var/lib/snapd/snaps/core22_2411.snap)
/dev/loop43: []: (/var/lib/snapd/snaps/firefox_8107.snap)
/dev/loop6: []: (/var/lib/snapd/snaps/core24_1499.snap)
/dev/loop23: []: (/ewf1), offset 33619968, sizelimit 855638016
/dev/loop13: []: (/var/lib/snapd/snaps/snap-store_1113.snap)
/dev/loop4: []: (/var/lib/snapd/snaps/core22_2045.snap)
/dev/loop31: []: (/var/lib/snapd/snaps/core24_1587.snap)
/dev/loop21: []: (/var/lib/snapd/snaps/mesa-2404_1165.snap)
/dev/loop11: []: (/var/lib/snapd/snaps/gtk-common-themes_1534.snap)
/dev/loop2: []: (/ewf1), offset 33619968, sizelimit 855638016
/dev/loop58: []: (/var/lib/snapd/snaps/snapd_26865.snap)
/dev/loop0: []: (/var/lib/snapd/snaps/bare_5.snap)
/dev/loop18: []: (/ewf1), offset 33619968, sizelimit 855638016
/dev/loop9: []: (/var/lib/snapd/snaps/core20_2769.snap)
/dev/loop16: []: (/ewf1), offset 33619968, sizelimit 855638016
/dev/loop7: []: (/var/lib/snapd/snaps/gnome-3-38-2004_140.snap)
/dev/loop24: []: (/forensics_ewf/ewf1), offset 33619968, sizelimit 855638016
/dev/loop14: []: (/var/lib/snapd/snaps/snap-store_1216.snap)
/dev/loop5: []: (/var/lib/snapd/snaps/core20_2717.snap)
/dev/loop22: []: (/var/lib/snapd/snaps/gnome-46-2404_153.snap)
/dev/loop12: []: (/var/lib/snapd/snaps/gtk-common-themes_1535.snap)
/dev/loop3: []: (/var/lib/snapd/snaps/gnome-42-2204_247.snap)
/dev/loop20: []: (/var/lib/snapd/snaps/firefox_8054.snap)
/dev/loop10: []: (/var/lib/snapd/snaps/gnome-42-2204_202.snap)
[KERNEL ERRORS]
----------------------------------------------------------

--- CHECKPOINT: 10/05/2026 23:46:55 ---
[DOCKER STATS]
ID: 2d16139af806 | Nome: forensics | CPU: 0.00% | Mem: 10.92MiB / 2GiB
[HOST RAM]
               total        used        free      shared  buff/cache   available
Mem:            62Gi        12Gi       8,6Gi        15Mi        41Gi        49Gi
Swap:           14Gi       5,0Mi        14Gi
[LOOP DEVICES]
/dev/loop1: []: (/var/lib/snapd/snaps/snapd_26382.snap)
/dev/loop19: []: (/ewf1), offset 33619968, sizelimit 855638016
/dev/loop75: []: (/var/lib/snapd/snaps/firefox_8191.snap)
/dev/loop17: []: (/ewf1), offset 33619968, sizelimit 855638016
/dev/loop45: []: (/var/lib/snapd/snaps/snapd-desktop-integration_361.snap)
/dev/loop73: []: (/ewf1), offset 33619968, sizelimit 855638016
/dev/loop8: []: (/var/lib/snapd/snaps/gnome-3-38-2004_143.snap)
/dev/loop35: []: (/var/lib/snapd/snaps/snapd-desktop-integration_357.snap)
/dev/loop15: []: (/var/lib/snapd/snaps/core22_2411.snap)
/dev/loop43: []: (/var/lib/snapd/snaps/firefox_8107.snap)
/dev/loop6: []: (/var/lib/snapd/snaps/core24_1499.snap)
/dev/loop23: []: (/ewf1), offset 33619968, sizelimit 855638016
/dev/loop13: []: (/var/lib/snapd/snaps/snap-store_1113.snap)
/dev/loop4: []: (/var/lib/snapd/snaps/core22_2045.snap)
/dev/loop31: []: (/var/lib/snapd/snaps/core24_1587.snap)
/dev/loop21: []: (/var/lib/snapd/snaps/mesa-2404_1165.snap)
/dev/loop11: []: (/var/lib/snapd/snaps/gtk-common-themes_1534.snap)
/dev/loop2: []: (/ewf1), offset 33619968, sizelimit 855638016
/dev/loop58: []: (/var/lib/snapd/snaps/snapd_26865.snap)
/dev/loop0: []: (/var/lib/snapd/snaps/bare_5.snap)
/dev/loop18: []: (/ewf1), offset 33619968, sizelimit 855638016
/dev/loop9: []: (/var/lib/snapd/snaps/core20_2769.snap)
/dev/loop16: []: (/ewf1), offset 33619968, sizelimit 855638016
/dev/loop7: []: (/var/lib/snapd/snaps/gnome-3-38-2004_140.snap)
/dev/loop24: []: (/forensics_ewf/ewf1), offset 33619968, sizelimit 855638016
/dev/loop14: []: (/var/lib/snapd/snaps/snap-store_1216.snap)
/dev/loop5: []: (/var/lib/snapd/snaps/core20_2717.snap)
/dev/loop22: []: (/var/lib/snapd/snaps/gnome-46-2404_153.snap)
/dev/loop12: []: (/var/lib/snapd/snaps/gtk-common-themes_1535.snap)
/dev/loop3: []: (/var/lib/snapd/snaps/gnome-42-2204_247.snap)
/dev/loop20: []: (/var/lib/snapd/snaps/firefox_8054.snap)
/dev/loop10: []: (/var/lib/snapd/snaps/gnome-42-2204_202.snap)
[KERNEL ERRORS]
----------------------------------------------------------

--- CHECKPOINT: 10/05/2026 23:51:56 ---
[DOCKER STATS]
ID: 2d16139af806 | Nome: forensics | CPU: 0.00% | Mem: 10.92MiB / 2GiB
[HOST RAM]
               total        used        free      shared  buff/cache   available
Mem:            62Gi        12Gi       8,6Gi        15Mi        41Gi        49Gi
Swap:           14Gi       5,0Mi        14Gi
[LOOP DEVICES]
/dev/loop1: []: (/var/lib/snapd/snaps/snapd_26382.snap)
/dev/loop19: []: (/ewf1), offset 33619968, sizelimit 855638016
/dev/loop75: []: (/var/lib/snapd/snaps/firefox_8191.snap)
/dev/loop17: []: (/ewf1), offset 33619968, sizelimit 855638016
/dev/loop45: []: (/var/lib/snapd/snaps/snapd-desktop-integration_361.snap)
/dev/loop73: []: (/ewf1), offset 33619968, sizelimit 855638016
/dev/loop8: []: (/var/lib/snapd/snaps/gnome-3-38-2004_143.snap)
/dev/loop35: []: (/var/lib/snapd/snaps/snapd-desktop-integration_357.snap)
/dev/loop15: []: (/var/lib/snapd/snaps/core22_2411.snap)
/dev/loop43: []: (/var/lib/snapd/snaps/firefox_8107.snap)
/dev/loop6: []: (/var/lib/snapd/snaps/core24_1499.snap)
/dev/loop23: []: (/ewf1), offset 33619968, sizelimit 855638016
/dev/loop13: []: (/var/lib/snapd/snaps/snap-store_1113.snap)
/dev/loop4: []: (/var/lib/snapd/snaps/core22_2045.snap)
/dev/loop31: []: (/var/lib/snapd/snaps/core24_1587.snap)
/dev/loop21: []: (/var/lib/snapd/snaps/mesa-2404_1165.snap)
/dev/loop11: []: (/var/lib/snapd/snaps/gtk-common-themes_1534.snap)
/dev/loop2: []: (/ewf1), offset 33619968, sizelimit 855638016
/dev/loop58: []: (/var/lib/snapd/snaps/snapd_26865.snap)
/dev/loop0: []: (/var/lib/snapd/snaps/bare_5.snap)
/dev/loop18: []: (/ewf1), offset 33619968, sizelimit 855638016
/dev/loop9: []: (/var/lib/snapd/snaps/core20_2769.snap)
/dev/loop16: []: (/ewf1), offset 33619968, sizelimit 855638016
/dev/loop7: []: (/var/lib/snapd/snaps/gnome-3-38-2004_140.snap)
/dev/loop24: []: (/forensics_ewf/ewf1), offset 33619968, sizelimit 855638016
/dev/loop14: []: (/var/lib/snapd/snaps/snap-store_1216.snap)
/dev/loop5: []: (/var/lib/snapd/snaps/core20_2717.snap)
/dev/loop22: []: (/var/lib/snapd/snaps/gnome-46-2404_153.snap)
/dev/loop12: []: (/var/lib/snapd/snaps/gtk-common-themes_1535.snap)
/dev/loop3: []: (/var/lib/snapd/snaps/gnome-42-2204_247.snap)
/dev/loop20: []: (/var/lib/snapd/snaps/firefox_8054.snap)
/dev/loop10: []: (/var/lib/snapd/snaps/gnome-42-2204_202.snap)
[KERNEL ERRORS]
----------------------------------------------------------

--- CHECKPOINT: 10/05/2026 23:56:57 ---
[DOCKER STATS]
ID: 2d16139af806 | Nome: forensics | CPU: 0.00% | Mem: 10.92MiB / 2GiB
[HOST RAM]
               total        used        free      shared  buff/cache   available
Mem:            62Gi        12Gi       8,7Gi        15Mi        41Gi        49Gi
Swap:           14Gi       5,0Mi        14Gi
[LOOP DEVICES]
/dev/loop1: []: (/var/lib/snapd/snaps/snapd_26382.snap)
/dev/loop19: []: (/ewf1), offset 33619968, sizelimit 855638016
/dev/loop75: []: (/var/lib/snapd/snaps/firefox_8191.snap)
/dev/loop17: []: (/ewf1), offset 33619968, sizelimit 855638016
/dev/loop45: []: (/var/lib/snapd/snaps/snapd-desktop-integration_361.snap)
/dev/loop73: []: (/ewf1), offset 33619968, sizelimit 855638016
/dev/loop8: []: (/var/lib/snapd/snaps/gnome-3-38-2004_143.snap)
/dev/loop35: []: (/var/lib/snapd/snaps/snapd-desktop-integration_357.snap)
/dev/loop15: []: (/var/lib/snapd/snaps/core22_2411.snap)
/dev/loop43: []: (/var/lib/snapd/snaps/firefox_8107.snap)
/dev/loop6: []: (/var/lib/snapd/snaps/core24_1499.snap)
/dev/loop23: []: (/ewf1), offset 33619968, sizelimit 855638016
/dev/loop13: []: (/var/lib/snapd/snaps/snap-store_1113.snap)
/dev/loop4: []: (/var/lib/snapd/snaps/core22_2045.snap)
/dev/loop31: []: (/var/lib/snapd/snaps/core24_1587.snap)
/dev/loop21: []: (/var/lib/snapd/snaps/mesa-2404_1165.snap)
/dev/loop11: []: (/var/lib/snapd/snaps/gtk-common-themes_1534.snap)
/dev/loop2: []: (/ewf1), offset 33619968, sizelimit 855638016
/dev/loop58: []: (/var/lib/snapd/snaps/snapd_26865.snap)
/dev/loop0: []: (/var/lib/snapd/snaps/bare_5.snap)
/dev/loop18: []: (/ewf1), offset 33619968, sizelimit 855638016
/dev/loop9: []: (/var/lib/snapd/snaps/core20_2769.snap)
/dev/loop16: []: (/ewf1), offset 33619968, sizelimit 855638016
/dev/loop7: []: (/var/lib/snapd/snaps/gnome-3-38-2004_140.snap)
/dev/loop24: []: (/forensics_ewf/ewf1), offset 33619968, sizelimit 855638016
/dev/loop14: []: (/var/lib/snapd/snaps/snap-store_1216.snap)
/dev/loop5: []: (/var/lib/snapd/snaps/core20_2717.snap)
/dev/loop22: []: (/var/lib/snapd/snaps/gnome-46-2404_153.snap)
/dev/loop12: []: (/var/lib/snapd/snaps/gtk-common-themes_1535.snap)
/dev/loop3: []: (/var/lib/snapd/snaps/gnome-42-2204_247.snap)
/dev/loop20: []: (/var/lib/snapd/snaps/firefox_8054.snap)
/dev/loop10: []: (/var/lib/snapd/snaps/gnome-42-2204_202.snap)
[KERNEL ERRORS]
----------------------------------------------------------

--- CHECKPOINT: 11/05/2026 00:01:58 ---
[DOCKER STATS]
ID: 2d16139af806 | Nome: forensics | CPU: 0.00% | Mem: 10.92MiB / 2GiB
[HOST RAM]
               total        used        free      shared  buff/cache   available
Mem:            62Gi        12Gi       8,7Gi        15Mi        41Gi        49Gi
Swap:           14Gi       5,0Mi        14Gi
[LOOP DEVICES]
/dev/loop1: []: (/var/lib/snapd/snaps/snapd_26382.snap)
/dev/loop19: []: (/ewf1), offset 33619968, sizelimit 855638016
/dev/loop75: []: (/var/lib/snapd/snaps/firefox_8191.snap)
/dev/loop17: []: (/ewf1), offset 33619968, sizelimit 855638016
/dev/loop45: []: (/var/lib/snapd/snaps/snapd-desktop-integration_361.snap)
/dev/loop73: []: (/ewf1), offset 33619968, sizelimit 855638016
/dev/loop8: []: (/var/lib/snapd/snaps/gnome-3-38-2004_143.snap)
/dev/loop35: []: (/var/lib/snapd/snaps/snapd-desktop-integration_357.snap)
/dev/loop15: []: (/var/lib/snapd/snaps/core22_2411.snap)
/dev/loop43: []: (/var/lib/snapd/snaps/firefox_8107.snap)
/dev/loop6: []: (/var/lib/snapd/snaps/core24_1499.snap)
/dev/loop23: []: (/ewf1), offset 33619968, sizelimit 855638016
/dev/loop13: []: (/var/lib/snapd/snaps/snap-store_1113.snap)
/dev/loop4: []: (/var/lib/snapd/snaps/core22_2045.snap)
/dev/loop31: []: (/var/lib/snapd/snaps/core24_1587.snap)
/dev/loop21: []: (/var/lib/snapd/snaps/mesa-2404_1165.snap)
/dev/loop11: []: (/var/lib/snapd/snaps/gtk-common-themes_1534.snap)
/dev/loop2: []: (/ewf1), offset 33619968, sizelimit 855638016
/dev/loop58: []: (/var/lib/snapd/snaps/snapd_26865.snap)
/dev/loop0: []: (/var/lib/snapd/snaps/bare_5.snap)
/dev/loop18: []: (/ewf1), offset 33619968, sizelimit 855638016
/dev/loop9: []: (/var/lib/snapd/snaps/core20_2769.snap)
/dev/loop16: []: (/ewf1), offset 33619968, sizelimit 855638016
/dev/loop7: []: (/var/lib/snapd/snaps/gnome-3-38-2004_140.snap)
/dev/loop24: []: (/forensics_ewf/ewf1), offset 33619968, sizelimit 855638016
/dev/loop14: []: (/var/lib/snapd/snaps/snap-store_1216.snap)
/dev/loop5: []: (/var/lib/snapd/snaps/core20_2717.snap)
/dev/loop22: []: (/var/lib/snapd/snaps/gnome-46-2404_153.snap)
/dev/loop12: []: (/var/lib/snapd/snaps/gtk-common-themes_1535.snap)
/dev/loop3: []: (/var/lib/snapd/snaps/gnome-42-2204_247.snap)
/dev/loop20: []: (/var/lib/snapd/snaps/firefox_8054.snap)
/dev/loop10: []: (/var/lib/snapd/snaps/gnome-42-2204_202.snap)
[KERNEL ERRORS]
----------------------------------------------------------

--- CHECKPOINT: 11/05/2026 00:06:59 ---
[DOCKER STATS]
ID: 2d16139af806 | Nome: forensics | CPU: 0.00% | Mem: 10.92MiB / 2GiB
[HOST RAM]
               total        used        free      shared  buff/cache   available
Mem:            62Gi        12Gi       8,7Gi        15Mi        41Gi        49Gi
Swap:           14Gi       5,0Mi        14Gi
[LOOP DEVICES]
/dev/loop1: []: (/var/lib/snapd/snaps/snapd_26382.snap)
/dev/loop19: []: (/ewf1), offset 33619968, sizelimit 855638016
/dev/loop75: []: (/var/lib/snapd/snaps/firefox_8191.snap)
/dev/loop17: []: (/ewf1), offset 33619968, sizelimit 855638016
/dev/loop45: []: (/var/lib/snapd/snaps/snapd-desktop-integration_361.snap)
/dev/loop73: []: (/ewf1), offset 33619968, sizelimit 855638016
/dev/loop8: []: (/var/lib/snapd/snaps/gnome-3-38-2004_143.snap)
/dev/loop35: []: (/var/lib/snapd/snaps/snapd-desktop-integration_357.snap)
/dev/loop15: []: (/var/lib/snapd/snaps/core22_2411.snap)
/dev/loop43: []: (/var/lib/snapd/snaps/firefox_8107.snap)
/dev/loop6: []: (/var/lib/snapd/snaps/core24_1499.snap)
/dev/loop23: []: (/ewf1), offset 33619968, sizelimit 855638016
/dev/loop13: []: (/var/lib/snapd/snaps/snap-store_1113.snap)
/dev/loop4: []: (/var/lib/snapd/snaps/core22_2045.snap)
/dev/loop31: []: (/var/lib/snapd/snaps/core24_1587.snap)
/dev/loop21: []: (/var/lib/snapd/snaps/mesa-2404_1165.snap)
/dev/loop11: []: (/var/lib/snapd/snaps/gtk-common-themes_1534.snap)
/dev/loop2: []: (/ewf1), offset 33619968, sizelimit 855638016
/dev/loop58: []: (/var/lib/snapd/snaps/snapd_26865.snap)
/dev/loop0: []: (/var/lib/snapd/snaps/bare_5.snap)
/dev/loop18: []: (/ewf1), offset 33619968, sizelimit 855638016
/dev/loop9: []: (/var/lib/snapd/snaps/core20_2769.snap)
/dev/loop16: []: (/ewf1), offset 33619968, sizelimit 855638016
/dev/loop7: []: (/var/lib/snapd/snaps/gnome-3-38-2004_140.snap)
/dev/loop24: []: (/forensics_ewf/ewf1), offset 33619968, sizelimit 855638016
/dev/loop14: []: (/var/lib/snapd/snaps/snap-store_1216.snap)
/dev/loop5: []: (/var/lib/snapd/snaps/core20_2717.snap)
/dev/loop22: []: (/var/lib/snapd/snaps/gnome-46-2404_153.snap)
/dev/loop12: []: (/var/lib/snapd/snaps/gtk-common-themes_1535.snap)
/dev/loop3: []: (/var/lib/snapd/snaps/gnome-42-2204_247.snap)
/dev/loop20: []: (/var/lib/snapd/snaps/firefox_8054.snap)
/dev/loop10: []: (/var/lib/snapd/snaps/gnome-42-2204_202.snap)
[KERNEL ERRORS]
----------------------------------------------------------

--- CHECKPOINT: 11/05/2026 00:12:00 ---
[DOCKER STATS]
ID: 2d16139af806 | Nome: forensics | CPU: 0.00% | Mem: 10.92MiB / 2GiB
[HOST RAM]
               total        used        free      shared  buff/cache   available
Mem:            62Gi        12Gi       8,6Gi        15Mi        41Gi        49Gi
Swap:           14Gi       5,0Mi        14Gi
[LOOP DEVICES]
/dev/loop1: []: (/var/lib/snapd/snaps/snapd_26382.snap)
/dev/loop19: []: (/ewf1), offset 33619968, sizelimit 855638016
/dev/loop75: []: (/var/lib/snapd/snaps/firefox_8191.snap)
/dev/loop17: []: (/ewf1), offset 33619968, sizelimit 855638016
/dev/loop45: []: (/var/lib/snapd/snaps/snapd-desktop-integration_361.snap)
/dev/loop73: []: (/ewf1), offset 33619968, sizelimit 855638016
/dev/loop8: []: (/var/lib/snapd/snaps/gnome-3-38-2004_143.snap)
/dev/loop35: []: (/var/lib/snapd/snaps/snapd-desktop-integration_357.snap)
/dev/loop15: []: (/var/lib/snapd/snaps/core22_2411.snap)
/dev/loop43: []: (/var/lib/snapd/snaps/firefox_8107.snap)
/dev/loop6: []: (/var/lib/snapd/snaps/core24_1499.snap)
/dev/loop23: []: (/ewf1), offset 33619968, sizelimit 855638016
/dev/loop13: []: (/var/lib/snapd/snaps/snap-store_1113.snap)
/dev/loop4: []: (/var/lib/snapd/snaps/core22_2045.snap)
/dev/loop31: []: (/var/lib/snapd/snaps/core24_1587.snap)
/dev/loop21: []: (/var/lib/snapd/snaps/mesa-2404_1165.snap)
/dev/loop11: []: (/var/lib/snapd/snaps/gtk-common-themes_1534.snap)
/dev/loop2: []: (/ewf1), offset 33619968, sizelimit 855638016
/dev/loop58: []: (/var/lib/snapd/snaps/snapd_26865.snap)
/dev/loop0: []: (/var/lib/snapd/snaps/bare_5.snap)
/dev/loop18: []: (/ewf1), offset 33619968, sizelimit 855638016
/dev/loop9: []: (/var/lib/snapd/snaps/core20_2769.snap)
/dev/loop16: []: (/ewf1), offset 33619968, sizelimit 855638016
/dev/loop7: []: (/var/lib/snapd/snaps/gnome-3-38-2004_140.snap)
/dev/loop24: []: (/forensics_ewf/ewf1), offset 33619968, sizelimit 855638016
/dev/loop14: []: (/var/lib/snapd/snaps/snap-store_1216.snap)
/dev/loop5: []: (/var/lib/snapd/snaps/core20_2717.snap)
/dev/loop22: []: (/var/lib/snapd/snaps/gnome-46-2404_153.snap)
/dev/loop12: []: (/var/lib/snapd/snaps/gtk-common-themes_1535.snap)
/dev/loop3: []: (/var/lib/snapd/snaps/gnome-42-2204_247.snap)
/dev/loop20: []: (/var/lib/snapd/snaps/firefox_8054.snap)
/dev/loop10: []: (/var/lib/snapd/snaps/gnome-42-2204_202.snap)
[KERNEL ERRORS]
----------------------------------------------------------

--- CHECKPOINT: 11/05/2026 00:17:01 ---
[DOCKER STATS]
ID: 2d16139af806 | Nome: forensics | CPU: 0.00% | Mem: 10.92MiB / 2GiB
[HOST RAM]
               total        used        free      shared  buff/cache   available
Mem:            62Gi        12Gi       8,5Gi        15Mi        41Gi        49Gi
Swap:           14Gi       5,0Mi        14Gi
[LOOP DEVICES]
/dev/loop1: []: (/var/lib/snapd/snaps/snapd_26382.snap)
/dev/loop19: []: (/ewf1), offset 33619968, sizelimit 855638016
/dev/loop75: []: (/var/lib/snapd/snaps/firefox_8191.snap)
/dev/loop17: []: (/ewf1), offset 33619968, sizelimit 855638016
/dev/loop45: []: (/var/lib/snapd/snaps/snapd-desktop-integration_361.snap)
/dev/loop73: []: (/ewf1), offset 33619968, sizelimit 855638016
/dev/loop8: []: (/var/lib/snapd/snaps/gnome-3-38-2004_143.snap)
/dev/loop35: []: (/var/lib/snapd/snaps/snapd-desktop-integration_357.snap)
/dev/loop15: []: (/var/lib/snapd/snaps/core22_2411.snap)
/dev/loop43: []: (/var/lib/snapd/snaps/firefox_8107.snap)
/dev/loop6: []: (/var/lib/snapd/snaps/core24_1499.snap)
/dev/loop23: []: (/ewf1), offset 33619968, sizelimit 855638016
/dev/loop13: []: (/var/lib/snapd/snaps/snap-store_1113.snap)
/dev/loop4: []: (/var/lib/snapd/snaps/core22_2045.snap)
/dev/loop31: []: (/var/lib/snapd/snaps/core24_1587.snap)
/dev/loop21: []: (/var/lib/snapd/snaps/mesa-2404_1165.snap)
/dev/loop11: []: (/var/lib/snapd/snaps/gtk-common-themes_1534.snap)
/dev/loop2: []: (/ewf1), offset 33619968, sizelimit 855638016
/dev/loop58: []: (/var/lib/snapd/snaps/snapd_26865.snap)
/dev/loop0: []: (/var/lib/snapd/snaps/bare_5.snap)
/dev/loop18: []: (/ewf1), offset 33619968, sizelimit 855638016
/dev/loop9: []: (/var/lib/snapd/snaps/core20_2769.snap)
/dev/loop16: []: (/ewf1), offset 33619968, sizelimit 855638016
/dev/loop7: []: (/var/lib/snapd/snaps/gnome-3-38-2004_140.snap)
/dev/loop24: []: (/forensics_ewf/ewf1), offset 33619968, sizelimit 855638016
/dev/loop14: []: (/var/lib/snapd/snaps/snap-store_1216.snap)
/dev/loop5: []: (/var/lib/snapd/snaps/core20_2717.snap)
/dev/loop22: []: (/var/lib/snapd/snaps/gnome-46-2404_153.snap)
/dev/loop12: []: (/var/lib/snapd/snaps/gtk-common-themes_1535.snap)
/dev/loop3: []: (/var/lib/snapd/snaps/gnome-42-2204_247.snap)
/dev/loop20: []: (/var/lib/snapd/snaps/firefox_8054.snap)
/dev/loop10: []: (/var/lib/snapd/snaps/gnome-42-2204_202.snap)
[KERNEL ERRORS]
----------------------------------------------------------

--- CHECKPOINT: 11/05/2026 00:22:02 ---
[DOCKER STATS]
ID: 2d16139af806 | Nome: forensics | CPU: 0.00% | Mem: 11.04MiB / 2GiB
[HOST RAM]
               total        used        free      shared  buff/cache   available
Mem:            62Gi        12Gi       8,5Gi        15Mi        41Gi        49Gi
Swap:           14Gi       5,0Mi        14Gi
[LOOP DEVICES]
/dev/loop1: []: (/var/lib/snapd/snaps/snapd_26382.snap)
/dev/loop19: []: (/ewf1), offset 33619968, sizelimit 855638016
/dev/loop75: []: (/var/lib/snapd/snaps/firefox_8191.snap)
/dev/loop17: []: (/ewf1), offset 33619968, sizelimit 855638016
/dev/loop45: []: (/var/lib/snapd/snaps/snapd-desktop-integration_361.snap)
/dev/loop73: []: (/ewf1), offset 33619968, sizelimit 855638016
/dev/loop8: []: (/var/lib/snapd/snaps/gnome-3-38-2004_143.snap)
/dev/loop35: []: (/var/lib/snapd/snaps/snapd-desktop-integration_357.snap)
/dev/loop15: []: (/var/lib/snapd/snaps/core22_2411.snap)
/dev/loop43: []: (/var/lib/snapd/snaps/firefox_8107.snap)
/dev/loop6: []: (/var/lib/snapd/snaps/core24_1499.snap)
/dev/loop23: []: (/ewf1), offset 33619968, sizelimit 855638016
/dev/loop13: []: (/var/lib/snapd/snaps/snap-store_1113.snap)
/dev/loop4: []: (/var/lib/snapd/snaps/core22_2045.snap)
/dev/loop31: []: (/var/lib/snapd/snaps/core24_1587.snap)
/dev/loop21: []: (/var/lib/snapd/snaps/mesa-2404_1165.snap)
/dev/loop11: []: (/var/lib/snapd/snaps/gtk-common-themes_1534.snap)
/dev/loop2: []: (/ewf1), offset 33619968, sizelimit 855638016
/dev/loop58: []: (/var/lib/snapd/snaps/snapd_26865.snap)
/dev/loop0: []: (/var/lib/snapd/snaps/bare_5.snap)
/dev/loop18: []: (/ewf1), offset 33619968, sizelimit 855638016
/dev/loop9: []: (/var/lib/snapd/snaps/core20_2769.snap)
/dev/loop16: []: (/ewf1), offset 33619968, sizelimit 855638016
/dev/loop7: []: (/var/lib/snapd/snaps/gnome-3-38-2004_140.snap)
/dev/loop24: []: (/forensics_ewf/ewf1), offset 33619968, sizelimit 855638016
/dev/loop14: []: (/var/lib/snapd/snaps/snap-store_1216.snap)
/dev/loop5: []: (/var/lib/snapd/snaps/core20_2717.snap)
/dev/loop22: []: (/var/lib/snapd/snaps/gnome-46-2404_153.snap)
/dev/loop12: []: (/var/lib/snapd/snaps/gtk-common-themes_1535.snap)
/dev/loop3: []: (/var/lib/snapd/snaps/gnome-42-2204_247.snap)
/dev/loop20: []: (/var/lib/snapd/snaps/firefox_8054.snap)
/dev/loop10: []: (/var/lib/snapd/snaps/gnome-42-2204_202.snap)
[KERNEL ERRORS]
----------------------------------------------------------

--- CHECKPOINT: 11/05/2026 00:27:03 ---
[DOCKER STATS]
ID: 2d16139af806 | Nome: forensics | CPU: 0.00% | Mem: 11.07MiB / 2GiB
[HOST RAM]
               total        used        free      shared  buff/cache   available
Mem:            62Gi        12Gi       8,7Gi        15Mi        41Gi        49Gi
Swap:           14Gi       5,0Mi        14Gi
[LOOP DEVICES]
/dev/loop1: []: (/var/lib/snapd/snaps/snapd_26382.snap)
/dev/loop19: []: (/ewf1), offset 33619968, sizelimit 855638016
/dev/loop75: []: (/var/lib/snapd/snaps/firefox_8191.snap)
/dev/loop17: []: (/ewf1), offset 33619968, sizelimit 855638016
/dev/loop45: []: (/var/lib/snapd/snaps/snapd-desktop-integration_361.snap)
/dev/loop73: []: (/ewf1), offset 33619968, sizelimit 855638016
/dev/loop8: []: (/var/lib/snapd/snaps/gnome-3-38-2004_143.snap)
/dev/loop35: []: (/var/lib/snapd/snaps/snapd-desktop-integration_357.snap)
/dev/loop15: []: (/var/lib/snapd/snaps/core22_2411.snap)
/dev/loop43: []: (/var/lib/snapd/snaps/firefox_8107.snap)
/dev/loop6: []: (/var/lib/snapd/snaps/core24_1499.snap)
/dev/loop23: []: (/ewf1), offset 33619968, sizelimit 855638016
/dev/loop13: []: (/var/lib/snapd/snaps/snap-store_1113.snap)
/dev/loop4: []: (/var/lib/snapd/snaps/core22_2045.snap)
/dev/loop31: []: (/var/lib/snapd/snaps/core24_1587.snap)
/dev/loop21: []: (/var/lib/snapd/snaps/mesa-2404_1165.snap)
/dev/loop11: []: (/var/lib/snapd/snaps/gtk-common-themes_1534.snap)
/dev/loop2: []: (/ewf1), offset 33619968, sizelimit 855638016
/dev/loop58: []: (/var/lib/snapd/snaps/snapd_26865.snap)
/dev/loop0: []: (/var/lib/snapd/snaps/bare_5.snap)
/dev/loop18: []: (/ewf1), offset 33619968, sizelimit 855638016
/dev/loop9: []: (/var/lib/snapd/snaps/core20_2769.snap)
/dev/loop16: []: (/ewf1), offset 33619968, sizelimit 855638016
/dev/loop7: []: (/var/lib/snapd/snaps/gnome-3-38-2004_140.snap)
/dev/loop24: []: (/forensics_ewf/ewf1), offset 33619968, sizelimit 855638016
/dev/loop14: []: (/var/lib/snapd/snaps/snap-store_1216.snap)
/dev/loop5: []: (/var/lib/snapd/snaps/core20_2717.snap)
/dev/loop22: []: (/var/lib/snapd/snaps/gnome-46-2404_153.snap)
/dev/loop12: []: (/var/lib/snapd/snaps/gtk-common-themes_1535.snap)
/dev/loop3: []: (/var/lib/snapd/snaps/gnome-42-2204_247.snap)
/dev/loop20: []: (/var/lib/snapd/snaps/firefox_8054.snap)
/dev/loop10: []: (/var/lib/snapd/snaps/gnome-42-2204_202.snap)
[KERNEL ERRORS]
----------------------------------------------------------

--- CHECKPOINT: 11/05/2026 00:32:04 ---
[DOCKER STATS]
ID: 2d16139af806 | Nome: forensics | CPU: 9.12% | Mem: 11.11MiB / 2GiB
[HOST RAM]
               total        used        free      shared  buff/cache   available
Mem:            62Gi        12Gi       8,8Gi        15Mi        41Gi        49Gi
Swap:           14Gi       5,0Mi        14Gi
[LOOP DEVICES]
/dev/loop1: []: (/var/lib/snapd/snaps/snapd_26382.snap)
/dev/loop19: []: (/ewf1), offset 33619968, sizelimit 855638016
/dev/loop75: []: (/var/lib/snapd/snaps/firefox_8191.snap)
/dev/loop17: []: (/ewf1), offset 33619968, sizelimit 855638016
/dev/loop45: []: (/var/lib/snapd/snaps/snapd-desktop-integration_361.snap)
/dev/loop73: []: (/ewf1), offset 33619968, sizelimit 855638016
/dev/loop8: []: (/var/lib/snapd/snaps/gnome-3-38-2004_143.snap)
/dev/loop35: []: (/var/lib/snapd/snaps/snapd-desktop-integration_357.snap)
/dev/loop15: []: (/var/lib/snapd/snaps/core22_2411.snap)
/dev/loop43: []: (/var/lib/snapd/snaps/firefox_8107.snap)
/dev/loop6: []: (/var/lib/snapd/snaps/core24_1499.snap)
/dev/loop23: []: (/ewf1), offset 33619968, sizelimit 855638016
/dev/loop13: []: (/var/lib/snapd/snaps/snap-store_1113.snap)
/dev/loop4: []: (/var/lib/snapd/snaps/core22_2045.snap)
/dev/loop31: []: (/var/lib/snapd/snaps/core24_1587.snap)
/dev/loop21: []: (/var/lib/snapd/snaps/mesa-2404_1165.snap)
/dev/loop11: []: (/var/lib/snapd/snaps/gtk-common-themes_1534.snap)
/dev/loop2: []: (/ewf1), offset 33619968, sizelimit 855638016
/dev/loop58: []: (/var/lib/snapd/snaps/snapd_26865.snap)
/dev/loop0: []: (/var/lib/snapd/snaps/bare_5.snap)
/dev/loop18: []: (/ewf1), offset 33619968, sizelimit 855638016
/dev/loop9: []: (/var/lib/snapd/snaps/core20_2769.snap)
/dev/loop16: []: (/ewf1), offset 33619968, sizelimit 855638016
/dev/loop7: []: (/var/lib/snapd/snaps/gnome-3-38-2004_140.snap)
/dev/loop24: []: (/forensics_ewf/ewf1), offset 33619968, sizelimit 855638016
/dev/loop14: []: (/var/lib/snapd/snaps/snap-store_1216.snap)
/dev/loop5: []: (/var/lib/snapd/snaps/core20_2717.snap)
/dev/loop22: []: (/var/lib/snapd/snaps/gnome-46-2404_153.snap)
/dev/loop12: []: (/var/lib/snapd/snaps/gtk-common-themes_1535.snap)
/dev/loop3: []: (/var/lib/snapd/snaps/gnome-42-2204_247.snap)
/dev/loop20: []: (/var/lib/snapd/snaps/firefox_8054.snap)
/dev/loop10: []: (/var/lib/snapd/snaps/gnome-42-2204_202.snap)
[KERNEL ERRORS]
----------------------------------------------------------

--- CHECKPOINT: 11/05/2026 00:37:05 ---
[DOCKER STATS]
ID: 2d16139af806 | Nome: forensics | CPU: 0.00% | Mem: 11.36MiB / 2GiB
[HOST RAM]
               total        used        free      shared  buff/cache   available
Mem:            62Gi        12Gi       8,7Gi        15Mi        41Gi        49Gi
Swap:           14Gi       5,0Mi        14Gi
[LOOP DEVICES]
/dev/loop1: []: (/var/lib/snapd/snaps/snapd_26382.snap)
/dev/loop19: []: (/ewf1), offset 33619968, sizelimit 855638016
/dev/loop75: []: (/var/lib/snapd/snaps/firefox_8191.snap)
/dev/loop17: []: (/ewf1), offset 33619968, sizelimit 855638016
/dev/loop45: []: (/var/lib/snapd/snaps/snapd-desktop-integration_361.snap)
/dev/loop73: []: (/ewf1), offset 33619968, sizelimit 855638016
/dev/loop8: []: (/var/lib/snapd/snaps/gnome-3-38-2004_143.snap)
/dev/loop35: []: (/var/lib/snapd/snaps/snapd-desktop-integration_357.snap)
/dev/loop15: []: (/var/lib/snapd/snaps/core22_2411.snap)
/dev/loop43: []: (/var/lib/snapd/snaps/firefox_8107.snap)
/dev/loop6: []: (/var/lib/snapd/snaps/core24_1499.snap)
/dev/loop23: []: (/ewf1), offset 33619968, sizelimit 855638016
/dev/loop13: []: (/var/lib/snapd/snaps/snap-store_1113.snap)
/dev/loop4: []: (/var/lib/snapd/snaps/core22_2045.snap)
/dev/loop31: []: (/var/lib/snapd/snaps/core24_1587.snap)
/dev/loop21: []: (/var/lib/snapd/snaps/mesa-2404_1165.snap)
/dev/loop11: []: (/var/lib/snapd/snaps/gtk-common-themes_1534.snap)
/dev/loop2: []: (/ewf1), offset 33619968, sizelimit 855638016
/dev/loop58: []: (/var/lib/snapd/snaps/snapd_26865.snap)
/dev/loop0: []: (/var/lib/snapd/snaps/bare_5.snap)
/dev/loop18: []: (/ewf1), offset 33619968, sizelimit 855638016
/dev/loop9: []: (/var/lib/snapd/snaps/core20_2769.snap)
/dev/loop16: []: (/ewf1), offset 33619968, sizelimit 855638016
/dev/loop7: []: (/var/lib/snapd/snaps/gnome-3-38-2004_140.snap)
/dev/loop24: []: (/forensics_ewf/ewf1), offset 33619968, sizelimit 855638016
/dev/loop14: []: (/var/lib/snapd/snaps/snap-store_1216.snap)
/dev/loop5: []: (/var/lib/snapd/snaps/core20_2717.snap)
/dev/loop22: []: (/var/lib/snapd/snaps/gnome-46-2404_153.snap)
/dev/loop12: []: (/var/lib/snapd/snaps/gtk-common-themes_1535.snap)
/dev/loop3: []: (/var/lib/snapd/snaps/gnome-42-2204_247.snap)
/dev/loop20: []: (/var/lib/snapd/snaps/firefox_8054.snap)
/dev/loop10: []: (/var/lib/snapd/snaps/gnome-42-2204_202.snap)
[KERNEL ERRORS]
----------------------------------------------------------

--- CHECKPOINT: 11/05/2026 00:42:06 ---
[DOCKER STATS]
ID: 2d16139af806 | Nome: forensics | CPU: 0.00% | Mem: 11.36MiB / 2GiB
[HOST RAM]
               total        used        free      shared  buff/cache   available
Mem:            62Gi        12Gi       8,6Gi        15Mi        41Gi        49Gi
Swap:           14Gi       5,0Mi        14Gi
[LOOP DEVICES]
/dev/loop1: []: (/var/lib/snapd/snaps/snapd_26382.snap)
/dev/loop19: []: (/ewf1), offset 33619968, sizelimit 855638016
/dev/loop75: []: (/var/lib/snapd/snaps/firefox_8191.snap)
/dev/loop17: []: (/ewf1), offset 33619968, sizelimit 855638016
/dev/loop45: []: (/var/lib/snapd/snaps/snapd-desktop-integration_361.snap)
/dev/loop73: []: (/ewf1), offset 33619968, sizelimit 855638016
/dev/loop8: []: (/var/lib/snapd/snaps/gnome-3-38-2004_143.snap)
/dev/loop35: []: (/var/lib/snapd/snaps/snapd-desktop-integration_357.snap)
/dev/loop15: []: (/var/lib/snapd/snaps/core22_2411.snap)
/dev/loop43: []: (/var/lib/snapd/snaps/firefox_8107.snap)
/dev/loop6: []: (/var/lib/snapd/snaps/core24_1499.snap)
/dev/loop23: []: (/ewf1), offset 33619968, sizelimit 855638016
/dev/loop13: []: (/var/lib/snapd/snaps/snap-store_1113.snap)
/dev/loop4: []: (/var/lib/snapd/snaps/core22_2045.snap)
/dev/loop31: []: (/var/lib/snapd/snaps/core24_1587.snap)
/dev/loop21: []: (/var/lib/snapd/snaps/mesa-2404_1165.snap)
/dev/loop11: []: (/var/lib/snapd/snaps/gtk-common-themes_1534.snap)
/dev/loop2: []: (/ewf1), offset 33619968, sizelimit 855638016
/dev/loop58: []: (/var/lib/snapd/snaps/snapd_26865.snap)
/dev/loop0: []: (/var/lib/snapd/snaps/bare_5.snap)
/dev/loop18: []: (/ewf1), offset 33619968, sizelimit 855638016
/dev/loop9: []: (/var/lib/snapd/snaps/core20_2769.snap)
/dev/loop16: []: (/ewf1), offset 33619968, sizelimit 855638016
/dev/loop7: []: (/var/lib/snapd/snaps/gnome-3-38-2004_140.snap)
/dev/loop24: []: (/forensics_ewf/ewf1), offset 33619968, sizelimit 855638016
/dev/loop14: []: (/var/lib/snapd/snaps/snap-store_1216.snap)
/dev/loop5: []: (/var/lib/snapd/snaps/core20_2717.snap)
/dev/loop22: []: (/var/lib/snapd/snaps/gnome-46-2404_153.snap)
/dev/loop12: []: (/var/lib/snapd/snaps/gtk-common-themes_1535.snap)
/dev/loop3: []: (/var/lib/snapd/snaps/gnome-42-2204_247.snap)
/dev/loop20: []: (/var/lib/snapd/snaps/firefox_8054.snap)
/dev/loop10: []: (/var/lib/snapd/snaps/gnome-42-2204_202.snap)
[KERNEL ERRORS]
----------------------------------------------------------

--- CHECKPOINT: 11/05/2026 00:47:07 ---
[DOCKER STATS]
ID: 2d16139af806 | Nome: forensics | CPU: 0.00% | Mem: 11.36MiB / 2GiB
[HOST RAM]
               total        used        free      shared  buff/cache   available
Mem:            62Gi        12Gi       8,7Gi        15Mi        41Gi        49Gi
Swap:           14Gi       5,0Mi        14Gi
[LOOP DEVICES]
/dev/loop1: []: (/var/lib/snapd/snaps/snapd_26382.snap)
/dev/loop19: []: (/ewf1), offset 33619968, sizelimit 855638016
/dev/loop75: []: (/var/lib/snapd/snaps/firefox_8191.snap)
/dev/loop17: []: (/ewf1), offset 33619968, sizelimit 855638016
/dev/loop45: []: (/var/lib/snapd/snaps/snapd-desktop-integration_361.snap)
/dev/loop73: []: (/ewf1), offset 33619968, sizelimit 855638016
/dev/loop8: []: (/var/lib/snapd/snaps/gnome-3-38-2004_143.snap)
/dev/loop35: []: (/var/lib/snapd/snaps/snapd-desktop-integration_357.snap)
/dev/loop15: []: (/var/lib/snapd/snaps/core22_2411.snap)
/dev/loop43: []: (/var/lib/snapd/snaps/firefox_8107.snap)
/dev/loop6: []: (/var/lib/snapd/snaps/core24_1499.snap)
/dev/loop23: []: (/ewf1), offset 33619968, sizelimit 855638016
/dev/loop13: []: (/var/lib/snapd/snaps/snap-store_1113.snap)
/dev/loop4: []: (/var/lib/snapd/snaps/core22_2045.snap)
/dev/loop31: []: (/var/lib/snapd/snaps/core24_1587.snap)
/dev/loop21: []: (/var/lib/snapd/snaps/mesa-2404_1165.snap)
/dev/loop11: []: (/var/lib/snapd/snaps/gtk-common-themes_1534.snap)
/dev/loop2: []: (/ewf1), offset 33619968, sizelimit 855638016
/dev/loop58: []: (/var/lib/snapd/snaps/snapd_26865.snap)
/dev/loop0: []: (/var/lib/snapd/snaps/bare_5.snap)
/dev/loop18: []: (/ewf1), offset 33619968, sizelimit 855638016
/dev/loop9: []: (/var/lib/snapd/snaps/core20_2769.snap)
/dev/loop16: []: (/ewf1), offset 33619968, sizelimit 855638016
/dev/loop7: []: (/var/lib/snapd/snaps/gnome-3-38-2004_140.snap)
/dev/loop24: []: (/forensics_ewf/ewf1), offset 33619968, sizelimit 855638016
/dev/loop14: []: (/var/lib/snapd/snaps/snap-store_1216.snap)
/dev/loop5: []: (/var/lib/snapd/snaps/core20_2717.snap)
/dev/loop22: []: (/var/lib/snapd/snaps/gnome-46-2404_153.snap)
/dev/loop12: []: (/var/lib/snapd/snaps/gtk-common-themes_1535.snap)
/dev/loop3: []: (/var/lib/snapd/snaps/gnome-42-2204_247.snap)
/dev/loop20: []: (/var/lib/snapd/snaps/firefox_8054.snap)
/dev/loop10: []: (/var/lib/snapd/snaps/gnome-42-2204_202.snap)
[KERNEL ERRORS]
----------------------------------------------------------

--- CHECKPOINT: 11/05/2026 00:52:08 ---
[DOCKER STATS]
ID: 2d16139af806 | Nome: forensics | CPU: 0.00% | Mem: 11.36MiB / 2GiB
[HOST RAM]
               total        used        free      shared  buff/cache   available
Mem:            62Gi        12Gi       8,8Gi        15Mi        41Gi        49Gi
Swap:           14Gi       5,0Mi        14Gi
[LOOP DEVICES]
/dev/loop1: []: (/var/lib/snapd/snaps/snapd_26382.snap)
/dev/loop19: []: (/ewf1), offset 33619968, sizelimit 855638016
/dev/loop75: []: (/var/lib/snapd/snaps/firefox_8191.snap)
/dev/loop17: []: (/ewf1), offset 33619968, sizelimit 855638016
/dev/loop45: []: (/var/lib/snapd/snaps/snapd-desktop-integration_361.snap)
/dev/loop73: []: (/ewf1), offset 33619968, sizelimit 855638016
/dev/loop8: []: (/var/lib/snapd/snaps/gnome-3-38-2004_143.snap)
/dev/loop35: []: (/var/lib/snapd/snaps/snapd-desktop-integration_357.snap)
/dev/loop15: []: (/var/lib/snapd/snaps/core22_2411.snap)
/dev/loop43: []: (/var/lib/snapd/snaps/firefox_8107.snap)
/dev/loop6: []: (/var/lib/snapd/snaps/core24_1499.snap)
/dev/loop23: []: (/ewf1), offset 33619968, sizelimit 855638016
/dev/loop13: []: (/var/lib/snapd/snaps/snap-store_1113.snap)
/dev/loop4: []: (/var/lib/snapd/snaps/core22_2045.snap)
/dev/loop31: []: (/var/lib/snapd/snaps/core24_1587.snap)
/dev/loop21: []: (/var/lib/snapd/snaps/mesa-2404_1165.snap)
/dev/loop11: []: (/var/lib/snapd/snaps/gtk-common-themes_1534.snap)
/dev/loop2: []: (/ewf1), offset 33619968, sizelimit 855638016
/dev/loop58: []: (/var/lib/snapd/snaps/snapd_26865.snap)
/dev/loop0: []: (/var/lib/snapd/snaps/bare_5.snap)
/dev/loop18: []: (/ewf1), offset 33619968, sizelimit 855638016
/dev/loop9: []: (/var/lib/snapd/snaps/core20_2769.snap)
/dev/loop16: []: (/ewf1), offset 33619968, sizelimit 855638016
/dev/loop7: []: (/var/lib/snapd/snaps/gnome-3-38-2004_140.snap)
/dev/loop24: []: (/forensics_ewf/ewf1), offset 33619968, sizelimit 855638016
/dev/loop14: []: (/var/lib/snapd/snaps/snap-store_1216.snap)
/dev/loop5: []: (/var/lib/snapd/snaps/core20_2717.snap)
/dev/loop22: []: (/var/lib/snapd/snaps/gnome-46-2404_153.snap)
/dev/loop12: []: (/var/lib/snapd/snaps/gtk-common-themes_1535.snap)
/dev/loop3: []: (/var/lib/snapd/snaps/gnome-42-2204_247.snap)
/dev/loop20: []: (/var/lib/snapd/snaps/firefox_8054.snap)
/dev/loop10: []: (/var/lib/snapd/snaps/gnome-42-2204_202.snap)
[KERNEL ERRORS]
----------------------------------------------------------

--- CHECKPOINT: 11/05/2026 00:57:09 ---
[DOCKER STATS]
[HOST RAM]
               total        used        free      shared  buff/cache   available
Mem:            62Gi        12Gi       9,1Gi        15Mi        41Gi        49Gi
Swap:           14Gi       5,0Mi        14Gi
[LOOP DEVICES]
/dev/loop1: []: (/var/lib/snapd/snaps/snapd_26382.snap)
/dev/loop19: []: (/ewf1), offset 33619968, sizelimit 855638016
/dev/loop75: []: (/var/lib/snapd/snaps/firefox_8191.snap)
/dev/loop17: []: (/ewf1), offset 33619968, sizelimit 855638016
/dev/loop45: []: (/var/lib/snapd/snaps/snapd-desktop-integration_361.snap)
/dev/loop73: []: (/ewf1), offset 33619968, sizelimit 855638016
/dev/loop8: []: (/var/lib/snapd/snaps/gnome-3-38-2004_143.snap)
/dev/loop35: []: (/var/lib/snapd/snaps/snapd-desktop-integration_357.snap)
/dev/loop15: []: (/var/lib/snapd/snaps/core22_2411.snap)
/dev/loop43: []: (/var/lib/snapd/snaps/firefox_8107.snap)
/dev/loop6: []: (/var/lib/snapd/snaps/core24_1499.snap)
/dev/loop23: []: (/ewf1), offset 33619968, sizelimit 855638016
/dev/loop13: []: (/var/lib/snapd/snaps/snap-store_1113.snap)
/dev/loop4: []: (/var/lib/snapd/snaps/core22_2045.snap)
/dev/loop31: []: (/var/lib/snapd/snaps/core24_1587.snap)
/dev/loop21: []: (/var/lib/snapd/snaps/mesa-2404_1165.snap)
/dev/loop11: []: (/var/lib/snapd/snaps/gtk-common-themes_1534.snap)
/dev/loop2: []: (/ewf1), offset 33619968, sizelimit 855638016
/dev/loop58: []: (/var/lib/snapd/snaps/snapd_26865.snap)
/dev/loop0: []: (/var/lib/snapd/snaps/bare_5.snap)
/dev/loop18: []: (/ewf1), offset 33619968, sizelimit 855638016
/dev/loop9: []: (/var/lib/snapd/snaps/core20_2769.snap)
/dev/loop16: []: (/ewf1), offset 33619968, sizelimit 855638016
/dev/loop7: []: (/var/lib/snapd/snaps/gnome-3-38-2004_140.snap)
/dev/loop14: []: (/var/lib/snapd/snaps/snap-store_1216.snap)
/dev/loop5: []: (/var/lib/snapd/snaps/core20_2717.snap)
/dev/loop22: []: (/var/lib/snapd/snaps/gnome-46-2404_153.snap)
/dev/loop12: []: (/var/lib/snapd/snaps/gtk-common-themes_1535.snap)
/dev/loop3: []: (/var/lib/snapd/snaps/gnome-42-2204_247.snap)
/dev/loop20: []: (/var/lib/snapd/snaps/firefox_8054.snap)
/dev/loop10: []: (/var/lib/snapd/snaps/gnome-42-2204_202.snap)
[KERNEL ERRORS]
----------------------------------------------------------

--- CHECKPOINT: 11/05/2026 01:02:09 ---
[DOCKER STATS]
[HOST RAM]
               total        used        free      shared  buff/cache   available
Mem:            62Gi       1,4Gi        20Gi       5,0Mi        41Gi        60Gi
Swap:           14Gi       5,0Mi        14Gi
[LOOP DEVICES]
/dev/loop1: []: (/var/lib/snapd/snaps/snapd_26382.snap)
/dev/loop19: []: (/ewf1), offset 33619968, sizelimit 855638016
/dev/loop75: []: (/var/lib/snapd/snaps/firefox_8191.snap)
/dev/loop17: []: (/ewf1), offset 33619968, sizelimit 855638016
/dev/loop45: []: (/var/lib/snapd/snaps/snapd-desktop-integration_361.snap)
/dev/loop73: []: (/ewf1), offset 33619968, sizelimit 855638016
/dev/loop8: []: (/var/lib/snapd/snaps/gnome-3-38-2004_143.snap)
/dev/loop35: []: (/var/lib/snapd/snaps/snapd-desktop-integration_357.snap)
/dev/loop15: []: (/var/lib/snapd/snaps/core22_2411.snap)
/dev/loop43: []: (/var/lib/snapd/snaps/firefox_8107.snap)
/dev/loop6: []: (/var/lib/snapd/snaps/core24_1499.snap)
/dev/loop23: []: (/ewf1), offset 33619968, sizelimit 855638016
/dev/loop13: []: (/var/lib/snapd/snaps/snap-store_1113.snap)
/dev/loop4: []: (/var/lib/snapd/snaps/core22_2045.snap)
/dev/loop31: []: (/var/lib/snapd/snaps/core24_1587.snap)
/dev/loop21: []: (/var/lib/snapd/snaps/mesa-2404_1165.snap)
/dev/loop11: []: (/var/lib/snapd/snaps/gtk-common-themes_1534.snap)
/dev/loop2: []: (/ewf1), offset 33619968, sizelimit 855638016
/dev/loop58: []: (/var/lib/snapd/snaps/snapd_26865.snap)
/dev/loop0: []: (/var/lib/snapd/snaps/bare_5.snap)
/dev/loop18: []: (/ewf1), offset 33619968, sizelimit 855638016
/dev/loop9: []: (/var/lib/snapd/snaps/core20_2769.snap)
/dev/loop16: []: (/ewf1), offset 33619968, sizelimit 855638016
/dev/loop7: []: (/var/lib/snapd/snaps/gnome-3-38-2004_140.snap)
/dev/loop14: []: (/var/lib/snapd/snaps/snap-store_1216.snap)
/dev/loop5: []: (/var/lib/snapd/snaps/core20_2717.snap)
/dev/loop22: []: (/var/lib/snapd/snaps/gnome-46-2404_153.snap)
/dev/loop12: []: (/var/lib/snapd/snaps/gtk-common-themes_1535.snap)
/dev/loop3: []: (/var/lib/snapd/snaps/gnome-42-2204_247.snap)
/dev/loop20: []: (/var/lib/snapd/snaps/firefox_8054.snap)
/dev/loop10: []: (/var/lib/snapd/snaps/gnome-42-2204_202.snap)
[KERNEL ERRORS]
----------------------------------------------------------

--- CHECKPOINT: 11/05/2026 01:07:09 ---
[DOCKER STATS]
[HOST RAM]
               total        used        free      shared  buff/cache   available
Mem:            62Gi       1,3Gi        20Gi       5,0Mi        41Gi        60Gi
Swap:           14Gi       5,0Mi        14Gi
[LOOP DEVICES]
/dev/loop1: []: (/var/lib/snapd/snaps/snapd_26382.snap)
/dev/loop19: []: (/ewf1), offset 33619968, sizelimit 855638016
/dev/loop75: []: (/var/lib/snapd/snaps/firefox_8191.snap)
/dev/loop17: []: (/ewf1), offset 33619968, sizelimit 855638016
/dev/loop45: []: (/var/lib/snapd/snaps/snapd-desktop-integration_361.snap)
/dev/loop73: []: (/ewf1), offset 33619968, sizelimit 855638016
/dev/loop8: []: (/var/lib/snapd/snaps/gnome-3-38-2004_143.snap)
/dev/loop35: []: (/var/lib/snapd/snaps/snapd-desktop-integration_357.snap)
/dev/loop15: []: (/var/lib/snapd/snaps/core22_2411.snap)
/dev/loop43: []: (/var/lib/snapd/snaps/firefox_8107.snap)
/dev/loop6: []: (/var/lib/snapd/snaps/core24_1499.snap)
/dev/loop23: []: (/ewf1), offset 33619968, sizelimit 855638016
/dev/loop13: []: (/var/lib/snapd/snaps/snap-store_1113.snap)
/dev/loop4: []: (/var/lib/snapd/snaps/core22_2045.snap)
/dev/loop31: []: (/var/lib/snapd/snaps/core24_1587.snap)
/dev/loop21: []: (/var/lib/snapd/snaps/mesa-2404_1165.snap)
/dev/loop11: []: (/var/lib/snapd/snaps/gtk-common-themes_1534.snap)
/dev/loop2: []: (/ewf1), offset 33619968, sizelimit 855638016
/dev/loop58: []: (/var/lib/snapd/snaps/snapd_26865.snap)
/dev/loop0: []: (/var/lib/snapd/snaps/bare_5.snap)
/dev/loop18: []: (/ewf1), offset 33619968, sizelimit 855638016
/dev/loop9: []: (/var/lib/snapd/snaps/core20_2769.snap)
/dev/loop16: []: (/ewf1), offset 33619968, sizelimit 855638016
/dev/loop7: []: (/var/lib/snapd/snaps/gnome-3-38-2004_140.snap)
/dev/loop14: []: (/var/lib/snapd/snaps/snap-store_1216.snap)
/dev/loop5: []: (/var/lib/snapd/snaps/core20_2717.snap)
/dev/loop22: []: (/var/lib/snapd/snaps/gnome-46-2404_153.snap)
/dev/loop12: []: (/var/lib/snapd/snaps/gtk-common-themes_1535.snap)
/dev/loop3: []: (/var/lib/snapd/snaps/gnome-42-2204_247.snap)
/dev/loop20: []: (/var/lib/snapd/snaps/firefox_8054.snap)
/dev/loop10: []: (/var/lib/snapd/snaps/gnome-42-2204_202.snap)
[KERNEL ERRORS]
----------------------------------------------------------

--- CHECKPOINT: 11/05/2026 01:12:10 ---
[DOCKER STATS]
[HOST RAM]
               total        used        free      shared  buff/cache   available
Mem:            62Gi       1,3Gi        20Gi       5,0Mi        41Gi        60Gi
Swap:           14Gi       5,0Mi        14Gi
[LOOP DEVICES]
/dev/loop1: []: (/var/lib/snapd/snaps/snapd_26382.snap)
/dev/loop19: []: (/ewf1), offset 33619968, sizelimit 855638016
/dev/loop75: []: (/var/lib/snapd/snaps/firefox_8191.snap)
/dev/loop17: []: (/ewf1), offset 33619968, sizelimit 855638016
/dev/loop45: []: (/var/lib/snapd/snaps/snapd-desktop-integration_361.snap)
/dev/loop73: []: (/ewf1), offset 33619968, sizelimit 855638016
/dev/loop8: []: (/var/lib/snapd/snaps/gnome-3-38-2004_143.snap)
/dev/loop35: []: (/var/lib/snapd/snaps/snapd-desktop-integration_357.snap)
/dev/loop15: []: (/var/lib/snapd/snaps/core22_2411.snap)
/dev/loop43: []: (/var/lib/snapd/snaps/firefox_8107.snap)
/dev/loop6: []: (/var/lib/snapd/snaps/core24_1499.snap)
/dev/loop23: []: (/ewf1), offset 33619968, sizelimit 855638016
/dev/loop13: []: (/var/lib/snapd/snaps/snap-store_1113.snap)
/dev/loop4: []: (/var/lib/snapd/snaps/core22_2045.snap)
/dev/loop31: []: (/var/lib/snapd/snaps/core24_1587.snap)
/dev/loop21: []: (/var/lib/snapd/snaps/mesa-2404_1165.snap)
/dev/loop11: []: (/var/lib/snapd/snaps/gtk-common-themes_1534.snap)
/dev/loop2: []: (/ewf1), offset 33619968, sizelimit 855638016
/dev/loop58: []: (/var/lib/snapd/snaps/snapd_26865.snap)
/dev/loop0: []: (/var/lib/snapd/snaps/bare_5.snap)
/dev/loop18: []: (/ewf1), offset 33619968, sizelimit 855638016
/dev/loop9: []: (/var/lib/snapd/snaps/core20_2769.snap)
/dev/loop16: []: (/ewf1), offset 33619968, sizelimit 855638016
/dev/loop7: []: (/var/lib/snapd/snaps/gnome-3-38-2004_140.snap)
/dev/loop14: []: (/var/lib/snapd/snaps/snap-store_1216.snap)
/dev/loop5: []: (/var/lib/snapd/snaps/core20_2717.snap)
/dev/loop22: []: (/var/lib/snapd/snaps/gnome-46-2404_153.snap)
/dev/loop12: []: (/var/lib/snapd/snaps/gtk-common-themes_1535.snap)
/dev/loop3: []: (/var/lib/snapd/snaps/gnome-42-2204_247.snap)
/dev/loop20: []: (/var/lib/snapd/snaps/firefox_8054.snap)
/dev/loop10: []: (/var/lib/snapd/snaps/gnome-42-2204_202.snap)
[KERNEL ERRORS]
----------------------------------------------------------

--- CHECKPOINT: 11/05/2026 01:17:10 ---
[DOCKER STATS]
[HOST RAM]
               total        used        free      shared  buff/cache   available
Mem:            62Gi       1,3Gi        20Gi       5,0Mi        41Gi        60Gi
Swap:           14Gi       5,0Mi        14Gi
[LOOP DEVICES]
/dev/loop1: []: (/var/lib/snapd/snaps/snapd_26382.snap)
/dev/loop19: []: (/ewf1), offset 33619968, sizelimit 855638016
/dev/loop75: []: (/var/lib/snapd/snaps/firefox_8191.snap)
/dev/loop17: []: (/ewf1), offset 33619968, sizelimit 855638016
/dev/loop45: []: (/var/lib/snapd/snaps/snapd-desktop-integration_361.snap)
/dev/loop73: []: (/ewf1), offset 33619968, sizelimit 855638016
/dev/loop8: []: (/var/lib/snapd/snaps/gnome-3-38-2004_143.snap)
/dev/loop35: []: (/var/lib/snapd/snaps/snapd-desktop-integration_357.snap)
/dev/loop15: []: (/var/lib/snapd/snaps/core22_2411.snap)
/dev/loop43: []: (/var/lib/snapd/snaps/firefox_8107.snap)
/dev/loop6: []: (/var/lib/snapd/snaps/core24_1499.snap)
/dev/loop23: []: (/ewf1), offset 33619968, sizelimit 855638016
/dev/loop13: []: (/var/lib/snapd/snaps/snap-store_1113.snap)
/dev/loop4: []: (/var/lib/snapd/snaps/core22_2045.snap)
/dev/loop31: []: (/var/lib/snapd/snaps/core24_1587.snap)
/dev/loop21: []: (/var/lib/snapd/snaps/mesa-2404_1165.snap)
/dev/loop11: []: (/var/lib/snapd/snaps/gtk-common-themes_1534.snap)
/dev/loop2: []: (/ewf1), offset 33619968, sizelimit 855638016
/dev/loop58: []: (/var/lib/snapd/snaps/snapd_26865.snap)
/dev/loop0: []: (/var/lib/snapd/snaps/bare_5.snap)
/dev/loop18: []: (/ewf1), offset 33619968, sizelimit 855638016
/dev/loop9: []: (/var/lib/snapd/snaps/core20_2769.snap)
/dev/loop16: []: (/ewf1), offset 33619968, sizelimit 855638016
/dev/loop7: []: (/var/lib/snapd/snaps/gnome-3-38-2004_140.snap)
/dev/loop14: []: (/var/lib/snapd/snaps/snap-store_1216.snap)
/dev/loop5: []: (/var/lib/snapd/snaps/core20_2717.snap)
/dev/loop22: []: (/var/lib/snapd/snaps/gnome-46-2404_153.snap)
/dev/loop12: []: (/var/lib/snapd/snaps/gtk-common-themes_1535.snap)
/dev/loop3: []: (/var/lib/snapd/snaps/gnome-42-2204_247.snap)
/dev/loop20: []: (/var/lib/snapd/snaps/firefox_8054.snap)
/dev/loop10: []: (/var/lib/snapd/snaps/gnome-42-2204_202.snap)
[KERNEL ERRORS]
----------------------------------------------------------

--- CHECKPOINT: 11/05/2026 01:22:10 ---
[DOCKER STATS]
[HOST RAM]
               total        used        free      shared  buff/cache   available
Mem:            62Gi       1,3Gi        20Gi       5,0Mi        41Gi        60Gi
Swap:           14Gi       5,0Mi        14Gi
[LOOP DEVICES]
/dev/loop1: []: (/var/lib/snapd/snaps/snapd_26382.snap)
/dev/loop19: []: (/ewf1), offset 33619968, sizelimit 855638016
/dev/loop75: []: (/var/lib/snapd/snaps/firefox_8191.snap)
/dev/loop17: []: (/ewf1), offset 33619968, sizelimit 855638016
/dev/loop45: []: (/var/lib/snapd/snaps/snapd-desktop-integration_361.snap)
/dev/loop73: []: (/ewf1), offset 33619968, sizelimit 855638016
/dev/loop8: []: (/var/lib/snapd/snaps/gnome-3-38-2004_143.snap)
/dev/loop35: []: (/var/lib/snapd/snaps/snapd-desktop-integration_357.snap)
/dev/loop15: []: (/var/lib/snapd/snaps/core22_2411.snap)
/dev/loop43: []: (/var/lib/snapd/snaps/firefox_8107.snap)
/dev/loop6: []: (/var/lib/snapd/snaps/core24_1499.snap)
/dev/loop23: []: (/ewf1), offset 33619968, sizelimit 855638016
/dev/loop13: []: (/var/lib/snapd/snaps/snap-store_1113.snap)
/dev/loop4: []: (/var/lib/snapd/snaps/core22_2045.snap)
/dev/loop31: []: (/var/lib/snapd/snaps/core24_1587.snap)
/dev/loop21: []: (/var/lib/snapd/snaps/mesa-2404_1165.snap)
/dev/loop11: []: (/var/lib/snapd/snaps/gtk-common-themes_1534.snap)
/dev/loop2: []: (/ewf1), offset 33619968, sizelimit 855638016
/dev/loop58: []: (/var/lib/snapd/snaps/snapd_26865.snap)
/dev/loop0: []: (/var/lib/snapd/snaps/bare_5.snap)
/dev/loop18: []: (/ewf1), offset 33619968, sizelimit 855638016
/dev/loop9: []: (/var/lib/snapd/snaps/core20_2769.snap)
/dev/loop16: []: (/ewf1), offset 33619968, sizelimit 855638016
/dev/loop7: []: (/var/lib/snapd/snaps/gnome-3-38-2004_140.snap)
/dev/loop14: []: (/var/lib/snapd/snaps/snap-store_1216.snap)
/dev/loop5: []: (/var/lib/snapd/snaps/core20_2717.snap)
/dev/loop22: []: (/var/lib/snapd/snaps/gnome-46-2404_153.snap)
/dev/loop12: []: (/var/lib/snapd/snaps/gtk-common-themes_1535.snap)
/dev/loop3: []: (/var/lib/snapd/snaps/gnome-42-2204_247.snap)
/dev/loop20: []: (/var/lib/snapd/snaps/firefox_8054.snap)
/dev/loop10: []: (/var/lib/snapd/snaps/gnome-42-2204_202.snap)
[KERNEL ERRORS]
----------------------------------------------------------

--- CHECKPOINT: 11/05/2026 01:27:10 ---
[DOCKER STATS]
[HOST RAM]
               total        used        free      shared  buff/cache   available
Mem:            62Gi       1,3Gi        20Gi       5,0Mi        41Gi        60Gi
Swap:           14Gi       5,0Mi        14Gi
[LOOP DEVICES]
/dev/loop1: []: (/var/lib/snapd/snaps/snapd_26382.snap)
/dev/loop19: []: (/ewf1), offset 33619968, sizelimit 855638016
/dev/loop75: []: (/var/lib/snapd/snaps/firefox_8191.snap)
/dev/loop17: []: (/ewf1), offset 33619968, sizelimit 855638016
/dev/loop45: []: (/var/lib/snapd/snaps/snapd-desktop-integration_361.snap)
/dev/loop73: []: (/ewf1), offset 33619968, sizelimit 855638016
/dev/loop8: []: (/var/lib/snapd/snaps/gnome-3-38-2004_143.snap)
/dev/loop35: []: (/var/lib/snapd/snaps/snapd-desktop-integration_357.snap)
/dev/loop15: []: (/var/lib/snapd/snaps/core22_2411.snap)
/dev/loop43: []: (/var/lib/snapd/snaps/firefox_8107.snap)
/dev/loop6: []: (/var/lib/snapd/snaps/core24_1499.snap)
/dev/loop23: []: (/ewf1), offset 33619968, sizelimit 855638016
/dev/loop13: []: (/var/lib/snapd/snaps/snap-store_1113.snap)
/dev/loop4: []: (/var/lib/snapd/snaps/core22_2045.snap)
/dev/loop31: []: (/var/lib/snapd/snaps/core24_1587.snap)
/dev/loop21: []: (/var/lib/snapd/snaps/mesa-2404_1165.snap)
/dev/loop11: []: (/var/lib/snapd/snaps/gtk-common-themes_1534.snap)
/dev/loop2: []: (/ewf1), offset 33619968, sizelimit 855638016
/dev/loop58: []: (/var/lib/snapd/snaps/snapd_26865.snap)
/dev/loop0: []: (/var/lib/snapd/snaps/bare_5.snap)
/dev/loop18: []: (/ewf1), offset 33619968, sizelimit 855638016
/dev/loop9: []: (/var/lib/snapd/snaps/core20_2769.snap)
/dev/loop16: []: (/ewf1), offset 33619968, sizelimit 855638016
/dev/loop7: []: (/var/lib/snapd/snaps/gnome-3-38-2004_140.snap)
/dev/loop14: []: (/var/lib/snapd/snaps/snap-store_1216.snap)
/dev/loop5: []: (/var/lib/snapd/snaps/core20_2717.snap)
/dev/loop22: []: (/var/lib/snapd/snaps/gnome-46-2404_153.snap)
/dev/loop12: []: (/var/lib/snapd/snaps/gtk-common-themes_1535.snap)
/dev/loop3: []: (/var/lib/snapd/snaps/gnome-42-2204_247.snap)
/dev/loop20: []: (/var/lib/snapd/snaps/firefox_8054.snap)
/dev/loop10: []: (/var/lib/snapd/snaps/gnome-42-2204_202.snap)
[KERNEL ERRORS]
----------------------------------------------------------

--- CHECKPOINT: 11/05/2026 01:32:10 ---
[DOCKER STATS]
[HOST RAM]
               total        used        free      shared  buff/cache   available
Mem:            62Gi       1,3Gi        20Gi       5,0Mi        41Gi        60Gi
Swap:           14Gi       5,0Mi        14Gi
[LOOP DEVICES]
/dev/loop1: []: (/var/lib/snapd/snaps/snapd_26382.snap)
/dev/loop19: []: (/ewf1), offset 33619968, sizelimit 855638016
/dev/loop75: []: (/var/lib/snapd/snaps/firefox_8191.snap)
/dev/loop17: []: (/ewf1), offset 33619968, sizelimit 855638016
/dev/loop45: []: (/var/lib/snapd/snaps/snapd-desktop-integration_361.snap)
/dev/loop73: []: (/ewf1), offset 33619968, sizelimit 855638016
/dev/loop8: []: (/var/lib/snapd/snaps/gnome-3-38-2004_143.snap)
/dev/loop35: []: (/var/lib/snapd/snaps/snapd-desktop-integration_357.snap)
/dev/loop15: []: (/var/lib/snapd/snaps/core22_2411.snap)
/dev/loop43: []: (/var/lib/snapd/snaps/firefox_8107.snap)
/dev/loop6: []: (/var/lib/snapd/snaps/core24_1499.snap)
/dev/loop23: []: (/ewf1), offset 33619968, sizelimit 855638016
/dev/loop13: []: (/var/lib/snapd/snaps/snap-store_1113.snap)
/dev/loop4: []: (/var/lib/snapd/snaps/core22_2045.snap)
/dev/loop31: []: (/var/lib/snapd/snaps/core24_1587.snap)
/dev/loop21: []: (/var/lib/snapd/snaps/mesa-2404_1165.snap)
/dev/loop11: []: (/var/lib/snapd/snaps/gtk-common-themes_1534.snap)
/dev/loop2: []: (/ewf1), offset 33619968, sizelimit 855638016
/dev/loop58: []: (/var/lib/snapd/snaps/snapd_26865.snap)
/dev/loop0: []: (/var/lib/snapd/snaps/bare_5.snap)
/dev/loop18: []: (/ewf1), offset 33619968, sizelimit 855638016
/dev/loop9: []: (/var/lib/snapd/snaps/core20_2769.snap)
/dev/loop16: []: (/ewf1), offset 33619968, sizelimit 855638016
/dev/loop7: []: (/var/lib/snapd/snaps/gnome-3-38-2004_140.snap)
/dev/loop14: []: (/var/lib/snapd/snaps/snap-store_1216.snap)
/dev/loop5: []: (/var/lib/snapd/snaps/core20_2717.snap)
/dev/loop22: []: (/var/lib/snapd/snaps/gnome-46-2404_153.snap)
/dev/loop12: []: (/var/lib/snapd/snaps/gtk-common-themes_1535.snap)
/dev/loop3: []: (/var/lib/snapd/snaps/gnome-42-2204_247.snap)
/dev/loop20: []: (/var/lib/snapd/snaps/firefox_8054.snap)
/dev/loop10: []: (/var/lib/snapd/snaps/gnome-42-2204_202.snap)
[KERNEL ERRORS]
----------------------------------------------------------

--- CHECKPOINT: 11/05/2026 01:37:10 ---
[DOCKER STATS]
[HOST RAM]
               total        used        free      shared  buff/cache   available
Mem:            62Gi       1,3Gi        20Gi       5,0Mi        41Gi        60Gi
Swap:           14Gi       5,0Mi        14Gi
[LOOP DEVICES]
/dev/loop1: []: (/var/lib/snapd/snaps/snapd_26382.snap)
/dev/loop19: []: (/ewf1), offset 33619968, sizelimit 855638016
/dev/loop75: []: (/var/lib/snapd/snaps/firefox_8191.snap)
/dev/loop17: []: (/ewf1), offset 33619968, sizelimit 855638016
/dev/loop45: []: (/var/lib/snapd/snaps/snapd-desktop-integration_361.snap)
/dev/loop73: []: (/ewf1), offset 33619968, sizelimit 855638016
/dev/loop8: []: (/var/lib/snapd/snaps/gnome-3-38-2004_143.snap)
/dev/loop35: []: (/var/lib/snapd/snaps/snapd-desktop-integration_357.snap)
/dev/loop15: []: (/var/lib/snapd/snaps/core22_2411.snap)
/dev/loop43: []: (/var/lib/snapd/snaps/firefox_8107.snap)
/dev/loop6: []: (/var/lib/snapd/snaps/core24_1499.snap)
/dev/loop23: []: (/ewf1), offset 33619968, sizelimit 855638016
/dev/loop13: []: (/var/lib/snapd/snaps/snap-store_1113.snap)
/dev/loop4: []: (/var/lib/snapd/snaps/core22_2045.snap)
/dev/loop31: []: (/var/lib/snapd/snaps/core24_1587.snap)
/dev/loop21: []: (/var/lib/snapd/snaps/mesa-2404_1165.snap)
/dev/loop11: []: (/var/lib/snapd/snaps/gtk-common-themes_1534.snap)
/dev/loop2: []: (/ewf1), offset 33619968, sizelimit 855638016
/dev/loop58: []: (/var/lib/snapd/snaps/snapd_26865.snap)
/dev/loop0: []: (/var/lib/snapd/snaps/bare_5.snap)
/dev/loop18: []: (/ewf1), offset 33619968, sizelimit 855638016
/dev/loop9: []: (/var/lib/snapd/snaps/core20_2769.snap)
/dev/loop16: []: (/ewf1), offset 33619968, sizelimit 855638016
/dev/loop7: []: (/var/lib/snapd/snaps/gnome-3-38-2004_140.snap)
/dev/loop14: []: (/var/lib/snapd/snaps/snap-store_1216.snap)
/dev/loop5: []: (/var/lib/snapd/snaps/core20_2717.snap)
/dev/loop22: []: (/var/lib/snapd/snaps/gnome-46-2404_153.snap)
/dev/loop12: []: (/var/lib/snapd/snaps/gtk-common-themes_1535.snap)
/dev/loop3: []: (/var/lib/snapd/snaps/gnome-42-2204_247.snap)
/dev/loop20: []: (/var/lib/snapd/snaps/firefox_8054.snap)
/dev/loop10: []: (/var/lib/snapd/snaps/gnome-42-2204_202.snap)
[KERNEL ERRORS]
----------------------------------------------------------

--- CHECKPOINT: 11/05/2026 01:42:10 ---
[DOCKER STATS]
[HOST RAM]
               total        used        free      shared  buff/cache   available
Mem:            62Gi       1,3Gi        20Gi       5,0Mi        41Gi        60Gi
Swap:           14Gi       5,0Mi        14Gi
[LOOP DEVICES]
/dev/loop1: []: (/var/lib/snapd/snaps/snapd_26382.snap)
/dev/loop19: []: (/ewf1), offset 33619968, sizelimit 855638016
/dev/loop75: []: (/var/lib/snapd/snaps/firefox_8191.snap)
/dev/loop17: []: (/ewf1), offset 33619968, sizelimit 855638016
/dev/loop45: []: (/var/lib/snapd/snaps/snapd-desktop-integration_361.snap)
/dev/loop73: []: (/ewf1), offset 33619968, sizelimit 855638016
/dev/loop8: []: (/var/lib/snapd/snaps/gnome-3-38-2004_143.snap)
/dev/loop35: []: (/var/lib/snapd/snaps/snapd-desktop-integration_357.snap)
/dev/loop15: []: (/var/lib/snapd/snaps/core22_2411.snap)
/dev/loop43: []: (/var/lib/snapd/snaps/firefox_8107.snap)
/dev/loop6: []: (/var/lib/snapd/snaps/core24_1499.snap)
/dev/loop23: []: (/ewf1), offset 33619968, sizelimit 855638016
/dev/loop13: []: (/var/lib/snapd/snaps/snap-store_1113.snap)
/dev/loop4: []: (/var/lib/snapd/snaps/core22_2045.snap)
/dev/loop31: []: (/var/lib/snapd/snaps/core24_1587.snap)
/dev/loop21: []: (/var/lib/snapd/snaps/mesa-2404_1165.snap)
/dev/loop11: []: (/var/lib/snapd/snaps/gtk-common-themes_1534.snap)
/dev/loop2: []: (/ewf1), offset 33619968, sizelimit 855638016
/dev/loop58: []: (/var/lib/snapd/snaps/snapd_26865.snap)
/dev/loop0: []: (/var/lib/snapd/snaps/bare_5.snap)
/dev/loop18: []: (/ewf1), offset 33619968, sizelimit 855638016
/dev/loop9: []: (/var/lib/snapd/snaps/core20_2769.snap)
/dev/loop16: []: (/ewf1), offset 33619968, sizelimit 855638016
/dev/loop7: []: (/var/lib/snapd/snaps/gnome-3-38-2004_140.snap)
/dev/loop14: []: (/var/lib/snapd/snaps/snap-store_1216.snap)
/dev/loop5: []: (/var/lib/snapd/snaps/core20_2717.snap)
/dev/loop22: []: (/var/lib/snapd/snaps/gnome-46-2404_153.snap)
/dev/loop12: []: (/var/lib/snapd/snaps/gtk-common-themes_1535.snap)
/dev/loop3: []: (/var/lib/snapd/snaps/gnome-42-2204_247.snap)
/dev/loop20: []: (/var/lib/snapd/snaps/firefox_8054.snap)
/dev/loop10: []: (/var/lib/snapd/snaps/gnome-42-2204_202.snap)
[KERNEL ERRORS]
----------------------------------------------------------

--- CHECKPOINT: 11/05/2026 01:47:10 ---
[DOCKER STATS]
[HOST RAM]
               total        used        free      shared  buff/cache   available
Mem:            62Gi       1,3Gi        20Gi       5,0Mi        41Gi        60Gi
Swap:           14Gi       5,0Mi        14Gi
[LOOP DEVICES]
/dev/loop1: []: (/var/lib/snapd/snaps/snapd_26382.snap)
/dev/loop19: []: (/ewf1), offset 33619968, sizelimit 855638016
/dev/loop75: []: (/var/lib/snapd/snaps/firefox_8191.snap)
/dev/loop17: []: (/ewf1), offset 33619968, sizelimit 855638016
/dev/loop45: []: (/var/lib/snapd/snaps/snapd-desktop-integration_361.snap)
/dev/loop73: []: (/ewf1), offset 33619968, sizelimit 855638016
/dev/loop8: []: (/var/lib/snapd/snaps/gnome-3-38-2004_143.snap)
/dev/loop35: []: (/var/lib/snapd/snaps/snapd-desktop-integration_357.snap)
/dev/loop15: []: (/var/lib/snapd/snaps/core22_2411.snap)
/dev/loop43: []: (/var/lib/snapd/snaps/firefox_8107.snap)
/dev/loop6: []: (/var/lib/snapd/snaps/core24_1499.snap)
/dev/loop23: []: (/ewf1), offset 33619968, sizelimit 855638016
/dev/loop13: []: (/var/lib/snapd/snaps/snap-store_1113.snap)
/dev/loop4: []: (/var/lib/snapd/snaps/core22_2045.snap)
/dev/loop31: []: (/var/lib/snapd/snaps/core24_1587.snap)
/dev/loop21: []: (/var/lib/snapd/snaps/mesa-2404_1165.snap)
/dev/loop11: []: (/var/lib/snapd/snaps/gtk-common-themes_1534.snap)
/dev/loop2: []: (/ewf1), offset 33619968, sizelimit 855638016
/dev/loop58: []: (/var/lib/snapd/snaps/snapd_26865.snap)
/dev/loop0: []: (/var/lib/snapd/snaps/bare_5.snap)
/dev/loop18: []: (/ewf1), offset 33619968, sizelimit 855638016
/dev/loop9: []: (/var/lib/snapd/snaps/core20_2769.snap)
/dev/loop16: []: (/ewf1), offset 33619968, sizelimit 855638016
/dev/loop7: []: (/var/lib/snapd/snaps/gnome-3-38-2004_140.snap)
/dev/loop14: []: (/var/lib/snapd/snaps/snap-store_1216.snap)
/dev/loop5: []: (/var/lib/snapd/snaps/core20_2717.snap)
/dev/loop22: []: (/var/lib/snapd/snaps/gnome-46-2404_153.snap)
/dev/loop12: []: (/var/lib/snapd/snaps/gtk-common-themes_1535.snap)
/dev/loop3: []: (/var/lib/snapd/snaps/gnome-42-2204_247.snap)
/dev/loop20: []: (/var/lib/snapd/snaps/firefox_8054.snap)
/dev/loop10: []: (/var/lib/snapd/snaps/gnome-42-2204_202.snap)
[KERNEL ERRORS]
----------------------------------------------------------

--- CHECKPOINT: 11/05/2026 01:52:10 ---
[DOCKER STATS]
[HOST RAM]
               total        used        free      shared  buff/cache   available
Mem:            62Gi       1,3Gi        20Gi       5,0Mi        41Gi        60Gi
Swap:           14Gi       5,0Mi        14Gi
[LOOP DEVICES]
/dev/loop1: []: (/var/lib/snapd/snaps/snapd_26382.snap)
/dev/loop19: []: (/ewf1), offset 33619968, sizelimit 855638016
/dev/loop75: []: (/var/lib/snapd/snaps/firefox_8191.snap)
/dev/loop17: []: (/ewf1), offset 33619968, sizelimit 855638016
/dev/loop45: []: (/var/lib/snapd/snaps/snapd-desktop-integration_361.snap)
/dev/loop73: []: (/ewf1), offset 33619968, sizelimit 855638016
/dev/loop8: []: (/var/lib/snapd/snaps/gnome-3-38-2004_143.snap)
/dev/loop35: []: (/var/lib/snapd/snaps/snapd-desktop-integration_357.snap)
/dev/loop15: []: (/var/lib/snapd/snaps/core22_2411.snap)
/dev/loop43: []: (/var/lib/snapd/snaps/firefox_8107.snap)
/dev/loop6: []: (/var/lib/snapd/snaps/core24_1499.snap)
/dev/loop23: []: (/ewf1), offset 33619968, sizelimit 855638016
/dev/loop13: []: (/var/lib/snapd/snaps/snap-store_1113.snap)
/dev/loop4: []: (/var/lib/snapd/snaps/core22_2045.snap)
/dev/loop31: []: (/var/lib/snapd/snaps/core24_1587.snap)
/dev/loop21: []: (/var/lib/snapd/snaps/mesa-2404_1165.snap)
/dev/loop11: []: (/var/lib/snapd/snaps/gtk-common-themes_1534.snap)
/dev/loop2: []: (/ewf1), offset 33619968, sizelimit 855638016
/dev/loop58: []: (/var/lib/snapd/snaps/snapd_26865.snap)
/dev/loop0: []: (/var/lib/snapd/snaps/bare_5.snap)
/dev/loop18: []: (/ewf1), offset 33619968, sizelimit 855638016
/dev/loop9: []: (/var/lib/snapd/snaps/core20_2769.snap)
/dev/loop16: []: (/ewf1), offset 33619968, sizelimit 855638016
/dev/loop7: []: (/var/lib/snapd/snaps/gnome-3-38-2004_140.snap)
/dev/loop14: []: (/var/lib/snapd/snaps/snap-store_1216.snap)
/dev/loop5: []: (/var/lib/snapd/snaps/core20_2717.snap)
/dev/loop22: []: (/var/lib/snapd/snaps/gnome-46-2404_153.snap)
/dev/loop12: []: (/var/lib/snapd/snaps/gtk-common-themes_1535.snap)
/dev/loop3: []: (/var/lib/snapd/snaps/gnome-42-2204_247.snap)
/dev/loop20: []: (/var/lib/snapd/snaps/firefox_8054.snap)
/dev/loop10: []: (/var/lib/snapd/snaps/gnome-42-2204_202.snap)
[KERNEL ERRORS]
----------------------------------------------------------

--- CHECKPOINT: 11/05/2026 01:57:10 ---
[DOCKER STATS]
[HOST RAM]
               total        used        free      shared  buff/cache   available
Mem:            62Gi       1,3Gi        20Gi       5,0Mi        41Gi        60Gi
Swap:           14Gi       5,0Mi        14Gi
[LOOP DEVICES]
/dev/loop1: []: (/var/lib/snapd/snaps/snapd_26382.snap)
/dev/loop19: []: (/ewf1), offset 33619968, sizelimit 855638016
/dev/loop75: []: (/var/lib/snapd/snaps/firefox_8191.snap)
/dev/loop17: []: (/ewf1), offset 33619968, sizelimit 855638016
/dev/loop45: []: (/var/lib/snapd/snaps/snapd-desktop-integration_361.snap)
/dev/loop73: []: (/ewf1), offset 33619968, sizelimit 855638016
/dev/loop8: []: (/var/lib/snapd/snaps/gnome-3-38-2004_143.snap)
/dev/loop35: []: (/var/lib/snapd/snaps/snapd-desktop-integration_357.snap)
/dev/loop15: []: (/var/lib/snapd/snaps/core22_2411.snap)
/dev/loop43: []: (/var/lib/snapd/snaps/firefox_8107.snap)
/dev/loop6: []: (/var/lib/snapd/snaps/core24_1499.snap)
/dev/loop23: []: (/ewf1), offset 33619968, sizelimit 855638016
/dev/loop13: []: (/var/lib/snapd/snaps/snap-store_1113.snap)
/dev/loop4: []: (/var/lib/snapd/snaps/core22_2045.snap)
/dev/loop31: []: (/var/lib/snapd/snaps/core24_1587.snap)
/dev/loop21: []: (/var/lib/snapd/snaps/mesa-2404_1165.snap)
/dev/loop11: []: (/var/lib/snapd/snaps/gtk-common-themes_1534.snap)
/dev/loop2: []: (/ewf1), offset 33619968, sizelimit 855638016
/dev/loop58: []: (/var/lib/snapd/snaps/snapd_26865.snap)
/dev/loop0: []: (/var/lib/snapd/snaps/bare_5.snap)
/dev/loop18: []: (/ewf1), offset 33619968, sizelimit 855638016
/dev/loop9: []: (/var/lib/snapd/snaps/core20_2769.snap)
/dev/loop16: []: (/ewf1), offset 33619968, sizelimit 855638016
/dev/loop7: []: (/var/lib/snapd/snaps/gnome-3-38-2004_140.snap)
/dev/loop14: []: (/var/lib/snapd/snaps/snap-store_1216.snap)
/dev/loop5: []: (/var/lib/snapd/snaps/core20_2717.snap)
/dev/loop22: []: (/var/lib/snapd/snaps/gnome-46-2404_153.snap)
/dev/loop12: []: (/var/lib/snapd/snaps/gtk-common-themes_1535.snap)
/dev/loop3: []: (/var/lib/snapd/snaps/gnome-42-2204_247.snap)
/dev/loop20: []: (/var/lib/snapd/snaps/firefox_8054.snap)
/dev/loop10: []: (/var/lib/snapd/snaps/gnome-42-2204_202.snap)
[KERNEL ERRORS]
----------------------------------------------------------

--- CHECKPOINT: 11/05/2026 02:02:10 ---
[DOCKER STATS]
[HOST RAM]
               total        used        free      shared  buff/cache   available
Mem:            62Gi       1,3Gi        20Gi       5,0Mi        41Gi        60Gi
Swap:           14Gi       5,0Mi        14Gi
[LOOP DEVICES]
/dev/loop1: []: (/var/lib/snapd/snaps/snapd_26382.snap)
/dev/loop19: []: (/ewf1), offset 33619968, sizelimit 855638016
/dev/loop75: []: (/var/lib/snapd/snaps/firefox_8191.snap)
/dev/loop17: []: (/ewf1), offset 33619968, sizelimit 855638016
/dev/loop45: []: (/var/lib/snapd/snaps/snapd-desktop-integration_361.snap)
/dev/loop73: []: (/ewf1), offset 33619968, sizelimit 855638016
/dev/loop8: []: (/var/lib/snapd/snaps/gnome-3-38-2004_143.snap)
/dev/loop35: []: (/var/lib/snapd/snaps/snapd-desktop-integration_357.snap)
/dev/loop15: []: (/var/lib/snapd/snaps/core22_2411.snap)
/dev/loop43: []: (/var/lib/snapd/snaps/firefox_8107.snap)
/dev/loop6: []: (/var/lib/snapd/snaps/core24_1499.snap)
/dev/loop23: []: (/ewf1), offset 33619968, sizelimit 855638016
/dev/loop13: []: (/var/lib/snapd/snaps/snap-store_1113.snap)
/dev/loop4: []: (/var/lib/snapd/snaps/core22_2045.snap)
/dev/loop31: []: (/var/lib/snapd/snaps/core24_1587.snap)
/dev/loop21: []: (/var/lib/snapd/snaps/mesa-2404_1165.snap)
/dev/loop11: []: (/var/lib/snapd/snaps/gtk-common-themes_1534.snap)
/dev/loop2: []: (/ewf1), offset 33619968, sizelimit 855638016
/dev/loop58: []: (/var/lib/snapd/snaps/snapd_26865.snap)
/dev/loop0: []: (/var/lib/snapd/snaps/bare_5.snap)
/dev/loop18: []: (/ewf1), offset 33619968, sizelimit 855638016
/dev/loop9: []: (/var/lib/snapd/snaps/core20_2769.snap)
/dev/loop16: []: (/ewf1), offset 33619968, sizelimit 855638016
/dev/loop7: []: (/var/lib/snapd/snaps/gnome-3-38-2004_140.snap)
/dev/loop14: []: (/var/lib/snapd/snaps/snap-store_1216.snap)
/dev/loop5: []: (/var/lib/snapd/snaps/core20_2717.snap)
/dev/loop22: []: (/var/lib/snapd/snaps/gnome-46-2404_153.snap)
/dev/loop12: []: (/var/lib/snapd/snaps/gtk-common-themes_1535.snap)
/dev/loop3: []: (/var/lib/snapd/snaps/gnome-42-2204_247.snap)
/dev/loop20: []: (/var/lib/snapd/snaps/firefox_8054.snap)
/dev/loop10: []: (/var/lib/snapd/snaps/gnome-42-2204_202.snap)
[KERNEL ERRORS]
----------------------------------------------------------

--- CHECKPOINT: 11/05/2026 02:07:10 ---
[DOCKER STATS]
[HOST RAM]
               total        used        free      shared  buff/cache   available
Mem:            62Gi       1,3Gi        20Gi       5,0Mi        41Gi        60Gi
Swap:           14Gi       5,0Mi        14Gi
[LOOP DEVICES]
/dev/loop1: []: (/var/lib/snapd/snaps/snapd_26382.snap)
/dev/loop19: []: (/ewf1), offset 33619968, sizelimit 855638016
/dev/loop75: []: (/var/lib/snapd/snaps/firefox_8191.snap)
/dev/loop17: []: (/ewf1), offset 33619968, sizelimit 855638016
/dev/loop45: []: (/var/lib/snapd/snaps/snapd-desktop-integration_361.snap)
/dev/loop73: []: (/ewf1), offset 33619968, sizelimit 855638016
/dev/loop8: []: (/var/lib/snapd/snaps/gnome-3-38-2004_143.snap)
/dev/loop35: []: (/var/lib/snapd/snaps/snapd-desktop-integration_357.snap)
/dev/loop15: []: (/var/lib/snapd/snaps/core22_2411.snap)
/dev/loop43: []: (/var/lib/snapd/snaps/firefox_8107.snap)
/dev/loop6: []: (/var/lib/snapd/snaps/core24_1499.snap)
/dev/loop23: []: (/ewf1), offset 33619968, sizelimit 855638016
/dev/loop13: []: (/var/lib/snapd/snaps/snap-store_1113.snap)
/dev/loop4: []: (/var/lib/snapd/snaps/core22_2045.snap)
/dev/loop31: []: (/var/lib/snapd/snaps/core24_1587.snap)
/dev/loop21: []: (/var/lib/snapd/snaps/mesa-2404_1165.snap)
/dev/loop11: []: (/var/lib/snapd/snaps/gtk-common-themes_1534.snap)
/dev/loop2: []: (/ewf1), offset 33619968, sizelimit 855638016
/dev/loop58: []: (/var/lib/snapd/snaps/snapd_26865.snap)
/dev/loop0: []: (/var/lib/snapd/snaps/bare_5.snap)
/dev/loop18: []: (/ewf1), offset 33619968, sizelimit 855638016
/dev/loop9: []: (/var/lib/snapd/snaps/core20_2769.snap)
/dev/loop16: []: (/ewf1), offset 33619968, sizelimit 855638016
/dev/loop7: []: (/var/lib/snapd/snaps/gnome-3-38-2004_140.snap)
/dev/loop14: []: (/var/lib/snapd/snaps/snap-store_1216.snap)
/dev/loop5: []: (/var/lib/snapd/snaps/core20_2717.snap)
/dev/loop22: []: (/var/lib/snapd/snaps/gnome-46-2404_153.snap)
/dev/loop12: []: (/var/lib/snapd/snaps/gtk-common-themes_1535.snap)
/dev/loop3: []: (/var/lib/snapd/snaps/gnome-42-2204_247.snap)
/dev/loop20: []: (/var/lib/snapd/snaps/firefox_8054.snap)
/dev/loop10: []: (/var/lib/snapd/snaps/gnome-42-2204_202.snap)
[KERNEL ERRORS]
----------------------------------------------------------

--- CHECKPOINT: 11/05/2026 02:12:10 ---
[DOCKER STATS]
[HOST RAM]
               total        used        free      shared  buff/cache   available
Mem:            62Gi       1,3Gi        20Gi       5,0Mi        41Gi        60Gi
Swap:           14Gi       5,0Mi        14Gi
[LOOP DEVICES]
/dev/loop1: []: (/var/lib/snapd/snaps/snapd_26382.snap)
/dev/loop19: []: (/ewf1), offset 33619968, sizelimit 855638016
/dev/loop75: []: (/var/lib/snapd/snaps/firefox_8191.snap)
/dev/loop17: []: (/ewf1), offset 33619968, sizelimit 855638016
/dev/loop45: []: (/var/lib/snapd/snaps/snapd-desktop-integration_361.snap)
/dev/loop73: []: (/ewf1), offset 33619968, sizelimit 855638016
/dev/loop8: []: (/var/lib/snapd/snaps/gnome-3-38-2004_143.snap)
/dev/loop35: []: (/var/lib/snapd/snaps/snapd-desktop-integration_357.snap)
/dev/loop15: []: (/var/lib/snapd/snaps/core22_2411.snap)
/dev/loop43: []: (/var/lib/snapd/snaps/firefox_8107.snap)
/dev/loop6: []: (/var/lib/snapd/snaps/core24_1499.snap)
/dev/loop23: []: (/ewf1), offset 33619968, sizelimit 855638016
/dev/loop13: []: (/var/lib/snapd/snaps/snap-store_1113.snap)
/dev/loop4: []: (/var/lib/snapd/snaps/core22_2045.snap)
/dev/loop31: []: (/var/lib/snapd/snaps/core24_1587.snap)
/dev/loop21: []: (/var/lib/snapd/snaps/mesa-2404_1165.snap)
/dev/loop11: []: (/var/lib/snapd/snaps/gtk-common-themes_1534.snap)
/dev/loop2: []: (/ewf1), offset 33619968, sizelimit 855638016
/dev/loop58: []: (/var/lib/snapd/snaps/snapd_26865.snap)
/dev/loop0: []: (/var/lib/snapd/snaps/bare_5.snap)
/dev/loop18: []: (/ewf1), offset 33619968, sizelimit 855638016
/dev/loop9: []: (/var/lib/snapd/snaps/core20_2769.snap)
/dev/loop16: []: (/ewf1), offset 33619968, sizelimit 855638016
/dev/loop7: []: (/var/lib/snapd/snaps/gnome-3-38-2004_140.snap)
/dev/loop14: []: (/var/lib/snapd/snaps/snap-store_1216.snap)
/dev/loop5: []: (/var/lib/snapd/snaps/core20_2717.snap)
/dev/loop22: []: (/var/lib/snapd/snaps/gnome-46-2404_153.snap)
/dev/loop12: []: (/var/lib/snapd/snaps/gtk-common-themes_1535.snap)
/dev/loop3: []: (/var/lib/snapd/snaps/gnome-42-2204_247.snap)
/dev/loop20: []: (/var/lib/snapd/snaps/firefox_8054.snap)
/dev/loop10: []: (/var/lib/snapd/snaps/gnome-42-2204_202.snap)
[KERNEL ERRORS]
----------------------------------------------------------

--- CHECKPOINT: 11/05/2026 02:17:10 ---
[DOCKER STATS]
[HOST RAM]
               total        used        free      shared  buff/cache   available
Mem:            62Gi       1,3Gi        20Gi       5,0Mi        41Gi        60Gi
Swap:           14Gi       5,0Mi        14Gi
[LOOP DEVICES]
/dev/loop1: []: (/var/lib/snapd/snaps/snapd_26382.snap)
/dev/loop19: []: (/ewf1), offset 33619968, sizelimit 855638016
/dev/loop75: []: (/var/lib/snapd/snaps/firefox_8191.snap)
/dev/loop17: []: (/ewf1), offset 33619968, sizelimit 855638016
/dev/loop45: []: (/var/lib/snapd/snaps/snapd-desktop-integration_361.snap)
/dev/loop73: []: (/ewf1), offset 33619968, sizelimit 855638016
/dev/loop8: []: (/var/lib/snapd/snaps/gnome-3-38-2004_143.snap)
/dev/loop35: []: (/var/lib/snapd/snaps/snapd-desktop-integration_357.snap)
/dev/loop15: []: (/var/lib/snapd/snaps/core22_2411.snap)
/dev/loop43: []: (/var/lib/snapd/snaps/firefox_8107.snap)
/dev/loop6: []: (/var/lib/snapd/snaps/core24_1499.snap)
/dev/loop23: []: (/ewf1), offset 33619968, sizelimit 855638016
/dev/loop13: []: (/var/lib/snapd/snaps/snap-store_1113.snap)
/dev/loop4: []: (/var/lib/snapd/snaps/core22_2045.snap)
/dev/loop31: []: (/var/lib/snapd/snaps/core24_1587.snap)
/dev/loop21: []: (/var/lib/snapd/snaps/mesa-2404_1165.snap)
/dev/loop11: []: (/var/lib/snapd/snaps/gtk-common-themes_1534.snap)
/dev/loop2: []: (/ewf1), offset 33619968, sizelimit 855638016
/dev/loop58: []: (/var/lib/snapd/snaps/snapd_26865.snap)
/dev/loop0: []: (/var/lib/snapd/snaps/bare_5.snap)
/dev/loop18: []: (/ewf1), offset 33619968, sizelimit 855638016
/dev/loop9: []: (/var/lib/snapd/snaps/core20_2769.snap)
/dev/loop16: []: (/ewf1), offset 33619968, sizelimit 855638016
/dev/loop7: []: (/var/lib/snapd/snaps/gnome-3-38-2004_140.snap)
/dev/loop14: []: (/var/lib/snapd/snaps/snap-store_1216.snap)
/dev/loop5: []: (/var/lib/snapd/snaps/core20_2717.snap)
/dev/loop22: []: (/var/lib/snapd/snaps/gnome-46-2404_153.snap)
/dev/loop12: []: (/var/lib/snapd/snaps/gtk-common-themes_1535.snap)
/dev/loop3: []: (/var/lib/snapd/snaps/gnome-42-2204_247.snap)
/dev/loop20: []: (/var/lib/snapd/snaps/firefox_8054.snap)
/dev/loop10: []: (/var/lib/snapd/snaps/gnome-42-2204_202.snap)
[KERNEL ERRORS]
----------------------------------------------------------

--- CHECKPOINT: 11/05/2026 02:22:10 ---
[DOCKER STATS]
[HOST RAM]
               total        used        free      shared  buff/cache   available
Mem:            62Gi       1,3Gi        20Gi       5,0Mi        41Gi        60Gi
Swap:           14Gi       5,0Mi        14Gi
[LOOP DEVICES]
/dev/loop1: []: (/var/lib/snapd/snaps/snapd_26382.snap)
/dev/loop19: []: (/ewf1), offset 33619968, sizelimit 855638016
/dev/loop75: []: (/var/lib/snapd/snaps/firefox_8191.snap)
/dev/loop17: []: (/ewf1), offset 33619968, sizelimit 855638016
/dev/loop45: []: (/var/lib/snapd/snaps/snapd-desktop-integration_361.snap)
/dev/loop73: []: (/ewf1), offset 33619968, sizelimit 855638016
/dev/loop8: []: (/var/lib/snapd/snaps/gnome-3-38-2004_143.snap)
/dev/loop35: []: (/var/lib/snapd/snaps/snapd-desktop-integration_357.snap)
/dev/loop15: []: (/var/lib/snapd/snaps/core22_2411.snap)
/dev/loop43: []: (/var/lib/snapd/snaps/firefox_8107.snap)
/dev/loop6: []: (/var/lib/snapd/snaps/core24_1499.snap)
/dev/loop23: []: (/ewf1), offset 33619968, sizelimit 855638016
/dev/loop13: []: (/var/lib/snapd/snaps/snap-store_1113.snap)
/dev/loop4: []: (/var/lib/snapd/snaps/core22_2045.snap)
/dev/loop31: []: (/var/lib/snapd/snaps/core24_1587.snap)
/dev/loop21: []: (/var/lib/snapd/snaps/mesa-2404_1165.snap)
/dev/loop11: []: (/var/lib/snapd/snaps/gtk-common-themes_1534.snap)
/dev/loop2: []: (/ewf1), offset 33619968, sizelimit 855638016
/dev/loop58: []: (/var/lib/snapd/snaps/snapd_26865.snap)
/dev/loop0: []: (/var/lib/snapd/snaps/bare_5.snap)
/dev/loop18: []: (/ewf1), offset 33619968, sizelimit 855638016
/dev/loop9: []: (/var/lib/snapd/snaps/core20_2769.snap)
/dev/loop16: []: (/ewf1), offset 33619968, sizelimit 855638016
/dev/loop7: []: (/var/lib/snapd/snaps/gnome-3-38-2004_140.snap)
/dev/loop14: []: (/var/lib/snapd/snaps/snap-store_1216.snap)
/dev/loop5: []: (/var/lib/snapd/snaps/core20_2717.snap)
/dev/loop22: []: (/var/lib/snapd/snaps/gnome-46-2404_153.snap)
/dev/loop12: []: (/var/lib/snapd/snaps/gtk-common-themes_1535.snap)
/dev/loop3: []: (/var/lib/snapd/snaps/gnome-42-2204_247.snap)
/dev/loop20: []: (/var/lib/snapd/snaps/firefox_8054.snap)
/dev/loop10: []: (/var/lib/snapd/snaps/gnome-42-2204_202.snap)
[KERNEL ERRORS]
----------------------------------------------------------

--- CHECKPOINT: 11/05/2026 02:27:11 ---
[DOCKER STATS]
[HOST RAM]
               total        used        free      shared  buff/cache   available
Mem:            62Gi       1,3Gi        20Gi       5,0Mi        41Gi        60Gi
Swap:           14Gi       5,0Mi        14Gi
[LOOP DEVICES]
/dev/loop1: []: (/var/lib/snapd/snaps/snapd_26382.snap)
/dev/loop19: []: (/ewf1), offset 33619968, sizelimit 855638016
/dev/loop75: []: (/var/lib/snapd/snaps/firefox_8191.snap)
/dev/loop17: []: (/ewf1), offset 33619968, sizelimit 855638016
/dev/loop45: []: (/var/lib/snapd/snaps/snapd-desktop-integration_361.snap)
/dev/loop73: []: (/ewf1), offset 33619968, sizelimit 855638016
/dev/loop8: []: (/var/lib/snapd/snaps/gnome-3-38-2004_143.snap)
/dev/loop35: []: (/var/lib/snapd/snaps/snapd-desktop-integration_357.snap)
/dev/loop15: []: (/var/lib/snapd/snaps/core22_2411.snap)
/dev/loop43: []: (/var/lib/snapd/snaps/firefox_8107.snap)
/dev/loop6: []: (/var/lib/snapd/snaps/core24_1499.snap)
/dev/loop23: []: (/ewf1), offset 33619968, sizelimit 855638016
/dev/loop13: []: (/var/lib/snapd/snaps/snap-store_1113.snap)
/dev/loop4: []: (/var/lib/snapd/snaps/core22_2045.snap)
/dev/loop31: []: (/var/lib/snapd/snaps/core24_1587.snap)
/dev/loop21: []: (/var/lib/snapd/snaps/mesa-2404_1165.snap)
/dev/loop11: []: (/var/lib/snapd/snaps/gtk-common-themes_1534.snap)
/dev/loop2: []: (/ewf1), offset 33619968, sizelimit 855638016
/dev/loop58: []: (/var/lib/snapd/snaps/snapd_26865.snap)
/dev/loop0: []: (/var/lib/snapd/snaps/bare_5.snap)
/dev/loop18: []: (/ewf1), offset 33619968, sizelimit 855638016
/dev/loop9: []: (/var/lib/snapd/snaps/core20_2769.snap)
/dev/loop16: []: (/ewf1), offset 33619968, sizelimit 855638016
/dev/loop7: []: (/var/lib/snapd/snaps/gnome-3-38-2004_140.snap)
/dev/loop14: []: (/var/lib/snapd/snaps/snap-store_1216.snap)
/dev/loop5: []: (/var/lib/snapd/snaps/core20_2717.snap)
/dev/loop22: []: (/var/lib/snapd/snaps/gnome-46-2404_153.snap)
/dev/loop12: []: (/var/lib/snapd/snaps/gtk-common-themes_1535.snap)
/dev/loop3: []: (/var/lib/snapd/snaps/gnome-42-2204_247.snap)
/dev/loop20: []: (/var/lib/snapd/snaps/firefox_8054.snap)
/dev/loop10: []: (/var/lib/snapd/snaps/gnome-42-2204_202.snap)
[KERNEL ERRORS]
----------------------------------------------------------

--- CHECKPOINT: 11/05/2026 02:32:11 ---
[DOCKER STATS]
[HOST RAM]
               total        used        free      shared  buff/cache   available
Mem:            62Gi       1,3Gi        20Gi       5,0Mi        41Gi        60Gi
Swap:           14Gi       5,0Mi        14Gi
[LOOP DEVICES]
/dev/loop1: []: (/var/lib/snapd/snaps/snapd_26382.snap)
/dev/loop19: []: (/ewf1), offset 33619968, sizelimit 855638016
/dev/loop75: []: (/var/lib/snapd/snaps/firefox_8191.snap)
/dev/loop17: []: (/ewf1), offset 33619968, sizelimit 855638016
/dev/loop45: []: (/var/lib/snapd/snaps/snapd-desktop-integration_361.snap)
/dev/loop73: []: (/ewf1), offset 33619968, sizelimit 855638016
/dev/loop8: []: (/var/lib/snapd/snaps/gnome-3-38-2004_143.snap)
/dev/loop35: []: (/var/lib/snapd/snaps/snapd-desktop-integration_357.snap)
/dev/loop15: []: (/var/lib/snapd/snaps/core22_2411.snap)
/dev/loop43: []: (/var/lib/snapd/snaps/firefox_8107.snap)
/dev/loop6: []: (/var/lib/snapd/snaps/core24_1499.snap)
/dev/loop23: []: (/ewf1), offset 33619968, sizelimit 855638016
/dev/loop13: []: (/var/lib/snapd/snaps/snap-store_1113.snap)
/dev/loop4: []: (/var/lib/snapd/snaps/core22_2045.snap)
/dev/loop31: []: (/var/lib/snapd/snaps/core24_1587.snap)
/dev/loop21: []: (/var/lib/snapd/snaps/mesa-2404_1165.snap)
/dev/loop11: []: (/var/lib/snapd/snaps/gtk-common-themes_1534.snap)
/dev/loop2: []: (/ewf1), offset 33619968, sizelimit 855638016
/dev/loop58: []: (/var/lib/snapd/snaps/snapd_26865.snap)
/dev/loop0: []: (/var/lib/snapd/snaps/bare_5.snap)
/dev/loop18: []: (/ewf1), offset 33619968, sizelimit 855638016
/dev/loop9: []: (/var/lib/snapd/snaps/core20_2769.snap)
/dev/loop16: []: (/ewf1), offset 33619968, sizelimit 855638016
/dev/loop7: []: (/var/lib/snapd/snaps/gnome-3-38-2004_140.snap)
/dev/loop14: []: (/var/lib/snapd/snaps/snap-store_1216.snap)
/dev/loop5: []: (/var/lib/snapd/snaps/core20_2717.snap)
/dev/loop22: []: (/var/lib/snapd/snaps/gnome-46-2404_153.snap)
/dev/loop12: []: (/var/lib/snapd/snaps/gtk-common-themes_1535.snap)
/dev/loop3: []: (/var/lib/snapd/snaps/gnome-42-2204_247.snap)
/dev/loop20: []: (/var/lib/snapd/snaps/firefox_8054.snap)
/dev/loop10: []: (/var/lib/snapd/snaps/gnome-42-2204_202.snap)
[KERNEL ERRORS]
----------------------------------------------------------

--- CHECKPOINT: 11/05/2026 02:37:11 ---
[DOCKER STATS]
[HOST RAM]
               total        used        free      shared  buff/cache   available
Mem:            62Gi       1,3Gi        20Gi       5,0Mi        41Gi        60Gi
Swap:           14Gi       5,0Mi        14Gi
[LOOP DEVICES]
/dev/loop1: []: (/var/lib/snapd/snaps/snapd_26382.snap)
/dev/loop19: []: (/ewf1), offset 33619968, sizelimit 855638016
/dev/loop75: []: (/var/lib/snapd/snaps/firefox_8191.snap)
/dev/loop17: []: (/ewf1), offset 33619968, sizelimit 855638016
/dev/loop45: []: (/var/lib/snapd/snaps/snapd-desktop-integration_361.snap)
/dev/loop73: []: (/ewf1), offset 33619968, sizelimit 855638016
/dev/loop8: []: (/var/lib/snapd/snaps/gnome-3-38-2004_143.snap)
/dev/loop35: []: (/var/lib/snapd/snaps/snapd-desktop-integration_357.snap)
/dev/loop15: []: (/var/lib/snapd/snaps/core22_2411.snap)
/dev/loop43: []: (/var/lib/snapd/snaps/firefox_8107.snap)
/dev/loop6: []: (/var/lib/snapd/snaps/core24_1499.snap)
/dev/loop23: []: (/ewf1), offset 33619968, sizelimit 855638016
/dev/loop13: []: (/var/lib/snapd/snaps/snap-store_1113.snap)
/dev/loop4: []: (/var/lib/snapd/snaps/core22_2045.snap)
/dev/loop31: []: (/var/lib/snapd/snaps/core24_1587.snap)
/dev/loop21: []: (/var/lib/snapd/snaps/mesa-2404_1165.snap)
/dev/loop11: []: (/var/lib/snapd/snaps/gtk-common-themes_1534.snap)
/dev/loop2: []: (/ewf1), offset 33619968, sizelimit 855638016
/dev/loop58: []: (/var/lib/snapd/snaps/snapd_26865.snap)
/dev/loop0: []: (/var/lib/snapd/snaps/bare_5.snap)
/dev/loop18: []: (/ewf1), offset 33619968, sizelimit 855638016
/dev/loop9: []: (/var/lib/snapd/snaps/core20_2769.snap)
/dev/loop16: []: (/ewf1), offset 33619968, sizelimit 855638016
/dev/loop7: []: (/var/lib/snapd/snaps/gnome-3-38-2004_140.snap)
/dev/loop14: []: (/var/lib/snapd/snaps/snap-store_1216.snap)
/dev/loop5: []: (/var/lib/snapd/snaps/core20_2717.snap)
/dev/loop22: []: (/var/lib/snapd/snaps/gnome-46-2404_153.snap)
/dev/loop12: []: (/var/lib/snapd/snaps/gtk-common-themes_1535.snap)
/dev/loop3: []: (/var/lib/snapd/snaps/gnome-42-2204_247.snap)
/dev/loop20: []: (/var/lib/snapd/snaps/firefox_8054.snap)
/dev/loop10: []: (/var/lib/snapd/snaps/gnome-42-2204_202.snap)
[KERNEL ERRORS]
----------------------------------------------------------

--- CHECKPOINT: 11/05/2026 02:42:11 ---
[DOCKER STATS]
[HOST RAM]
               total        used        free      shared  buff/cache   available
Mem:            62Gi       1,3Gi        20Gi       5,0Mi        41Gi        60Gi
Swap:           14Gi       5,0Mi        14Gi
[LOOP DEVICES]
/dev/loop1: []: (/var/lib/snapd/snaps/snapd_26382.snap)
/dev/loop19: []: (/ewf1), offset 33619968, sizelimit 855638016
/dev/loop75: []: (/var/lib/snapd/snaps/firefox_8191.snap)
/dev/loop17: []: (/ewf1), offset 33619968, sizelimit 855638016
/dev/loop45: []: (/var/lib/snapd/snaps/snapd-desktop-integration_361.snap)
/dev/loop73: []: (/ewf1), offset 33619968, sizelimit 855638016
/dev/loop8: []: (/var/lib/snapd/snaps/gnome-3-38-2004_143.snap)
/dev/loop35: []: (/var/lib/snapd/snaps/snapd-desktop-integration_357.snap)
/dev/loop15: []: (/var/lib/snapd/snaps/core22_2411.snap)
/dev/loop43: []: (/var/lib/snapd/snaps/firefox_8107.snap)
/dev/loop6: []: (/var/lib/snapd/snaps/core24_1499.snap)
/dev/loop23: []: (/ewf1), offset 33619968, sizelimit 855638016
/dev/loop13: []: (/var/lib/snapd/snaps/snap-store_1113.snap)
/dev/loop4: []: (/var/lib/snapd/snaps/core22_2045.snap)
/dev/loop31: []: (/var/lib/snapd/snaps/core24_1587.snap)
/dev/loop21: []: (/var/lib/snapd/snaps/mesa-2404_1165.snap)
/dev/loop11: []: (/var/lib/snapd/snaps/gtk-common-themes_1534.snap)
/dev/loop2: []: (/ewf1), offset 33619968, sizelimit 855638016
/dev/loop58: []: (/var/lib/snapd/snaps/snapd_26865.snap)
/dev/loop0: []: (/var/lib/snapd/snaps/bare_5.snap)
/dev/loop18: []: (/ewf1), offset 33619968, sizelimit 855638016
/dev/loop9: []: (/var/lib/snapd/snaps/core20_2769.snap)
/dev/loop16: []: (/ewf1), offset 33619968, sizelimit 855638016
/dev/loop7: []: (/var/lib/snapd/snaps/gnome-3-38-2004_140.snap)
/dev/loop14: []: (/var/lib/snapd/snaps/snap-store_1216.snap)
/dev/loop5: []: (/var/lib/snapd/snaps/core20_2717.snap)
/dev/loop22: []: (/var/lib/snapd/snaps/gnome-46-2404_153.snap)
/dev/loop12: []: (/var/lib/snapd/snaps/gtk-common-themes_1535.snap)
/dev/loop3: []: (/var/lib/snapd/snaps/gnome-42-2204_247.snap)
/dev/loop20: []: (/var/lib/snapd/snaps/firefox_8054.snap)
/dev/loop10: []: (/var/lib/snapd/snaps/gnome-42-2204_202.snap)
[KERNEL ERRORS]
----------------------------------------------------------

--- CHECKPOINT: 11/05/2026 02:47:11 ---
[DOCKER STATS]
[HOST RAM]
               total        used        free      shared  buff/cache   available
Mem:            62Gi       1,3Gi        20Gi       5,0Mi        41Gi        60Gi
Swap:           14Gi       5,0Mi        14Gi
[LOOP DEVICES]
/dev/loop1: []: (/var/lib/snapd/snaps/snapd_26382.snap)
/dev/loop19: []: (/ewf1), offset 33619968, sizelimit 855638016
/dev/loop75: []: (/var/lib/snapd/snaps/firefox_8191.snap)
/dev/loop17: []: (/ewf1), offset 33619968, sizelimit 855638016
/dev/loop45: []: (/var/lib/snapd/snaps/snapd-desktop-integration_361.snap)
/dev/loop73: []: (/ewf1), offset 33619968, sizelimit 855638016
/dev/loop8: []: (/var/lib/snapd/snaps/gnome-3-38-2004_143.snap)
/dev/loop35: []: (/var/lib/snapd/snaps/snapd-desktop-integration_357.snap)
/dev/loop15: []: (/var/lib/snapd/snaps/core22_2411.snap)
/dev/loop43: []: (/var/lib/snapd/snaps/firefox_8107.snap)
/dev/loop6: []: (/var/lib/snapd/snaps/core24_1499.snap)
/dev/loop23: []: (/ewf1), offset 33619968, sizelimit 855638016
/dev/loop13: []: (/var/lib/snapd/snaps/snap-store_1113.snap)
/dev/loop4: []: (/var/lib/snapd/snaps/core22_2045.snap)
/dev/loop31: []: (/var/lib/snapd/snaps/core24_1587.snap)
/dev/loop21: []: (/var/lib/snapd/snaps/mesa-2404_1165.snap)
/dev/loop11: []: (/var/lib/snapd/snaps/gtk-common-themes_1534.snap)
/dev/loop2: []: (/ewf1), offset 33619968, sizelimit 855638016
/dev/loop58: []: (/var/lib/snapd/snaps/snapd_26865.snap)
/dev/loop0: []: (/var/lib/snapd/snaps/bare_5.snap)
/dev/loop18: []: (/ewf1), offset 33619968, sizelimit 855638016
/dev/loop9: []: (/var/lib/snapd/snaps/core20_2769.snap)
/dev/loop16: []: (/ewf1), offset 33619968, sizelimit 855638016
/dev/loop7: []: (/var/lib/snapd/snaps/gnome-3-38-2004_140.snap)
/dev/loop14: []: (/var/lib/snapd/snaps/snap-store_1216.snap)
/dev/loop5: []: (/var/lib/snapd/snaps/core20_2717.snap)
/dev/loop22: []: (/var/lib/snapd/snaps/gnome-46-2404_153.snap)
/dev/loop12: []: (/var/lib/snapd/snaps/gtk-common-themes_1535.snap)
/dev/loop3: []: (/var/lib/snapd/snaps/gnome-42-2204_247.snap)
/dev/loop20: []: (/var/lib/snapd/snaps/firefox_8054.snap)
/dev/loop10: []: (/var/lib/snapd/snaps/gnome-42-2204_202.snap)
[KERNEL ERRORS]
----------------------------------------------------------

--- CHECKPOINT: 11/05/2026 02:52:11 ---
[DOCKER STATS]
[HOST RAM]
               total        used        free      shared  buff/cache   available
Mem:            62Gi       1,3Gi        20Gi       5,0Mi        41Gi        60Gi
Swap:           14Gi       5,0Mi        14Gi
[LOOP DEVICES]
/dev/loop1: []: (/var/lib/snapd/snaps/snapd_26382.snap)
/dev/loop19: []: (/ewf1), offset 33619968, sizelimit 855638016
/dev/loop75: []: (/var/lib/snapd/snaps/firefox_8191.snap)
/dev/loop17: []: (/ewf1), offset 33619968, sizelimit 855638016
/dev/loop45: []: (/var/lib/snapd/snaps/snapd-desktop-integration_361.snap)
/dev/loop73: []: (/ewf1), offset 33619968, sizelimit 855638016
/dev/loop8: []: (/var/lib/snapd/snaps/gnome-3-38-2004_143.snap)
/dev/loop35: []: (/var/lib/snapd/snaps/snapd-desktop-integration_357.snap)
/dev/loop15: []: (/var/lib/snapd/snaps/core22_2411.snap)
/dev/loop43: []: (/var/lib/snapd/snaps/firefox_8107.snap)
/dev/loop6: []: (/var/lib/snapd/snaps/core24_1499.snap)
/dev/loop23: []: (/ewf1), offset 33619968, sizelimit 855638016
/dev/loop13: []: (/var/lib/snapd/snaps/snap-store_1113.snap)
/dev/loop4: []: (/var/lib/snapd/snaps/core22_2045.snap)
/dev/loop31: []: (/var/lib/snapd/snaps/core24_1587.snap)
/dev/loop21: []: (/var/lib/snapd/snaps/mesa-2404_1165.snap)
/dev/loop11: []: (/var/lib/snapd/snaps/gtk-common-themes_1534.snap)
/dev/loop2: []: (/ewf1), offset 33619968, sizelimit 855638016
/dev/loop58: []: (/var/lib/snapd/snaps/snapd_26865.snap)
/dev/loop0: []: (/var/lib/snapd/snaps/bare_5.snap)
/dev/loop18: []: (/ewf1), offset 33619968, sizelimit 855638016
/dev/loop9: []: (/var/lib/snapd/snaps/core20_2769.snap)
/dev/loop16: []: (/ewf1), offset 33619968, sizelimit 855638016
/dev/loop7: []: (/var/lib/snapd/snaps/gnome-3-38-2004_140.snap)
/dev/loop14: []: (/var/lib/snapd/snaps/snap-store_1216.snap)
/dev/loop5: []: (/var/lib/snapd/snaps/core20_2717.snap)
/dev/loop22: []: (/var/lib/snapd/snaps/gnome-46-2404_153.snap)
/dev/loop12: []: (/var/lib/snapd/snaps/gtk-common-themes_1535.snap)
/dev/loop3: []: (/var/lib/snapd/snaps/gnome-42-2204_247.snap)
/dev/loop20: []: (/var/lib/snapd/snaps/firefox_8054.snap)
/dev/loop10: []: (/var/lib/snapd/snaps/gnome-42-2204_202.snap)
[KERNEL ERRORS]
----------------------------------------------------------

--- CHECKPOINT: 11/05/2026 02:57:11 ---
[DOCKER STATS]
[HOST RAM]
               total        used        free      shared  buff/cache   available
Mem:            62Gi       1,3Gi        20Gi       5,0Mi        41Gi        60Gi
Swap:           14Gi       5,0Mi        14Gi
[LOOP DEVICES]
/dev/loop1: []: (/var/lib/snapd/snaps/snapd_26382.snap)
/dev/loop19: []: (/ewf1), offset 33619968, sizelimit 855638016
/dev/loop75: []: (/var/lib/snapd/snaps/firefox_8191.snap)
/dev/loop17: []: (/ewf1), offset 33619968, sizelimit 855638016
/dev/loop45: []: (/var/lib/snapd/snaps/snapd-desktop-integration_361.snap)
/dev/loop73: []: (/ewf1), offset 33619968, sizelimit 855638016
/dev/loop8: []: (/var/lib/snapd/snaps/gnome-3-38-2004_143.snap)
/dev/loop35: []: (/var/lib/snapd/snaps/snapd-desktop-integration_357.snap)
/dev/loop15: []: (/var/lib/snapd/snaps/core22_2411.snap)
/dev/loop43: []: (/var/lib/snapd/snaps/firefox_8107.snap)
/dev/loop6: []: (/var/lib/snapd/snaps/core24_1499.snap)
/dev/loop23: []: (/ewf1), offset 33619968, sizelimit 855638016
/dev/loop13: []: (/var/lib/snapd/snaps/snap-store_1113.snap)
/dev/loop4: []: (/var/lib/snapd/snaps/core22_2045.snap)
/dev/loop31: []: (/var/lib/snapd/snaps/core24_1587.snap)
/dev/loop21: []: (/var/lib/snapd/snaps/mesa-2404_1165.snap)
/dev/loop11: []: (/var/lib/snapd/snaps/gtk-common-themes_1534.snap)
/dev/loop2: []: (/ewf1), offset 33619968, sizelimit 855638016
/dev/loop58: []: (/var/lib/snapd/snaps/snapd_26865.snap)
/dev/loop0: []: (/var/lib/snapd/snaps/bare_5.snap)
/dev/loop18: []: (/ewf1), offset 33619968, sizelimit 855638016
/dev/loop9: []: (/var/lib/snapd/snaps/core20_2769.snap)
/dev/loop16: []: (/ewf1), offset 33619968, sizelimit 855638016
/dev/loop7: []: (/var/lib/snapd/snaps/gnome-3-38-2004_140.snap)
/dev/loop14: []: (/var/lib/snapd/snaps/snap-store_1216.snap)
/dev/loop5: []: (/var/lib/snapd/snaps/core20_2717.snap)
/dev/loop22: []: (/var/lib/snapd/snaps/gnome-46-2404_153.snap)
/dev/loop12: []: (/var/lib/snapd/snaps/gtk-common-themes_1535.snap)
/dev/loop3: []: (/var/lib/snapd/snaps/gnome-42-2204_247.snap)
/dev/loop20: []: (/var/lib/snapd/snaps/firefox_8054.snap)
/dev/loop10: []: (/var/lib/snapd/snaps/gnome-42-2204_202.snap)
[KERNEL ERRORS]
----------------------------------------------------------

--- CHECKPOINT: 11/05/2026 03:02:11 ---
[DOCKER STATS]
[HOST RAM]
               total        used        free      shared  buff/cache   available
Mem:            62Gi       1,3Gi        20Gi       5,0Mi        41Gi        60Gi
Swap:           14Gi       5,0Mi        14Gi
[LOOP DEVICES]
/dev/loop1: []: (/var/lib/snapd/snaps/snapd_26382.snap)
/dev/loop19: []: (/ewf1), offset 33619968, sizelimit 855638016
/dev/loop75: []: (/var/lib/snapd/snaps/firefox_8191.snap)
/dev/loop17: []: (/ewf1), offset 33619968, sizelimit 855638016
/dev/loop45: []: (/var/lib/snapd/snaps/snapd-desktop-integration_361.snap)
/dev/loop73: []: (/ewf1), offset 33619968, sizelimit 855638016
/dev/loop8: []: (/var/lib/snapd/snaps/gnome-3-38-2004_143.snap)
/dev/loop35: []: (/var/lib/snapd/snaps/snapd-desktop-integration_357.snap)
/dev/loop15: []: (/var/lib/snapd/snaps/core22_2411.snap)
/dev/loop43: []: (/var/lib/snapd/snaps/firefox_8107.snap)
/dev/loop6: []: (/var/lib/snapd/snaps/core24_1499.snap)
/dev/loop23: []: (/ewf1), offset 33619968, sizelimit 855638016
/dev/loop13: []: (/var/lib/snapd/snaps/snap-store_1113.snap)
/dev/loop4: []: (/var/lib/snapd/snaps/core22_2045.snap)
/dev/loop31: []: (/var/lib/snapd/snaps/core24_1587.snap)
/dev/loop21: []: (/var/lib/snapd/snaps/mesa-2404_1165.snap)
/dev/loop11: []: (/var/lib/snapd/snaps/gtk-common-themes_1534.snap)
/dev/loop2: []: (/ewf1), offset 33619968, sizelimit 855638016
/dev/loop58: []: (/var/lib/snapd/snaps/snapd_26865.snap)
/dev/loop0: []: (/var/lib/snapd/snaps/bare_5.snap)
/dev/loop18: []: (/ewf1), offset 33619968, sizelimit 855638016
/dev/loop9: []: (/var/lib/snapd/snaps/core20_2769.snap)
/dev/loop16: []: (/ewf1), offset 33619968, sizelimit 855638016
/dev/loop7: []: (/var/lib/snapd/snaps/gnome-3-38-2004_140.snap)
/dev/loop14: []: (/var/lib/snapd/snaps/snap-store_1216.snap)
/dev/loop5: []: (/var/lib/snapd/snaps/core20_2717.snap)
/dev/loop22: []: (/var/lib/snapd/snaps/gnome-46-2404_153.snap)
/dev/loop12: []: (/var/lib/snapd/snaps/gtk-common-themes_1535.snap)
/dev/loop3: []: (/var/lib/snapd/snaps/gnome-42-2204_247.snap)
/dev/loop20: []: (/var/lib/snapd/snaps/firefox_8054.snap)
/dev/loop10: []: (/var/lib/snapd/snaps/gnome-42-2204_202.snap)
[KERNEL ERRORS]
----------------------------------------------------------

--- CHECKPOINT: 11/05/2026 03:07:11 ---
[DOCKER STATS]
[HOST RAM]
               total        used        free      shared  buff/cache   available
Mem:            62Gi       1,3Gi        20Gi       5,0Mi        41Gi        60Gi
Swap:           14Gi       5,0Mi        14Gi
[LOOP DEVICES]
/dev/loop1: []: (/var/lib/snapd/snaps/snapd_26382.snap)
/dev/loop19: []: (/ewf1), offset 33619968, sizelimit 855638016
/dev/loop75: []: (/var/lib/snapd/snaps/firefox_8191.snap)
/dev/loop17: []: (/ewf1), offset 33619968, sizelimit 855638016
/dev/loop45: []: (/var/lib/snapd/snaps/snapd-desktop-integration_361.snap)
/dev/loop73: []: (/ewf1), offset 33619968, sizelimit 855638016
/dev/loop8: []: (/var/lib/snapd/snaps/gnome-3-38-2004_143.snap)
/dev/loop35: []: (/var/lib/snapd/snaps/snapd-desktop-integration_357.snap)
/dev/loop15: []: (/var/lib/snapd/snaps/core22_2411.snap)
/dev/loop43: []: (/var/lib/snapd/snaps/firefox_8107.snap)
/dev/loop6: []: (/var/lib/snapd/snaps/core24_1499.snap)
/dev/loop23: []: (/ewf1), offset 33619968, sizelimit 855638016
/dev/loop13: []: (/var/lib/snapd/snaps/snap-store_1113.snap)
/dev/loop4: []: (/var/lib/snapd/snaps/core22_2045.snap)
/dev/loop31: []: (/var/lib/snapd/snaps/core24_1587.snap)
/dev/loop21: []: (/var/lib/snapd/snaps/mesa-2404_1165.snap)
/dev/loop11: []: (/var/lib/snapd/snaps/gtk-common-themes_1534.snap)
/dev/loop2: []: (/ewf1), offset 33619968, sizelimit 855638016
/dev/loop58: []: (/var/lib/snapd/snaps/snapd_26865.snap)
/dev/loop0: []: (/var/lib/snapd/snaps/bare_5.snap)
/dev/loop18: []: (/ewf1), offset 33619968, sizelimit 855638016
/dev/loop9: []: (/var/lib/snapd/snaps/core20_2769.snap)
/dev/loop16: []: (/ewf1), offset 33619968, sizelimit 855638016
/dev/loop7: []: (/var/lib/snapd/snaps/gnome-3-38-2004_140.snap)
/dev/loop14: []: (/var/lib/snapd/snaps/snap-store_1216.snap)
/dev/loop5: []: (/var/lib/snapd/snaps/core20_2717.snap)
/dev/loop22: []: (/var/lib/snapd/snaps/gnome-46-2404_153.snap)
/dev/loop12: []: (/var/lib/snapd/snaps/gtk-common-themes_1535.snap)
/dev/loop3: []: (/var/lib/snapd/snaps/gnome-42-2204_247.snap)
/dev/loop20: []: (/var/lib/snapd/snaps/firefox_8054.snap)
/dev/loop10: []: (/var/lib/snapd/snaps/gnome-42-2204_202.snap)
[KERNEL ERRORS]
----------------------------------------------------------

--- CHECKPOINT: 11/05/2026 03:12:11 ---
[DOCKER STATS]
[HOST RAM]
               total        used        free      shared  buff/cache   available
Mem:            62Gi       1,3Gi        20Gi       5,0Mi        41Gi        60Gi
Swap:           14Gi       5,0Mi        14Gi
[LOOP DEVICES]
/dev/loop1: []: (/var/lib/snapd/snaps/snapd_26382.snap)
/dev/loop19: []: (/ewf1), offset 33619968, sizelimit 855638016
/dev/loop75: []: (/var/lib/snapd/snaps/firefox_8191.snap)
/dev/loop17: []: (/ewf1), offset 33619968, sizelimit 855638016
/dev/loop45: []: (/var/lib/snapd/snaps/snapd-desktop-integration_361.snap)
/dev/loop73: []: (/ewf1), offset 33619968, sizelimit 855638016
/dev/loop8: []: (/var/lib/snapd/snaps/gnome-3-38-2004_143.snap)
/dev/loop35: []: (/var/lib/snapd/snaps/snapd-desktop-integration_357.snap)
/dev/loop15: []: (/var/lib/snapd/snaps/core22_2411.snap)
/dev/loop43: []: (/var/lib/snapd/snaps/firefox_8107.snap)
/dev/loop6: []: (/var/lib/snapd/snaps/core24_1499.snap)
/dev/loop23: []: (/ewf1), offset 33619968, sizelimit 855638016
/dev/loop13: []: (/var/lib/snapd/snaps/snap-store_1113.snap)
/dev/loop4: []: (/var/lib/snapd/snaps/core22_2045.snap)
/dev/loop31: []: (/var/lib/snapd/snaps/core24_1587.snap)
/dev/loop21: []: (/var/lib/snapd/snaps/mesa-2404_1165.snap)
/dev/loop11: []: (/var/lib/snapd/snaps/gtk-common-themes_1534.snap)
/dev/loop2: []: (/ewf1), offset 33619968, sizelimit 855638016
/dev/loop58: []: (/var/lib/snapd/snaps/snapd_26865.snap)
/dev/loop0: []: (/var/lib/snapd/snaps/bare_5.snap)
/dev/loop18: []: (/ewf1), offset 33619968, sizelimit 855638016
/dev/loop9: []: (/var/lib/snapd/snaps/core20_2769.snap)
/dev/loop16: []: (/ewf1), offset 33619968, sizelimit 855638016
/dev/loop7: []: (/var/lib/snapd/snaps/gnome-3-38-2004_140.snap)
/dev/loop14: []: (/var/lib/snapd/snaps/snap-store_1216.snap)
/dev/loop5: []: (/var/lib/snapd/snaps/core20_2717.snap)
/dev/loop22: []: (/var/lib/snapd/snaps/gnome-46-2404_153.snap)
/dev/loop12: []: (/var/lib/snapd/snaps/gtk-common-themes_1535.snap)
/dev/loop3: []: (/var/lib/snapd/snaps/gnome-42-2204_247.snap)
/dev/loop20: []: (/var/lib/snapd/snaps/firefox_8054.snap)
/dev/loop10: []: (/var/lib/snapd/snaps/gnome-42-2204_202.snap)
[KERNEL ERRORS]
----------------------------------------------------------

--- CHECKPOINT: 11/05/2026 03:17:11 ---
[DOCKER STATS]
[HOST RAM]
               total        used        free      shared  buff/cache   available
Mem:            62Gi       1,3Gi        20Gi       5,0Mi        41Gi        60Gi
Swap:           14Gi       5,0Mi        14Gi
[LOOP DEVICES]
/dev/loop1: []: (/var/lib/snapd/snaps/snapd_26382.snap)
/dev/loop19: []: (/ewf1), offset 33619968, sizelimit 855638016
/dev/loop75: []: (/var/lib/snapd/snaps/firefox_8191.snap)
/dev/loop17: []: (/ewf1), offset 33619968, sizelimit 855638016
/dev/loop45: []: (/var/lib/snapd/snaps/snapd-desktop-integration_361.snap)
/dev/loop73: []: (/ewf1), offset 33619968, sizelimit 855638016
/dev/loop8: []: (/var/lib/snapd/snaps/gnome-3-38-2004_143.snap)
/dev/loop35: []: (/var/lib/snapd/snaps/snapd-desktop-integration_357.snap)
/dev/loop15: []: (/var/lib/snapd/snaps/core22_2411.snap)
/dev/loop43: []: (/var/lib/snapd/snaps/firefox_8107.snap)
/dev/loop6: []: (/var/lib/snapd/snaps/core24_1499.snap)
/dev/loop23: []: (/ewf1), offset 33619968, sizelimit 855638016
/dev/loop13: []: (/var/lib/snapd/snaps/snap-store_1113.snap)
/dev/loop4: []: (/var/lib/snapd/snaps/core22_2045.snap)
/dev/loop31: []: (/var/lib/snapd/snaps/core24_1587.snap)
/dev/loop21: []: (/var/lib/snapd/snaps/mesa-2404_1165.snap)
/dev/loop11: []: (/var/lib/snapd/snaps/gtk-common-themes_1534.snap)
/dev/loop2: []: (/ewf1), offset 33619968, sizelimit 855638016
/dev/loop58: []: (/var/lib/snapd/snaps/snapd_26865.snap)
/dev/loop0: []: (/var/lib/snapd/snaps/bare_5.snap)
/dev/loop18: []: (/ewf1), offset 33619968, sizelimit 855638016
/dev/loop9: []: (/var/lib/snapd/snaps/core20_2769.snap)
/dev/loop16: []: (/ewf1), offset 33619968, sizelimit 855638016
/dev/loop7: []: (/var/lib/snapd/snaps/gnome-3-38-2004_140.snap)
/dev/loop14: []: (/var/lib/snapd/snaps/snap-store_1216.snap)
/dev/loop5: []: (/var/lib/snapd/snaps/core20_2717.snap)
/dev/loop22: []: (/var/lib/snapd/snaps/gnome-46-2404_153.snap)
/dev/loop12: []: (/var/lib/snapd/snaps/gtk-common-themes_1535.snap)
/dev/loop3: []: (/var/lib/snapd/snaps/gnome-42-2204_247.snap)
/dev/loop20: []: (/var/lib/snapd/snaps/firefox_8054.snap)
/dev/loop10: []: (/var/lib/snapd/snaps/gnome-42-2204_202.snap)
[KERNEL ERRORS]
----------------------------------------------------------

--- CHECKPOINT: 11/05/2026 03:22:11 ---
[DOCKER STATS]
[HOST RAM]
               total        used        free      shared  buff/cache   available
Mem:            62Gi       1,3Gi        20Gi       5,0Mi        41Gi        60Gi
Swap:           14Gi       5,0Mi        14Gi
[LOOP DEVICES]
/dev/loop1: []: (/var/lib/snapd/snaps/snapd_26382.snap)
/dev/loop19: []: (/ewf1), offset 33619968, sizelimit 855638016
/dev/loop75: []: (/var/lib/snapd/snaps/firefox_8191.snap)
/dev/loop17: []: (/ewf1), offset 33619968, sizelimit 855638016
/dev/loop45: []: (/var/lib/snapd/snaps/snapd-desktop-integration_361.snap)
/dev/loop73: []: (/ewf1), offset 33619968, sizelimit 855638016
/dev/loop8: []: (/var/lib/snapd/snaps/gnome-3-38-2004_143.snap)
/dev/loop35: []: (/var/lib/snapd/snaps/snapd-desktop-integration_357.snap)
/dev/loop15: []: (/var/lib/snapd/snaps/core22_2411.snap)
/dev/loop43: []: (/var/lib/snapd/snaps/firefox_8107.snap)
/dev/loop6: []: (/var/lib/snapd/snaps/core24_1499.snap)
/dev/loop23: []: (/ewf1), offset 33619968, sizelimit 855638016
/dev/loop13: []: (/var/lib/snapd/snaps/snap-store_1113.snap)
/dev/loop4: []: (/var/lib/snapd/snaps/core22_2045.snap)
/dev/loop31: []: (/var/lib/snapd/snaps/core24_1587.snap)
/dev/loop21: []: (/var/lib/snapd/snaps/mesa-2404_1165.snap)
/dev/loop11: []: (/var/lib/snapd/snaps/gtk-common-themes_1534.snap)
/dev/loop2: []: (/ewf1), offset 33619968, sizelimit 855638016
/dev/loop58: []: (/var/lib/snapd/snaps/snapd_26865.snap)
/dev/loop0: []: (/var/lib/snapd/snaps/bare_5.snap)
/dev/loop18: []: (/ewf1), offset 33619968, sizelimit 855638016
/dev/loop9: []: (/var/lib/snapd/snaps/core20_2769.snap)
/dev/loop16: []: (/ewf1), offset 33619968, sizelimit 855638016
/dev/loop7: []: (/var/lib/snapd/snaps/gnome-3-38-2004_140.snap)
/dev/loop14: []: (/var/lib/snapd/snaps/snap-store_1216.snap)
/dev/loop5: []: (/var/lib/snapd/snaps/core20_2717.snap)
/dev/loop22: []: (/var/lib/snapd/snaps/gnome-46-2404_153.snap)
/dev/loop12: []: (/var/lib/snapd/snaps/gtk-common-themes_1535.snap)
/dev/loop3: []: (/var/lib/snapd/snaps/gnome-42-2204_247.snap)
/dev/loop20: []: (/var/lib/snapd/snaps/firefox_8054.snap)
/dev/loop10: []: (/var/lib/snapd/snaps/gnome-42-2204_202.snap)
[KERNEL ERRORS]
----------------------------------------------------------

--- CHECKPOINT: 11/05/2026 03:27:11 ---
[DOCKER STATS]
[HOST RAM]
               total        used        free      shared  buff/cache   available
Mem:            62Gi       1,3Gi        20Gi       5,0Mi        41Gi        60Gi
Swap:           14Gi       5,0Mi        14Gi
[LOOP DEVICES]
/dev/loop1: []: (/var/lib/snapd/snaps/snapd_26382.snap)
/dev/loop19: []: (/ewf1), offset 33619968, sizelimit 855638016
/dev/loop75: []: (/var/lib/snapd/snaps/firefox_8191.snap)
/dev/loop17: []: (/ewf1), offset 33619968, sizelimit 855638016
/dev/loop45: []: (/var/lib/snapd/snaps/snapd-desktop-integration_361.snap)
/dev/loop73: []: (/ewf1), offset 33619968, sizelimit 855638016
/dev/loop8: []: (/var/lib/snapd/snaps/gnome-3-38-2004_143.snap)
/dev/loop35: []: (/var/lib/snapd/snaps/snapd-desktop-integration_357.snap)
/dev/loop15: []: (/var/lib/snapd/snaps/core22_2411.snap)
/dev/loop43: []: (/var/lib/snapd/snaps/firefox_8107.snap)
/dev/loop6: []: (/var/lib/snapd/snaps/core24_1499.snap)
/dev/loop23: []: (/ewf1), offset 33619968, sizelimit 855638016
/dev/loop13: []: (/var/lib/snapd/snaps/snap-store_1113.snap)
/dev/loop4: []: (/var/lib/snapd/snaps/core22_2045.snap)
/dev/loop31: []: (/var/lib/snapd/snaps/core24_1587.snap)
/dev/loop21: []: (/var/lib/snapd/snaps/mesa-2404_1165.snap)
/dev/loop11: []: (/var/lib/snapd/snaps/gtk-common-themes_1534.snap)
/dev/loop2: []: (/ewf1), offset 33619968, sizelimit 855638016
/dev/loop58: []: (/var/lib/snapd/snaps/snapd_26865.snap)
/dev/loop0: []: (/var/lib/snapd/snaps/bare_5.snap)
/dev/loop18: []: (/ewf1), offset 33619968, sizelimit 855638016
/dev/loop9: []: (/var/lib/snapd/snaps/core20_2769.snap)
/dev/loop16: []: (/ewf1), offset 33619968, sizelimit 855638016
/dev/loop7: []: (/var/lib/snapd/snaps/gnome-3-38-2004_140.snap)
/dev/loop14: []: (/var/lib/snapd/snaps/snap-store_1216.snap)
/dev/loop5: []: (/var/lib/snapd/snaps/core20_2717.snap)
/dev/loop22: []: (/var/lib/snapd/snaps/gnome-46-2404_153.snap)
/dev/loop12: []: (/var/lib/snapd/snaps/gtk-common-themes_1535.snap)
/dev/loop3: []: (/var/lib/snapd/snaps/gnome-42-2204_247.snap)
/dev/loop20: []: (/var/lib/snapd/snaps/firefox_8054.snap)
/dev/loop10: []: (/var/lib/snapd/snaps/gnome-42-2204_202.snap)
[KERNEL ERRORS]
----------------------------------------------------------

--- CHECKPOINT: 11/05/2026 03:32:11 ---
[DOCKER STATS]
[HOST RAM]
               total        used        free      shared  buff/cache   available
Mem:            62Gi       1,3Gi        20Gi       5,0Mi        41Gi        60Gi
Swap:           14Gi       5,0Mi        14Gi
[LOOP DEVICES]
/dev/loop1: []: (/var/lib/snapd/snaps/snapd_26382.snap)
/dev/loop19: []: (/ewf1), offset 33619968, sizelimit 855638016
/dev/loop75: []: (/var/lib/snapd/snaps/firefox_8191.snap)
/dev/loop17: []: (/ewf1), offset 33619968, sizelimit 855638016
/dev/loop45: []: (/var/lib/snapd/snaps/snapd-desktop-integration_361.snap)
/dev/loop73: []: (/ewf1), offset 33619968, sizelimit 855638016
/dev/loop8: []: (/var/lib/snapd/snaps/gnome-3-38-2004_143.snap)
/dev/loop35: []: (/var/lib/snapd/snaps/snapd-desktop-integration_357.snap)
/dev/loop15: []: (/var/lib/snapd/snaps/core22_2411.snap)
/dev/loop43: []: (/var/lib/snapd/snaps/firefox_8107.snap)
/dev/loop6: []: (/var/lib/snapd/snaps/core24_1499.snap)
/dev/loop23: []: (/ewf1), offset 33619968, sizelimit 855638016
/dev/loop13: []: (/var/lib/snapd/snaps/snap-store_1113.snap)
/dev/loop4: []: (/var/lib/snapd/snaps/core22_2045.snap)
/dev/loop31: []: (/var/lib/snapd/snaps/core24_1587.snap)
/dev/loop21: []: (/var/lib/snapd/snaps/mesa-2404_1165.snap)
/dev/loop11: []: (/var/lib/snapd/snaps/gtk-common-themes_1534.snap)
/dev/loop2: []: (/ewf1), offset 33619968, sizelimit 855638016
/dev/loop58: []: (/var/lib/snapd/snaps/snapd_26865.snap)
/dev/loop0: []: (/var/lib/snapd/snaps/bare_5.snap)
/dev/loop18: []: (/ewf1), offset 33619968, sizelimit 855638016
/dev/loop9: []: (/var/lib/snapd/snaps/core20_2769.snap)
/dev/loop16: []: (/ewf1), offset 33619968, sizelimit 855638016
/dev/loop7: []: (/var/lib/snapd/snaps/gnome-3-38-2004_140.snap)
/dev/loop14: []: (/var/lib/snapd/snaps/snap-store_1216.snap)
/dev/loop5: []: (/var/lib/snapd/snaps/core20_2717.snap)
/dev/loop22: []: (/var/lib/snapd/snaps/gnome-46-2404_153.snap)
/dev/loop12: []: (/var/lib/snapd/snaps/gtk-common-themes_1535.snap)
/dev/loop3: []: (/var/lib/snapd/snaps/gnome-42-2204_247.snap)
/dev/loop20: []: (/var/lib/snapd/snaps/firefox_8054.snap)
/dev/loop10: []: (/var/lib/snapd/snaps/gnome-42-2204_202.snap)
[KERNEL ERRORS]
----------------------------------------------------------

--- CHECKPOINT: 11/05/2026 03:37:11 ---
[DOCKER STATS]
[HOST RAM]
               total        used        free      shared  buff/cache   available
Mem:            62Gi       1,3Gi        20Gi       5,0Mi        41Gi        60Gi
Swap:           14Gi       5,0Mi        14Gi
[LOOP DEVICES]
/dev/loop1: []: (/var/lib/snapd/snaps/snapd_26382.snap)
/dev/loop19: []: (/ewf1), offset 33619968, sizelimit 855638016
/dev/loop75: []: (/var/lib/snapd/snaps/firefox_8191.snap)
/dev/loop17: []: (/ewf1), offset 33619968, sizelimit 855638016
/dev/loop45: []: (/var/lib/snapd/snaps/snapd-desktop-integration_361.snap)
/dev/loop73: []: (/ewf1), offset 33619968, sizelimit 855638016
/dev/loop8: []: (/var/lib/snapd/snaps/gnome-3-38-2004_143.snap)
/dev/loop35: []: (/var/lib/snapd/snaps/snapd-desktop-integration_357.snap)
/dev/loop15: []: (/var/lib/snapd/snaps/core22_2411.snap)
/dev/loop43: []: (/var/lib/snapd/snaps/firefox_8107.snap)
/dev/loop6: []: (/var/lib/snapd/snaps/core24_1499.snap)
/dev/loop23: []: (/ewf1), offset 33619968, sizelimit 855638016
/dev/loop13: []: (/var/lib/snapd/snaps/snap-store_1113.snap)
/dev/loop4: []: (/var/lib/snapd/snaps/core22_2045.snap)
/dev/loop31: []: (/var/lib/snapd/snaps/core24_1587.snap)
/dev/loop21: []: (/var/lib/snapd/snaps/mesa-2404_1165.snap)
/dev/loop11: []: (/var/lib/snapd/snaps/gtk-common-themes_1534.snap)
/dev/loop2: []: (/ewf1), offset 33619968, sizelimit 855638016
/dev/loop58: []: (/var/lib/snapd/snaps/snapd_26865.snap)
/dev/loop0: []: (/var/lib/snapd/snaps/bare_5.snap)
/dev/loop18: []: (/ewf1), offset 33619968, sizelimit 855638016
/dev/loop9: []: (/var/lib/snapd/snaps/core20_2769.snap)
/dev/loop16: []: (/ewf1), offset 33619968, sizelimit 855638016
/dev/loop7: []: (/var/lib/snapd/snaps/gnome-3-38-2004_140.snap)
/dev/loop14: []: (/var/lib/snapd/snaps/snap-store_1216.snap)
/dev/loop5: []: (/var/lib/snapd/snaps/core20_2717.snap)
/dev/loop22: []: (/var/lib/snapd/snaps/gnome-46-2404_153.snap)
/dev/loop12: []: (/var/lib/snapd/snaps/gtk-common-themes_1535.snap)
/dev/loop3: []: (/var/lib/snapd/snaps/gnome-42-2204_247.snap)
/dev/loop20: []: (/var/lib/snapd/snaps/firefox_8054.snap)
/dev/loop10: []: (/var/lib/snapd/snaps/gnome-42-2204_202.snap)
[KERNEL ERRORS]
----------------------------------------------------------

--- CHECKPOINT: 11/05/2026 03:42:12 ---
[DOCKER STATS]
[HOST RAM]
               total        used        free      shared  buff/cache   available
Mem:            62Gi       1,3Gi        20Gi       5,0Mi        41Gi        60Gi
Swap:           14Gi       5,0Mi        14Gi
[LOOP DEVICES]
/dev/loop1: []: (/var/lib/snapd/snaps/snapd_26382.snap)
/dev/loop19: []: (/ewf1), offset 33619968, sizelimit 855638016
/dev/loop75: []: (/var/lib/snapd/snaps/firefox_8191.snap)
/dev/loop17: []: (/ewf1), offset 33619968, sizelimit 855638016
/dev/loop45: []: (/var/lib/snapd/snaps/snapd-desktop-integration_361.snap)
/dev/loop73: []: (/ewf1), offset 33619968, sizelimit 855638016
/dev/loop8: []: (/var/lib/snapd/snaps/gnome-3-38-2004_143.snap)
/dev/loop35: []: (/var/lib/snapd/snaps/snapd-desktop-integration_357.snap)
/dev/loop15: []: (/var/lib/snapd/snaps/core22_2411.snap)
/dev/loop43: []: (/var/lib/snapd/snaps/firefox_8107.snap)
/dev/loop6: []: (/var/lib/snapd/snaps/core24_1499.snap)
/dev/loop23: []: (/ewf1), offset 33619968, sizelimit 855638016
/dev/loop13: []: (/var/lib/snapd/snaps/snap-store_1113.snap)
/dev/loop4: []: (/var/lib/snapd/snaps/core22_2045.snap)
/dev/loop31: []: (/var/lib/snapd/snaps/core24_1587.snap)
/dev/loop21: []: (/var/lib/snapd/snaps/mesa-2404_1165.snap)
/dev/loop11: []: (/var/lib/snapd/snaps/gtk-common-themes_1534.snap)
/dev/loop2: []: (/ewf1), offset 33619968, sizelimit 855638016
/dev/loop58: []: (/var/lib/snapd/snaps/snapd_26865.snap)
/dev/loop0: []: (/var/lib/snapd/snaps/bare_5.snap)
/dev/loop18: []: (/ewf1), offset 33619968, sizelimit 855638016
/dev/loop9: []: (/var/lib/snapd/snaps/core20_2769.snap)
/dev/loop16: []: (/ewf1), offset 33619968, sizelimit 855638016
/dev/loop7: []: (/var/lib/snapd/snaps/gnome-3-38-2004_140.snap)
/dev/loop14: []: (/var/lib/snapd/snaps/snap-store_1216.snap)
/dev/loop5: []: (/var/lib/snapd/snaps/core20_2717.snap)
/dev/loop22: []: (/var/lib/snapd/snaps/gnome-46-2404_153.snap)
/dev/loop12: []: (/var/lib/snapd/snaps/gtk-common-themes_1535.snap)
/dev/loop3: []: (/var/lib/snapd/snaps/gnome-42-2204_247.snap)
/dev/loop20: []: (/var/lib/snapd/snaps/firefox_8054.snap)
/dev/loop10: []: (/var/lib/snapd/snaps/gnome-42-2204_202.snap)
[KERNEL ERRORS]
----------------------------------------------------------

--- CHECKPOINT: 11/05/2026 03:47:12 ---
[DOCKER STATS]
[HOST RAM]
               total        used        free      shared  buff/cache   available
Mem:            62Gi       1,3Gi        20Gi       5,0Mi        41Gi        60Gi
Swap:           14Gi       5,0Mi        14Gi
[LOOP DEVICES]
/dev/loop1: []: (/var/lib/snapd/snaps/snapd_26382.snap)
/dev/loop19: []: (/ewf1), offset 33619968, sizelimit 855638016
/dev/loop75: []: (/var/lib/snapd/snaps/firefox_8191.snap)
/dev/loop17: []: (/ewf1), offset 33619968, sizelimit 855638016
/dev/loop45: []: (/var/lib/snapd/snaps/snapd-desktop-integration_361.snap)
/dev/loop73: []: (/ewf1), offset 33619968, sizelimit 855638016
/dev/loop8: []: (/var/lib/snapd/snaps/gnome-3-38-2004_143.snap)
/dev/loop35: []: (/var/lib/snapd/snaps/snapd-desktop-integration_357.snap)
/dev/loop15: []: (/var/lib/snapd/snaps/core22_2411.snap)
/dev/loop43: []: (/var/lib/snapd/snaps/firefox_8107.snap)
/dev/loop6: []: (/var/lib/snapd/snaps/core24_1499.snap)
/dev/loop23: []: (/ewf1), offset 33619968, sizelimit 855638016
/dev/loop13: []: (/var/lib/snapd/snaps/snap-store_1113.snap)
/dev/loop4: []: (/var/lib/snapd/snaps/core22_2045.snap)
/dev/loop31: []: (/var/lib/snapd/snaps/core24_1587.snap)
/dev/loop21: []: (/var/lib/snapd/snaps/mesa-2404_1165.snap)
/dev/loop11: []: (/var/lib/snapd/snaps/gtk-common-themes_1534.snap)
/dev/loop2: []: (/ewf1), offset 33619968, sizelimit 855638016
/dev/loop58: []: (/var/lib/snapd/snaps/snapd_26865.snap)
/dev/loop0: []: (/var/lib/snapd/snaps/bare_5.snap)
/dev/loop18: []: (/ewf1), offset 33619968, sizelimit 855638016
/dev/loop9: []: (/var/lib/snapd/snaps/core20_2769.snap)
/dev/loop16: []: (/ewf1), offset 33619968, sizelimit 855638016
/dev/loop7: []: (/var/lib/snapd/snaps/gnome-3-38-2004_140.snap)
/dev/loop14: []: (/var/lib/snapd/snaps/snap-store_1216.snap)
/dev/loop5: []: (/var/lib/snapd/snaps/core20_2717.snap)
/dev/loop22: []: (/var/lib/snapd/snaps/gnome-46-2404_153.snap)
/dev/loop12: []: (/var/lib/snapd/snaps/gtk-common-themes_1535.snap)
/dev/loop3: []: (/var/lib/snapd/snaps/gnome-42-2204_247.snap)
/dev/loop20: []: (/var/lib/snapd/snaps/firefox_8054.snap)
/dev/loop10: []: (/var/lib/snapd/snaps/gnome-42-2204_202.snap)
[KERNEL ERRORS]
----------------------------------------------------------

--- CHECKPOINT: 11/05/2026 03:52:12 ---
[DOCKER STATS]
[HOST RAM]
               total        used        free      shared  buff/cache   available
Mem:            62Gi       1,3Gi        20Gi       5,0Mi        41Gi        60Gi
Swap:           14Gi       5,0Mi        14Gi
[LOOP DEVICES]
/dev/loop1: []: (/var/lib/snapd/snaps/snapd_26382.snap)
/dev/loop19: []: (/ewf1), offset 33619968, sizelimit 855638016
/dev/loop75: []: (/var/lib/snapd/snaps/firefox_8191.snap)
/dev/loop17: []: (/ewf1), offset 33619968, sizelimit 855638016
/dev/loop45: []: (/var/lib/snapd/snaps/snapd-desktop-integration_361.snap)
/dev/loop73: []: (/ewf1), offset 33619968, sizelimit 855638016
/dev/loop8: []: (/var/lib/snapd/snaps/gnome-3-38-2004_143.snap)
/dev/loop35: []: (/var/lib/snapd/snaps/snapd-desktop-integration_357.snap)
/dev/loop15: []: (/var/lib/snapd/snaps/core22_2411.snap)
/dev/loop43: []: (/var/lib/snapd/snaps/firefox_8107.snap)
/dev/loop6: []: (/var/lib/snapd/snaps/core24_1499.snap)
/dev/loop23: []: (/ewf1), offset 33619968, sizelimit 855638016
/dev/loop13: []: (/var/lib/snapd/snaps/snap-store_1113.snap)
/dev/loop4: []: (/var/lib/snapd/snaps/core22_2045.snap)
/dev/loop31: []: (/var/lib/snapd/snaps/core24_1587.snap)
/dev/loop21: []: (/var/lib/snapd/snaps/mesa-2404_1165.snap)
/dev/loop11: []: (/var/lib/snapd/snaps/gtk-common-themes_1534.snap)
/dev/loop2: []: (/ewf1), offset 33619968, sizelimit 855638016
/dev/loop58: []: (/var/lib/snapd/snaps/snapd_26865.snap)
/dev/loop0: []: (/var/lib/snapd/snaps/bare_5.snap)
/dev/loop18: []: (/ewf1), offset 33619968, sizelimit 855638016
/dev/loop9: []: (/var/lib/snapd/snaps/core20_2769.snap)
/dev/loop16: []: (/ewf1), offset 33619968, sizelimit 855638016
/dev/loop7: []: (/var/lib/snapd/snaps/gnome-3-38-2004_140.snap)
/dev/loop14: []: (/var/lib/snapd/snaps/snap-store_1216.snap)
/dev/loop5: []: (/var/lib/snapd/snaps/core20_2717.snap)
/dev/loop22: []: (/var/lib/snapd/snaps/gnome-46-2404_153.snap)
/dev/loop12: []: (/var/lib/snapd/snaps/gtk-common-themes_1535.snap)
/dev/loop3: []: (/var/lib/snapd/snaps/gnome-42-2204_247.snap)
/dev/loop20: []: (/var/lib/snapd/snaps/firefox_8054.snap)
/dev/loop10: []: (/var/lib/snapd/snaps/gnome-42-2204_202.snap)
[KERNEL ERRORS]
----------------------------------------------------------

--- CHECKPOINT: 11/05/2026 03:57:12 ---
[DOCKER STATS]
[HOST RAM]
               total        used        free      shared  buff/cache   available
Mem:            62Gi       1,3Gi        20Gi       5,0Mi        41Gi        60Gi
Swap:           14Gi       5,0Mi        14Gi
[LOOP DEVICES]
/dev/loop1: []: (/var/lib/snapd/snaps/snapd_26382.snap)
/dev/loop19: []: (/ewf1), offset 33619968, sizelimit 855638016
/dev/loop75: []: (/var/lib/snapd/snaps/firefox_8191.snap)
/dev/loop17: []: (/ewf1), offset 33619968, sizelimit 855638016
/dev/loop45: []: (/var/lib/snapd/snaps/snapd-desktop-integration_361.snap)
/dev/loop73: []: (/ewf1), offset 33619968, sizelimit 855638016
/dev/loop8: []: (/var/lib/snapd/snaps/gnome-3-38-2004_143.snap)
/dev/loop35: []: (/var/lib/snapd/snaps/snapd-desktop-integration_357.snap)
/dev/loop15: []: (/var/lib/snapd/snaps/core22_2411.snap)
/dev/loop43: []: (/var/lib/snapd/snaps/firefox_8107.snap)
/dev/loop6: []: (/var/lib/snapd/snaps/core24_1499.snap)
/dev/loop23: []: (/ewf1), offset 33619968, sizelimit 855638016
/dev/loop13: []: (/var/lib/snapd/snaps/snap-store_1113.snap)
/dev/loop4: []: (/var/lib/snapd/snaps/core22_2045.snap)
/dev/loop31: []: (/var/lib/snapd/snaps/core24_1587.snap)
/dev/loop21: []: (/var/lib/snapd/snaps/mesa-2404_1165.snap)
/dev/loop11: []: (/var/lib/snapd/snaps/gtk-common-themes_1534.snap)
/dev/loop2: []: (/ewf1), offset 33619968, sizelimit 855638016
/dev/loop58: []: (/var/lib/snapd/snaps/snapd_26865.snap)
/dev/loop0: []: (/var/lib/snapd/snaps/bare_5.snap)
/dev/loop18: []: (/ewf1), offset 33619968, sizelimit 855638016
/dev/loop9: []: (/var/lib/snapd/snaps/core20_2769.snap)
/dev/loop16: []: (/ewf1), offset 33619968, sizelimit 855638016
/dev/loop7: []: (/var/lib/snapd/snaps/gnome-3-38-2004_140.snap)
/dev/loop14: []: (/var/lib/snapd/snaps/snap-store_1216.snap)
/dev/loop5: []: (/var/lib/snapd/snaps/core20_2717.snap)
/dev/loop22: []: (/var/lib/snapd/snaps/gnome-46-2404_153.snap)
/dev/loop12: []: (/var/lib/snapd/snaps/gtk-common-themes_1535.snap)
/dev/loop3: []: (/var/lib/snapd/snaps/gnome-42-2204_247.snap)
/dev/loop20: []: (/var/lib/snapd/snaps/firefox_8054.snap)
/dev/loop10: []: (/var/lib/snapd/snaps/gnome-42-2204_202.snap)
[KERNEL ERRORS]
----------------------------------------------------------

--- CHECKPOINT: 11/05/2026 04:02:12 ---
[DOCKER STATS]
[HOST RAM]
               total        used        free      shared  buff/cache   available
Mem:            62Gi       1,3Gi        20Gi       5,0Mi        41Gi        60Gi
Swap:           14Gi       5,0Mi        14Gi
[LOOP DEVICES]
/dev/loop1: []: (/var/lib/snapd/snaps/snapd_26382.snap)
/dev/loop19: []: (/ewf1), offset 33619968, sizelimit 855638016
/dev/loop75: []: (/var/lib/snapd/snaps/firefox_8191.snap)
/dev/loop17: []: (/ewf1), offset 33619968, sizelimit 855638016
/dev/loop45: []: (/var/lib/snapd/snaps/snapd-desktop-integration_361.snap)
/dev/loop73: []: (/ewf1), offset 33619968, sizelimit 855638016
/dev/loop8: []: (/var/lib/snapd/snaps/gnome-3-38-2004_143.snap)
/dev/loop35: []: (/var/lib/snapd/snaps/snapd-desktop-integration_357.snap)
/dev/loop15: []: (/var/lib/snapd/snaps/core22_2411.snap)
/dev/loop43: []: (/var/lib/snapd/snaps/firefox_8107.snap)
/dev/loop6: []: (/var/lib/snapd/snaps/core24_1499.snap)
/dev/loop23: []: (/ewf1), offset 33619968, sizelimit 855638016
/dev/loop13: []: (/var/lib/snapd/snaps/snap-store_1113.snap)
/dev/loop4: []: (/var/lib/snapd/snaps/core22_2045.snap)
/dev/loop31: []: (/var/lib/snapd/snaps/core24_1587.snap)
/dev/loop21: []: (/var/lib/snapd/snaps/mesa-2404_1165.snap)
/dev/loop11: []: (/var/lib/snapd/snaps/gtk-common-themes_1534.snap)
/dev/loop2: []: (/ewf1), offset 33619968, sizelimit 855638016
/dev/loop58: []: (/var/lib/snapd/snaps/snapd_26865.snap)
/dev/loop0: []: (/var/lib/snapd/snaps/bare_5.snap)
/dev/loop18: []: (/ewf1), offset 33619968, sizelimit 855638016
/dev/loop9: []: (/var/lib/snapd/snaps/core20_2769.snap)
/dev/loop16: []: (/ewf1), offset 33619968, sizelimit 855638016
/dev/loop7: []: (/var/lib/snapd/snaps/gnome-3-38-2004_140.snap)
/dev/loop14: []: (/var/lib/snapd/snaps/snap-store_1216.snap)
/dev/loop5: []: (/var/lib/snapd/snaps/core20_2717.snap)
/dev/loop22: []: (/var/lib/snapd/snaps/gnome-46-2404_153.snap)
/dev/loop12: []: (/var/lib/snapd/snaps/gtk-common-themes_1535.snap)
/dev/loop3: []: (/var/lib/snapd/snaps/gnome-42-2204_247.snap)
/dev/loop20: []: (/var/lib/snapd/snaps/firefox_8054.snap)
/dev/loop10: []: (/var/lib/snapd/snaps/gnome-42-2204_202.snap)
[KERNEL ERRORS]
----------------------------------------------------------

--- CHECKPOINT: 11/05/2026 04:07:12 ---
[DOCKER STATS]
[HOST RAM]
               total        used        free      shared  buff/cache   available
Mem:            62Gi       1,3Gi        20Gi       5,0Mi        41Gi        60Gi
Swap:           14Gi       5,0Mi        14Gi
[LOOP DEVICES]
/dev/loop1: []: (/var/lib/snapd/snaps/snapd_26382.snap)
/dev/loop19: []: (/ewf1), offset 33619968, sizelimit 855638016
/dev/loop75: []: (/var/lib/snapd/snaps/firefox_8191.snap)
/dev/loop17: []: (/ewf1), offset 33619968, sizelimit 855638016
/dev/loop45: []: (/var/lib/snapd/snaps/snapd-desktop-integration_361.snap)
/dev/loop73: []: (/ewf1), offset 33619968, sizelimit 855638016
/dev/loop8: []: (/var/lib/snapd/snaps/gnome-3-38-2004_143.snap)
/dev/loop35: []: (/var/lib/snapd/snaps/snapd-desktop-integration_357.snap)
/dev/loop15: []: (/var/lib/snapd/snaps/core22_2411.snap)
/dev/loop43: []: (/var/lib/snapd/snaps/firefox_8107.snap)
/dev/loop6: []: (/var/lib/snapd/snaps/core24_1499.snap)
/dev/loop23: []: (/ewf1), offset 33619968, sizelimit 855638016
/dev/loop13: []: (/var/lib/snapd/snaps/snap-store_1113.snap)
/dev/loop4: []: (/var/lib/snapd/snaps/core22_2045.snap)
/dev/loop31: []: (/var/lib/snapd/snaps/core24_1587.snap)
/dev/loop21: []: (/var/lib/snapd/snaps/mesa-2404_1165.snap)
/dev/loop11: []: (/var/lib/snapd/snaps/gtk-common-themes_1534.snap)
/dev/loop2: []: (/ewf1), offset 33619968, sizelimit 855638016
/dev/loop58: []: (/var/lib/snapd/snaps/snapd_26865.snap)
/dev/loop0: []: (/var/lib/snapd/snaps/bare_5.snap)
/dev/loop18: []: (/ewf1), offset 33619968, sizelimit 855638016
/dev/loop9: []: (/var/lib/snapd/snaps/core20_2769.snap)
/dev/loop16: []: (/ewf1), offset 33619968, sizelimit 855638016
/dev/loop7: []: (/var/lib/snapd/snaps/gnome-3-38-2004_140.snap)
/dev/loop14: []: (/var/lib/snapd/snaps/snap-store_1216.snap)
/dev/loop5: []: (/var/lib/snapd/snaps/core20_2717.snap)
/dev/loop22: []: (/var/lib/snapd/snaps/gnome-46-2404_153.snap)
/dev/loop12: []: (/var/lib/snapd/snaps/gtk-common-themes_1535.snap)
/dev/loop3: []: (/var/lib/snapd/snaps/gnome-42-2204_247.snap)
/dev/loop20: []: (/var/lib/snapd/snaps/firefox_8054.snap)
/dev/loop10: []: (/var/lib/snapd/snaps/gnome-42-2204_202.snap)
[KERNEL ERRORS]
----------------------------------------------------------

--- CHECKPOINT: 11/05/2026 04:12:12 ---
[DOCKER STATS]
[HOST RAM]
               total        used        free      shared  buff/cache   available
Mem:            62Gi       1,3Gi        20Gi       5,0Mi        41Gi        60Gi
Swap:           14Gi       5,0Mi        14Gi
[LOOP DEVICES]
/dev/loop1: []: (/var/lib/snapd/snaps/snapd_26382.snap)
/dev/loop19: []: (/ewf1), offset 33619968, sizelimit 855638016
/dev/loop75: []: (/var/lib/snapd/snaps/firefox_8191.snap)
/dev/loop17: []: (/ewf1), offset 33619968, sizelimit 855638016
/dev/loop45: []: (/var/lib/snapd/snaps/snapd-desktop-integration_361.snap)
/dev/loop73: []: (/ewf1), offset 33619968, sizelimit 855638016
/dev/loop8: []: (/var/lib/snapd/snaps/gnome-3-38-2004_143.snap)
/dev/loop35: []: (/var/lib/snapd/snaps/snapd-desktop-integration_357.snap)
/dev/loop15: []: (/var/lib/snapd/snaps/core22_2411.snap)
/dev/loop43: []: (/var/lib/snapd/snaps/firefox_8107.snap)
/dev/loop6: []: (/var/lib/snapd/snaps/core24_1499.snap)
/dev/loop23: []: (/ewf1), offset 33619968, sizelimit 855638016
/dev/loop13: []: (/var/lib/snapd/snaps/snap-store_1113.snap)
/dev/loop4: []: (/var/lib/snapd/snaps/core22_2045.snap)
/dev/loop31: []: (/var/lib/snapd/snaps/core24_1587.snap)
/dev/loop21: []: (/var/lib/snapd/snaps/mesa-2404_1165.snap)
/dev/loop11: []: (/var/lib/snapd/snaps/gtk-common-themes_1534.snap)
/dev/loop2: []: (/ewf1), offset 33619968, sizelimit 855638016
/dev/loop58: []: (/var/lib/snapd/snaps/snapd_26865.snap)
/dev/loop0: []: (/var/lib/snapd/snaps/bare_5.snap)
/dev/loop18: []: (/ewf1), offset 33619968, sizelimit 855638016
/dev/loop9: []: (/var/lib/snapd/snaps/core20_2769.snap)
/dev/loop16: []: (/ewf1), offset 33619968, sizelimit 855638016
/dev/loop7: []: (/var/lib/snapd/snaps/gnome-3-38-2004_140.snap)
/dev/loop14: []: (/var/lib/snapd/snaps/snap-store_1216.snap)
/dev/loop5: []: (/var/lib/snapd/snaps/core20_2717.snap)
/dev/loop22: []: (/var/lib/snapd/snaps/gnome-46-2404_153.snap)
/dev/loop12: []: (/var/lib/snapd/snaps/gtk-common-themes_1535.snap)
/dev/loop3: []: (/var/lib/snapd/snaps/gnome-42-2204_247.snap)
/dev/loop20: []: (/var/lib/snapd/snaps/firefox_8054.snap)
/dev/loop10: []: (/var/lib/snapd/snaps/gnome-42-2204_202.snap)
[KERNEL ERRORS]
----------------------------------------------------------

--- CHECKPOINT: 11/05/2026 04:17:12 ---
[DOCKER STATS]
[HOST RAM]
               total        used        free      shared  buff/cache   available
Mem:            62Gi       1,3Gi        20Gi       5,0Mi        41Gi        60Gi
Swap:           14Gi       5,0Mi        14Gi
[LOOP DEVICES]
/dev/loop1: []: (/var/lib/snapd/snaps/snapd_26382.snap)
/dev/loop19: []: (/ewf1), offset 33619968, sizelimit 855638016
/dev/loop75: []: (/var/lib/snapd/snaps/firefox_8191.snap)
/dev/loop17: []: (/ewf1), offset 33619968, sizelimit 855638016
/dev/loop45: []: (/var/lib/snapd/snaps/snapd-desktop-integration_361.snap)
/dev/loop73: []: (/ewf1), offset 33619968, sizelimit 855638016
/dev/loop8: []: (/var/lib/snapd/snaps/gnome-3-38-2004_143.snap)
/dev/loop35: []: (/var/lib/snapd/snaps/snapd-desktop-integration_357.snap)
/dev/loop15: []: (/var/lib/snapd/snaps/core22_2411.snap)
/dev/loop43: []: (/var/lib/snapd/snaps/firefox_8107.snap)
/dev/loop6: []: (/var/lib/snapd/snaps/core24_1499.snap)
/dev/loop23: []: (/ewf1), offset 33619968, sizelimit 855638016
/dev/loop13: []: (/var/lib/snapd/snaps/snap-store_1113.snap)
/dev/loop4: []: (/var/lib/snapd/snaps/core22_2045.snap)
/dev/loop31: []: (/var/lib/snapd/snaps/core24_1587.snap)
/dev/loop21: []: (/var/lib/snapd/snaps/mesa-2404_1165.snap)
/dev/loop11: []: (/var/lib/snapd/snaps/gtk-common-themes_1534.snap)
/dev/loop2: []: (/ewf1), offset 33619968, sizelimit 855638016
/dev/loop58: []: (/var/lib/snapd/snaps/snapd_26865.snap)
/dev/loop0: []: (/var/lib/snapd/snaps/bare_5.snap)
/dev/loop18: []: (/ewf1), offset 33619968, sizelimit 855638016
/dev/loop9: []: (/var/lib/snapd/snaps/core20_2769.snap)
/dev/loop16: []: (/ewf1), offset 33619968, sizelimit 855638016
/dev/loop7: []: (/var/lib/snapd/snaps/gnome-3-38-2004_140.snap)
/dev/loop14: []: (/var/lib/snapd/snaps/snap-store_1216.snap)
/dev/loop5: []: (/var/lib/snapd/snaps/core20_2717.snap)
/dev/loop22: []: (/var/lib/snapd/snaps/gnome-46-2404_153.snap)
/dev/loop12: []: (/var/lib/snapd/snaps/gtk-common-themes_1535.snap)
/dev/loop3: []: (/var/lib/snapd/snaps/gnome-42-2204_247.snap)
/dev/loop20: []: (/var/lib/snapd/snaps/firefox_8054.snap)
/dev/loop10: []: (/var/lib/snapd/snaps/gnome-42-2204_202.snap)
[KERNEL ERRORS]
----------------------------------------------------------

--- CHECKPOINT: 11/05/2026 04:22:12 ---
[DOCKER STATS]
[HOST RAM]
               total        used        free      shared  buff/cache   available
Mem:            62Gi       1,3Gi        20Gi       5,0Mi        41Gi        60Gi
Swap:           14Gi       5,0Mi        14Gi
[LOOP DEVICES]
/dev/loop1: []: (/var/lib/snapd/snaps/snapd_26382.snap)
/dev/loop19: []: (/ewf1), offset 33619968, sizelimit 855638016
/dev/loop75: []: (/var/lib/snapd/snaps/firefox_8191.snap)
/dev/loop17: []: (/ewf1), offset 33619968, sizelimit 855638016
/dev/loop45: []: (/var/lib/snapd/snaps/snapd-desktop-integration_361.snap)
/dev/loop73: []: (/ewf1), offset 33619968, sizelimit 855638016
/dev/loop8: []: (/var/lib/snapd/snaps/gnome-3-38-2004_143.snap)
/dev/loop35: []: (/var/lib/snapd/snaps/snapd-desktop-integration_357.snap)
/dev/loop15: []: (/var/lib/snapd/snaps/core22_2411.snap)
/dev/loop43: []: (/var/lib/snapd/snaps/firefox_8107.snap)
/dev/loop6: []: (/var/lib/snapd/snaps/core24_1499.snap)
/dev/loop23: []: (/ewf1), offset 33619968, sizelimit 855638016
/dev/loop13: []: (/var/lib/snapd/snaps/snap-store_1113.snap)
/dev/loop4: []: (/var/lib/snapd/snaps/core22_2045.snap)
/dev/loop31: []: (/var/lib/snapd/snaps/core24_1587.snap)
/dev/loop21: []: (/var/lib/snapd/snaps/mesa-2404_1165.snap)
/dev/loop11: []: (/var/lib/snapd/snaps/gtk-common-themes_1534.snap)
/dev/loop2: []: (/ewf1), offset 33619968, sizelimit 855638016
/dev/loop58: []: (/var/lib/snapd/snaps/snapd_26865.snap)
/dev/loop0: []: (/var/lib/snapd/snaps/bare_5.snap)
/dev/loop18: []: (/ewf1), offset 33619968, sizelimit 855638016
/dev/loop9: []: (/var/lib/snapd/snaps/core20_2769.snap)
/dev/loop16: []: (/ewf1), offset 33619968, sizelimit 855638016
/dev/loop7: []: (/var/lib/snapd/snaps/gnome-3-38-2004_140.snap)
/dev/loop14: []: (/var/lib/snapd/snaps/snap-store_1216.snap)
/dev/loop5: []: (/var/lib/snapd/snaps/core20_2717.snap)
/dev/loop22: []: (/var/lib/snapd/snaps/gnome-46-2404_153.snap)
/dev/loop12: []: (/var/lib/snapd/snaps/gtk-common-themes_1535.snap)
/dev/loop3: []: (/var/lib/snapd/snaps/gnome-42-2204_247.snap)
/dev/loop20: []: (/var/lib/snapd/snaps/firefox_8054.snap)
/dev/loop10: []: (/var/lib/snapd/snaps/gnome-42-2204_202.snap)
[KERNEL ERRORS]
----------------------------------------------------------

--- CHECKPOINT: 11/05/2026 04:27:12 ---
[DOCKER STATS]
[HOST RAM]
               total        used        free      shared  buff/cache   available
Mem:            62Gi       1,3Gi        20Gi       5,0Mi        41Gi        60Gi
Swap:           14Gi       5,0Mi        14Gi
[LOOP DEVICES]
/dev/loop1: []: (/var/lib/snapd/snaps/snapd_26382.snap)
/dev/loop19: []: (/ewf1), offset 33619968, sizelimit 855638016
/dev/loop75: []: (/var/lib/snapd/snaps/firefox_8191.snap)
/dev/loop17: []: (/ewf1), offset 33619968, sizelimit 855638016
/dev/loop45: []: (/var/lib/snapd/snaps/snapd-desktop-integration_361.snap)
/dev/loop73: []: (/ewf1), offset 33619968, sizelimit 855638016
/dev/loop8: []: (/var/lib/snapd/snaps/gnome-3-38-2004_143.snap)
/dev/loop35: []: (/var/lib/snapd/snaps/snapd-desktop-integration_357.snap)
/dev/loop15: []: (/var/lib/snapd/snaps/core22_2411.snap)
/dev/loop43: []: (/var/lib/snapd/snaps/firefox_8107.snap)
/dev/loop6: []: (/var/lib/snapd/snaps/core24_1499.snap)
/dev/loop23: []: (/ewf1), offset 33619968, sizelimit 855638016
/dev/loop13: []: (/var/lib/snapd/snaps/snap-store_1113.snap)
/dev/loop4: []: (/var/lib/snapd/snaps/core22_2045.snap)
/dev/loop31: []: (/var/lib/snapd/snaps/core24_1587.snap)
/dev/loop21: []: (/var/lib/snapd/snaps/mesa-2404_1165.snap)
/dev/loop11: []: (/var/lib/snapd/snaps/gtk-common-themes_1534.snap)
/dev/loop2: []: (/ewf1), offset 33619968, sizelimit 855638016
/dev/loop58: []: (/var/lib/snapd/snaps/snapd_26865.snap)
/dev/loop0: []: (/var/lib/snapd/snaps/bare_5.snap)
/dev/loop18: []: (/ewf1), offset 33619968, sizelimit 855638016
/dev/loop9: []: (/var/lib/snapd/snaps/core20_2769.snap)
/dev/loop16: []: (/ewf1), offset 33619968, sizelimit 855638016
/dev/loop7: []: (/var/lib/snapd/snaps/gnome-3-38-2004_140.snap)
/dev/loop14: []: (/var/lib/snapd/snaps/snap-store_1216.snap)
/dev/loop5: []: (/var/lib/snapd/snaps/core20_2717.snap)
/dev/loop22: []: (/var/lib/snapd/snaps/gnome-46-2404_153.snap)
/dev/loop12: []: (/var/lib/snapd/snaps/gtk-common-themes_1535.snap)
/dev/loop3: []: (/var/lib/snapd/snaps/gnome-42-2204_247.snap)
/dev/loop20: []: (/var/lib/snapd/snaps/firefox_8054.snap)
/dev/loop10: []: (/var/lib/snapd/snaps/gnome-42-2204_202.snap)
[KERNEL ERRORS]
----------------------------------------------------------

--- CHECKPOINT: 11/05/2026 04:32:12 ---
[DOCKER STATS]
[HOST RAM]
               total        used        free      shared  buff/cache   available
Mem:            62Gi       1,3Gi        20Gi       5,0Mi        41Gi        60Gi
Swap:           14Gi       5,0Mi        14Gi
[LOOP DEVICES]
/dev/loop1: []: (/var/lib/snapd/snaps/snapd_26382.snap)
/dev/loop19: []: (/ewf1), offset 33619968, sizelimit 855638016
/dev/loop75: []: (/var/lib/snapd/snaps/firefox_8191.snap)
/dev/loop17: []: (/ewf1), offset 33619968, sizelimit 855638016
/dev/loop45: []: (/var/lib/snapd/snaps/snapd-desktop-integration_361.snap)
/dev/loop73: []: (/ewf1), offset 33619968, sizelimit 855638016
/dev/loop8: []: (/var/lib/snapd/snaps/gnome-3-38-2004_143.snap)
/dev/loop35: []: (/var/lib/snapd/snaps/snapd-desktop-integration_357.snap)
/dev/loop15: []: (/var/lib/snapd/snaps/core22_2411.snap)
/dev/loop43: []: (/var/lib/snapd/snaps/firefox_8107.snap)
/dev/loop6: []: (/var/lib/snapd/snaps/core24_1499.snap)
/dev/loop23: []: (/ewf1), offset 33619968, sizelimit 855638016
/dev/loop13: []: (/var/lib/snapd/snaps/snap-store_1113.snap)
/dev/loop4: []: (/var/lib/snapd/snaps/core22_2045.snap)
/dev/loop31: []: (/var/lib/snapd/snaps/core24_1587.snap)
/dev/loop21: []: (/var/lib/snapd/snaps/mesa-2404_1165.snap)
/dev/loop11: []: (/var/lib/snapd/snaps/gtk-common-themes_1534.snap)
/dev/loop2: []: (/ewf1), offset 33619968, sizelimit 855638016
/dev/loop58: []: (/var/lib/snapd/snaps/snapd_26865.snap)
/dev/loop0: []: (/var/lib/snapd/snaps/bare_5.snap)
/dev/loop18: []: (/ewf1), offset 33619968, sizelimit 855638016
/dev/loop9: []: (/var/lib/snapd/snaps/core20_2769.snap)
/dev/loop16: []: (/ewf1), offset 33619968, sizelimit 855638016
/dev/loop7: []: (/var/lib/snapd/snaps/gnome-3-38-2004_140.snap)
/dev/loop14: []: (/var/lib/snapd/snaps/snap-store_1216.snap)
/dev/loop5: []: (/var/lib/snapd/snaps/core20_2717.snap)
/dev/loop22: []: (/var/lib/snapd/snaps/gnome-46-2404_153.snap)
/dev/loop12: []: (/var/lib/snapd/snaps/gtk-common-themes_1535.snap)
/dev/loop3: []: (/var/lib/snapd/snaps/gnome-42-2204_247.snap)
/dev/loop20: []: (/var/lib/snapd/snaps/firefox_8054.snap)
/dev/loop10: []: (/var/lib/snapd/snaps/gnome-42-2204_202.snap)
[KERNEL ERRORS]
----------------------------------------------------------

--- CHECKPOINT: 11/05/2026 04:37:12 ---
[DOCKER STATS]
[HOST RAM]
               total        used        free      shared  buff/cache   available
Mem:            62Gi       1,3Gi        20Gi       5,0Mi        41Gi        60Gi
Swap:           14Gi       5,0Mi        14Gi
[LOOP DEVICES]
/dev/loop1: []: (/var/lib/snapd/snaps/snapd_26382.snap)
/dev/loop19: []: (/ewf1), offset 33619968, sizelimit 855638016
/dev/loop75: []: (/var/lib/snapd/snaps/firefox_8191.snap)
/dev/loop17: []: (/ewf1), offset 33619968, sizelimit 855638016
/dev/loop45: []: (/var/lib/snapd/snaps/snapd-desktop-integration_361.snap)
/dev/loop73: []: (/ewf1), offset 33619968, sizelimit 855638016
/dev/loop8: []: (/var/lib/snapd/snaps/gnome-3-38-2004_143.snap)
/dev/loop35: []: (/var/lib/snapd/snaps/snapd-desktop-integration_357.snap)
/dev/loop15: []: (/var/lib/snapd/snaps/core22_2411.snap)
/dev/loop43: []: (/var/lib/snapd/snaps/firefox_8107.snap)
/dev/loop6: []: (/var/lib/snapd/snaps/core24_1499.snap)
/dev/loop23: []: (/ewf1), offset 33619968, sizelimit 855638016
/dev/loop13: []: (/var/lib/snapd/snaps/snap-store_1113.snap)
/dev/loop4: []: (/var/lib/snapd/snaps/core22_2045.snap)
/dev/loop31: []: (/var/lib/snapd/snaps/core24_1587.snap)
/dev/loop21: []: (/var/lib/snapd/snaps/mesa-2404_1165.snap)
/dev/loop11: []: (/var/lib/snapd/snaps/gtk-common-themes_1534.snap)
/dev/loop2: []: (/ewf1), offset 33619968, sizelimit 855638016
/dev/loop58: []: (/var/lib/snapd/snaps/snapd_26865.snap)
/dev/loop0: []: (/var/lib/snapd/snaps/bare_5.snap)
/dev/loop18: []: (/ewf1), offset 33619968, sizelimit 855638016
/dev/loop9: []: (/var/lib/snapd/snaps/core20_2769.snap)
/dev/loop16: []: (/ewf1), offset 33619968, sizelimit 855638016
/dev/loop7: []: (/var/lib/snapd/snaps/gnome-3-38-2004_140.snap)
/dev/loop14: []: (/var/lib/snapd/snaps/snap-store_1216.snap)
/dev/loop5: []: (/var/lib/snapd/snaps/core20_2717.snap)
/dev/loop22: []: (/var/lib/snapd/snaps/gnome-46-2404_153.snap)
/dev/loop12: []: (/var/lib/snapd/snaps/gtk-common-themes_1535.snap)
/dev/loop3: []: (/var/lib/snapd/snaps/gnome-42-2204_247.snap)
/dev/loop20: []: (/var/lib/snapd/snaps/firefox_8054.snap)
/dev/loop10: []: (/var/lib/snapd/snaps/gnome-42-2204_202.snap)
[KERNEL ERRORS]
----------------------------------------------------------

--- CHECKPOINT: 11/05/2026 04:42:12 ---
[DOCKER STATS]
[HOST RAM]
               total        used        free      shared  buff/cache   available
Mem:            62Gi       1,3Gi        20Gi       5,0Mi        41Gi        60Gi
Swap:           14Gi       5,0Mi        14Gi
[LOOP DEVICES]
/dev/loop1: []: (/var/lib/snapd/snaps/snapd_26382.snap)
/dev/loop19: []: (/ewf1), offset 33619968, sizelimit 855638016
/dev/loop75: []: (/var/lib/snapd/snaps/firefox_8191.snap)
/dev/loop17: []: (/ewf1), offset 33619968, sizelimit 855638016
/dev/loop45: []: (/var/lib/snapd/snaps/snapd-desktop-integration_361.snap)
/dev/loop73: []: (/ewf1), offset 33619968, sizelimit 855638016
/dev/loop8: []: (/var/lib/snapd/snaps/gnome-3-38-2004_143.snap)
/dev/loop35: []: (/var/lib/snapd/snaps/snapd-desktop-integration_357.snap)
/dev/loop15: []: (/var/lib/snapd/snaps/core22_2411.snap)
/dev/loop43: []: (/var/lib/snapd/snaps/firefox_8107.snap)
/dev/loop6: []: (/var/lib/snapd/snaps/core24_1499.snap)
/dev/loop23: []: (/ewf1), offset 33619968, sizelimit 855638016
/dev/loop13: []: (/var/lib/snapd/snaps/snap-store_1113.snap)
/dev/loop4: []: (/var/lib/snapd/snaps/core22_2045.snap)
/dev/loop31: []: (/var/lib/snapd/snaps/core24_1587.snap)
/dev/loop21: []: (/var/lib/snapd/snaps/mesa-2404_1165.snap)
/dev/loop11: []: (/var/lib/snapd/snaps/gtk-common-themes_1534.snap)
/dev/loop2: []: (/ewf1), offset 33619968, sizelimit 855638016
/dev/loop58: []: (/var/lib/snapd/snaps/snapd_26865.snap)
/dev/loop0: []: (/var/lib/snapd/snaps/bare_5.snap)
/dev/loop18: []: (/ewf1), offset 33619968, sizelimit 855638016
/dev/loop9: []: (/var/lib/snapd/snaps/core20_2769.snap)
/dev/loop16: []: (/ewf1), offset 33619968, sizelimit 855638016
/dev/loop7: []: (/var/lib/snapd/snaps/gnome-3-38-2004_140.snap)
/dev/loop14: []: (/var/lib/snapd/snaps/snap-store_1216.snap)
/dev/loop5: []: (/var/lib/snapd/snaps/core20_2717.snap)
/dev/loop22: []: (/var/lib/snapd/snaps/gnome-46-2404_153.snap)
/dev/loop12: []: (/var/lib/snapd/snaps/gtk-common-themes_1535.snap)
/dev/loop3: []: (/var/lib/snapd/snaps/gnome-42-2204_247.snap)
/dev/loop20: []: (/var/lib/snapd/snaps/firefox_8054.snap)
/dev/loop10: []: (/var/lib/snapd/snaps/gnome-42-2204_202.snap)
[KERNEL ERRORS]
----------------------------------------------------------

--- CHECKPOINT: 11/05/2026 04:47:12 ---
[DOCKER STATS]
[HOST RAM]
               total        used        free      shared  buff/cache   available
Mem:            62Gi       1,3Gi        20Gi       5,0Mi        41Gi        60Gi
Swap:           14Gi       5,0Mi        14Gi
[LOOP DEVICES]
/dev/loop1: []: (/var/lib/snapd/snaps/snapd_26382.snap)
/dev/loop19: []: (/ewf1), offset 33619968, sizelimit 855638016
/dev/loop75: []: (/var/lib/snapd/snaps/firefox_8191.snap)
/dev/loop17: []: (/ewf1), offset 33619968, sizelimit 855638016
/dev/loop45: []: (/var/lib/snapd/snaps/snapd-desktop-integration_361.snap)
/dev/loop73: []: (/ewf1), offset 33619968, sizelimit 855638016
/dev/loop8: []: (/var/lib/snapd/snaps/gnome-3-38-2004_143.snap)
/dev/loop35: []: (/var/lib/snapd/snaps/snapd-desktop-integration_357.snap)
/dev/loop15: []: (/var/lib/snapd/snaps/core22_2411.snap)
/dev/loop43: []: (/var/lib/snapd/snaps/firefox_8107.snap)
/dev/loop6: []: (/var/lib/snapd/snaps/core24_1499.snap)
/dev/loop23: []: (/ewf1), offset 33619968, sizelimit 855638016
/dev/loop13: []: (/var/lib/snapd/snaps/snap-store_1113.snap)
/dev/loop4: []: (/var/lib/snapd/snaps/core22_2045.snap)
/dev/loop31: []: (/var/lib/snapd/snaps/core24_1587.snap)
/dev/loop21: []: (/var/lib/snapd/snaps/mesa-2404_1165.snap)
/dev/loop11: []: (/var/lib/snapd/snaps/gtk-common-themes_1534.snap)
/dev/loop2: []: (/ewf1), offset 33619968, sizelimit 855638016
/dev/loop58: []: (/var/lib/snapd/snaps/snapd_26865.snap)
/dev/loop0: []: (/var/lib/snapd/snaps/bare_5.snap)
/dev/loop18: []: (/ewf1), offset 33619968, sizelimit 855638016
/dev/loop9: []: (/var/lib/snapd/snaps/core20_2769.snap)
/dev/loop16: []: (/ewf1), offset 33619968, sizelimit 855638016
/dev/loop7: []: (/var/lib/snapd/snaps/gnome-3-38-2004_140.snap)
/dev/loop14: []: (/var/lib/snapd/snaps/snap-store_1216.snap)
/dev/loop5: []: (/var/lib/snapd/snaps/core20_2717.snap)
/dev/loop22: []: (/var/lib/snapd/snaps/gnome-46-2404_153.snap)
/dev/loop12: []: (/var/lib/snapd/snaps/gtk-common-themes_1535.snap)
/dev/loop3: []: (/var/lib/snapd/snaps/gnome-42-2204_247.snap)
/dev/loop20: []: (/var/lib/snapd/snaps/firefox_8054.snap)
/dev/loop10: []: (/var/lib/snapd/snaps/gnome-42-2204_202.snap)
[KERNEL ERRORS]
----------------------------------------------------------

--- CHECKPOINT: 11/05/2026 04:52:12 ---
[DOCKER STATS]
[HOST RAM]
               total        used        free      shared  buff/cache   available
Mem:            62Gi       1,3Gi        20Gi       5,0Mi        41Gi        60Gi
Swap:           14Gi       5,0Mi        14Gi
[LOOP DEVICES]
/dev/loop1: []: (/var/lib/snapd/snaps/snapd_26382.snap)
/dev/loop19: []: (/ewf1), offset 33619968, sizelimit 855638016
/dev/loop75: []: (/var/lib/snapd/snaps/firefox_8191.snap)
/dev/loop17: []: (/ewf1), offset 33619968, sizelimit 855638016
/dev/loop45: []: (/var/lib/snapd/snaps/snapd-desktop-integration_361.snap)
/dev/loop73: []: (/ewf1), offset 33619968, sizelimit 855638016
/dev/loop8: []: (/var/lib/snapd/snaps/gnome-3-38-2004_143.snap)
/dev/loop35: []: (/var/lib/snapd/snaps/snapd-desktop-integration_357.snap)
/dev/loop15: []: (/var/lib/snapd/snaps/core22_2411.snap)
/dev/loop43: []: (/var/lib/snapd/snaps/firefox_8107.snap)
/dev/loop6: []: (/var/lib/snapd/snaps/core24_1499.snap)
/dev/loop23: []: (/ewf1), offset 33619968, sizelimit 855638016
/dev/loop13: []: (/var/lib/snapd/snaps/snap-store_1113.snap)
/dev/loop4: []: (/var/lib/snapd/snaps/core22_2045.snap)
/dev/loop31: []: (/var/lib/snapd/snaps/core24_1587.snap)
/dev/loop21: []: (/var/lib/snapd/snaps/mesa-2404_1165.snap)
/dev/loop11: []: (/var/lib/snapd/snaps/gtk-common-themes_1534.snap)
/dev/loop2: []: (/ewf1), offset 33619968, sizelimit 855638016
/dev/loop58: []: (/var/lib/snapd/snaps/snapd_26865.snap)
/dev/loop0: []: (/var/lib/snapd/snaps/bare_5.snap)
/dev/loop18: []: (/ewf1), offset 33619968, sizelimit 855638016
/dev/loop9: []: (/var/lib/snapd/snaps/core20_2769.snap)
/dev/loop16: []: (/ewf1), offset 33619968, sizelimit 855638016
/dev/loop7: []: (/var/lib/snapd/snaps/gnome-3-38-2004_140.snap)
/dev/loop14: []: (/var/lib/snapd/snaps/snap-store_1216.snap)
/dev/loop5: []: (/var/lib/snapd/snaps/core20_2717.snap)
/dev/loop22: []: (/var/lib/snapd/snaps/gnome-46-2404_153.snap)
/dev/loop12: []: (/var/lib/snapd/snaps/gtk-common-themes_1535.snap)
/dev/loop3: []: (/var/lib/snapd/snaps/gnome-42-2204_247.snap)
/dev/loop20: []: (/var/lib/snapd/snaps/firefox_8054.snap)
/dev/loop10: []: (/var/lib/snapd/snaps/gnome-42-2204_202.snap)
[KERNEL ERRORS]
----------------------------------------------------------

--- CHECKPOINT: 11/05/2026 04:57:13 ---
[DOCKER STATS]
[HOST RAM]
               total        used        free      shared  buff/cache   available
Mem:            62Gi       1,3Gi        20Gi       5,0Mi        41Gi        60Gi
Swap:           14Gi       5,0Mi        14Gi
[LOOP DEVICES]
/dev/loop1: []: (/var/lib/snapd/snaps/snapd_26382.snap)
/dev/loop19: []: (/ewf1), offset 33619968, sizelimit 855638016
/dev/loop75: []: (/var/lib/snapd/snaps/firefox_8191.snap)
/dev/loop17: []: (/ewf1), offset 33619968, sizelimit 855638016
/dev/loop45: []: (/var/lib/snapd/snaps/snapd-desktop-integration_361.snap)
/dev/loop73: []: (/ewf1), offset 33619968, sizelimit 855638016
/dev/loop8: []: (/var/lib/snapd/snaps/gnome-3-38-2004_143.snap)
/dev/loop35: []: (/var/lib/snapd/snaps/snapd-desktop-integration_357.snap)
/dev/loop15: []: (/var/lib/snapd/snaps/core22_2411.snap)
/dev/loop43: []: (/var/lib/snapd/snaps/firefox_8107.snap)
/dev/loop6: []: (/var/lib/snapd/snaps/core24_1499.snap)
/dev/loop23: []: (/ewf1), offset 33619968, sizelimit 855638016
/dev/loop13: []: (/var/lib/snapd/snaps/snap-store_1113.snap)
/dev/loop4: []: (/var/lib/snapd/snaps/core22_2045.snap)
/dev/loop31: []: (/var/lib/snapd/snaps/core24_1587.snap)
/dev/loop21: []: (/var/lib/snapd/snaps/mesa-2404_1165.snap)
/dev/loop11: []: (/var/lib/snapd/snaps/gtk-common-themes_1534.snap)
/dev/loop2: []: (/ewf1), offset 33619968, sizelimit 855638016
/dev/loop58: []: (/var/lib/snapd/snaps/snapd_26865.snap)
/dev/loop0: []: (/var/lib/snapd/snaps/bare_5.snap)
/dev/loop18: []: (/ewf1), offset 33619968, sizelimit 855638016
/dev/loop9: []: (/var/lib/snapd/snaps/core20_2769.snap)
/dev/loop16: []: (/ewf1), offset 33619968, sizelimit 855638016
/dev/loop7: []: (/var/lib/snapd/snaps/gnome-3-38-2004_140.snap)
/dev/loop14: []: (/var/lib/snapd/snaps/snap-store_1216.snap)
/dev/loop5: []: (/var/lib/snapd/snaps/core20_2717.snap)
/dev/loop22: []: (/var/lib/snapd/snaps/gnome-46-2404_153.snap)
/dev/loop12: []: (/var/lib/snapd/snaps/gtk-common-themes_1535.snap)
/dev/loop3: []: (/var/lib/snapd/snaps/gnome-42-2204_247.snap)
/dev/loop20: []: (/var/lib/snapd/snaps/firefox_8054.snap)
/dev/loop10: []: (/var/lib/snapd/snaps/gnome-42-2204_202.snap)
[KERNEL ERRORS]
----------------------------------------------------------

--- CHECKPOINT: 11/05/2026 05:02:13 ---
[DOCKER STATS]
[HOST RAM]
               total        used        free      shared  buff/cache   available
Mem:            62Gi       1,3Gi        20Gi       5,0Mi        41Gi        60Gi
Swap:           14Gi       5,0Mi        14Gi
[LOOP DEVICES]
/dev/loop1: []: (/var/lib/snapd/snaps/snapd_26382.snap)
/dev/loop19: []: (/ewf1), offset 33619968, sizelimit 855638016
/dev/loop75: []: (/var/lib/snapd/snaps/firefox_8191.snap)
/dev/loop17: []: (/ewf1), offset 33619968, sizelimit 855638016
/dev/loop45: []: (/var/lib/snapd/snaps/snapd-desktop-integration_361.snap)
/dev/loop73: []: (/ewf1), offset 33619968, sizelimit 855638016
/dev/loop8: []: (/var/lib/snapd/snaps/gnome-3-38-2004_143.snap)
/dev/loop35: []: (/var/lib/snapd/snaps/snapd-desktop-integration_357.snap)
/dev/loop15: []: (/var/lib/snapd/snaps/core22_2411.snap)
/dev/loop43: []: (/var/lib/snapd/snaps/firefox_8107.snap)
/dev/loop6: []: (/var/lib/snapd/snaps/core24_1499.snap)
/dev/loop23: []: (/ewf1), offset 33619968, sizelimit 855638016
/dev/loop13: []: (/var/lib/snapd/snaps/snap-store_1113.snap)
/dev/loop4: []: (/var/lib/snapd/snaps/core22_2045.snap)
/dev/loop31: []: (/var/lib/snapd/snaps/core24_1587.snap)
/dev/loop21: []: (/var/lib/snapd/snaps/mesa-2404_1165.snap)
/dev/loop11: []: (/var/lib/snapd/snaps/gtk-common-themes_1534.snap)
/dev/loop2: []: (/ewf1), offset 33619968, sizelimit 855638016
/dev/loop58: []: (/var/lib/snapd/snaps/snapd_26865.snap)
/dev/loop0: []: (/var/lib/snapd/snaps/bare_5.snap)
/dev/loop18: []: (/ewf1), offset 33619968, sizelimit 855638016
/dev/loop9: []: (/var/lib/snapd/snaps/core20_2769.snap)
/dev/loop16: []: (/ewf1), offset 33619968, sizelimit 855638016
/dev/loop7: []: (/var/lib/snapd/snaps/gnome-3-38-2004_140.snap)
/dev/loop14: []: (/var/lib/snapd/snaps/snap-store_1216.snap)
/dev/loop5: []: (/var/lib/snapd/snaps/core20_2717.snap)
/dev/loop22: []: (/var/lib/snapd/snaps/gnome-46-2404_153.snap)
/dev/loop12: []: (/var/lib/snapd/snaps/gtk-common-themes_1535.snap)
/dev/loop3: []: (/var/lib/snapd/snaps/gnome-42-2204_247.snap)
/dev/loop20: []: (/var/lib/snapd/snaps/firefox_8054.snap)
/dev/loop10: []: (/var/lib/snapd/snaps/gnome-42-2204_202.snap)
[KERNEL ERRORS]
----------------------------------------------------------

--- CHECKPOINT: 11/05/2026 05:07:13 ---
[DOCKER STATS]
[HOST RAM]
               total        used        free      shared  buff/cache   available
Mem:            62Gi       1,3Gi        20Gi       5,0Mi        41Gi        60Gi
Swap:           14Gi       5,0Mi        14Gi
[LOOP DEVICES]
/dev/loop1: []: (/var/lib/snapd/snaps/snapd_26382.snap)
/dev/loop19: []: (/ewf1), offset 33619968, sizelimit 855638016
/dev/loop75: []: (/var/lib/snapd/snaps/firefox_8191.snap)
/dev/loop17: []: (/ewf1), offset 33619968, sizelimit 855638016
/dev/loop45: []: (/var/lib/snapd/snaps/snapd-desktop-integration_361.snap)
/dev/loop73: []: (/ewf1), offset 33619968, sizelimit 855638016
/dev/loop8: []: (/var/lib/snapd/snaps/gnome-3-38-2004_143.snap)
/dev/loop35: []: (/var/lib/snapd/snaps/snapd-desktop-integration_357.snap)
/dev/loop15: []: (/var/lib/snapd/snaps/core22_2411.snap)
/dev/loop43: []: (/var/lib/snapd/snaps/firefox_8107.snap)
/dev/loop6: []: (/var/lib/snapd/snaps/core24_1499.snap)
/dev/loop23: []: (/ewf1), offset 33619968, sizelimit 855638016
/dev/loop13: []: (/var/lib/snapd/snaps/snap-store_1113.snap)
/dev/loop4: []: (/var/lib/snapd/snaps/core22_2045.snap)
/dev/loop31: []: (/var/lib/snapd/snaps/core24_1587.snap)
/dev/loop21: []: (/var/lib/snapd/snaps/mesa-2404_1165.snap)
/dev/loop11: []: (/var/lib/snapd/snaps/gtk-common-themes_1534.snap)
/dev/loop2: []: (/ewf1), offset 33619968, sizelimit 855638016
/dev/loop58: []: (/var/lib/snapd/snaps/snapd_26865.snap)
/dev/loop0: []: (/var/lib/snapd/snaps/bare_5.snap)
/dev/loop18: []: (/ewf1), offset 33619968, sizelimit 855638016
/dev/loop9: []: (/var/lib/snapd/snaps/core20_2769.snap)
/dev/loop16: []: (/ewf1), offset 33619968, sizelimit 855638016
/dev/loop7: []: (/var/lib/snapd/snaps/gnome-3-38-2004_140.snap)
/dev/loop14: []: (/var/lib/snapd/snaps/snap-store_1216.snap)
/dev/loop5: []: (/var/lib/snapd/snaps/core20_2717.snap)
/dev/loop22: []: (/var/lib/snapd/snaps/gnome-46-2404_153.snap)
/dev/loop12: []: (/var/lib/snapd/snaps/gtk-common-themes_1535.snap)
/dev/loop3: []: (/var/lib/snapd/snaps/gnome-42-2204_247.snap)
/dev/loop20: []: (/var/lib/snapd/snaps/firefox_8054.snap)
/dev/loop10: []: (/var/lib/snapd/snaps/gnome-42-2204_202.snap)
[KERNEL ERRORS]
----------------------------------------------------------

--- CHECKPOINT: 11/05/2026 05:12:13 ---
[DOCKER STATS]
[HOST RAM]
               total        used        free      shared  buff/cache   available
Mem:            62Gi       1,3Gi        20Gi       5,0Mi        41Gi        60Gi
Swap:           14Gi       5,0Mi        14Gi
[LOOP DEVICES]
/dev/loop1: []: (/var/lib/snapd/snaps/snapd_26382.snap)
/dev/loop19: []: (/ewf1), offset 33619968, sizelimit 855638016
/dev/loop75: []: (/var/lib/snapd/snaps/firefox_8191.snap)
/dev/loop17: []: (/ewf1), offset 33619968, sizelimit 855638016
/dev/loop45: []: (/var/lib/snapd/snaps/snapd-desktop-integration_361.snap)
/dev/loop73: []: (/ewf1), offset 33619968, sizelimit 855638016
/dev/loop8: []: (/var/lib/snapd/snaps/gnome-3-38-2004_143.snap)
/dev/loop35: []: (/var/lib/snapd/snaps/snapd-desktop-integration_357.snap)
/dev/loop15: []: (/var/lib/snapd/snaps/core22_2411.snap)
/dev/loop43: []: (/var/lib/snapd/snaps/firefox_8107.snap)
/dev/loop6: []: (/var/lib/snapd/snaps/core24_1499.snap)
/dev/loop23: []: (/ewf1), offset 33619968, sizelimit 855638016
/dev/loop13: []: (/var/lib/snapd/snaps/snap-store_1113.snap)
/dev/loop4: []: (/var/lib/snapd/snaps/core22_2045.snap)
/dev/loop31: []: (/var/lib/snapd/snaps/core24_1587.snap)
/dev/loop21: []: (/var/lib/snapd/snaps/mesa-2404_1165.snap)
/dev/loop11: []: (/var/lib/snapd/snaps/gtk-common-themes_1534.snap)
/dev/loop2: []: (/ewf1), offset 33619968, sizelimit 855638016
/dev/loop58: []: (/var/lib/snapd/snaps/snapd_26865.snap)
/dev/loop0: []: (/var/lib/snapd/snaps/bare_5.snap)
/dev/loop18: []: (/ewf1), offset 33619968, sizelimit 855638016
/dev/loop9: []: (/var/lib/snapd/snaps/core20_2769.snap)
/dev/loop16: []: (/ewf1), offset 33619968, sizelimit 855638016
/dev/loop7: []: (/var/lib/snapd/snaps/gnome-3-38-2004_140.snap)
/dev/loop14: []: (/var/lib/snapd/snaps/snap-store_1216.snap)
/dev/loop5: []: (/var/lib/snapd/snaps/core20_2717.snap)
/dev/loop22: []: (/var/lib/snapd/snaps/gnome-46-2404_153.snap)
/dev/loop12: []: (/var/lib/snapd/snaps/gtk-common-themes_1535.snap)
/dev/loop3: []: (/var/lib/snapd/snaps/gnome-42-2204_247.snap)
/dev/loop20: []: (/var/lib/snapd/snaps/firefox_8054.snap)
/dev/loop10: []: (/var/lib/snapd/snaps/gnome-42-2204_202.snap)
[KERNEL ERRORS]
----------------------------------------------------------

--- CHECKPOINT: 11/05/2026 05:17:13 ---
[DOCKER STATS]
[HOST RAM]
               total        used        free      shared  buff/cache   available
Mem:            62Gi       1,3Gi        20Gi       5,0Mi        41Gi        60Gi
Swap:           14Gi       5,0Mi        14Gi
[LOOP DEVICES]
/dev/loop1: []: (/var/lib/snapd/snaps/snapd_26382.snap)
/dev/loop19: []: (/ewf1), offset 33619968, sizelimit 855638016
/dev/loop75: []: (/var/lib/snapd/snaps/firefox_8191.snap)
/dev/loop17: []: (/ewf1), offset 33619968, sizelimit 855638016
/dev/loop45: []: (/var/lib/snapd/snaps/snapd-desktop-integration_361.snap)
/dev/loop73: []: (/ewf1), offset 33619968, sizelimit 855638016
/dev/loop8: []: (/var/lib/snapd/snaps/gnome-3-38-2004_143.snap)
/dev/loop35: []: (/var/lib/snapd/snaps/snapd-desktop-integration_357.snap)
/dev/loop15: []: (/var/lib/snapd/snaps/core22_2411.snap)
/dev/loop43: []: (/var/lib/snapd/snaps/firefox_8107.snap)
/dev/loop6: []: (/var/lib/snapd/snaps/core24_1499.snap)
/dev/loop23: []: (/ewf1), offset 33619968, sizelimit 855638016
/dev/loop13: []: (/var/lib/snapd/snaps/snap-store_1113.snap)
/dev/loop4: []: (/var/lib/snapd/snaps/core22_2045.snap)
/dev/loop31: []: (/var/lib/snapd/snaps/core24_1587.snap)
/dev/loop21: []: (/var/lib/snapd/snaps/mesa-2404_1165.snap)
/dev/loop11: []: (/var/lib/snapd/snaps/gtk-common-themes_1534.snap)
/dev/loop2: []: (/ewf1), offset 33619968, sizelimit 855638016
/dev/loop58: []: (/var/lib/snapd/snaps/snapd_26865.snap)
/dev/loop0: []: (/var/lib/snapd/snaps/bare_5.snap)
/dev/loop18: []: (/ewf1), offset 33619968, sizelimit 855638016
/dev/loop9: []: (/var/lib/snapd/snaps/core20_2769.snap)
/dev/loop16: []: (/ewf1), offset 33619968, sizelimit 855638016
/dev/loop7: []: (/var/lib/snapd/snaps/gnome-3-38-2004_140.snap)
/dev/loop14: []: (/var/lib/snapd/snaps/snap-store_1216.snap)
/dev/loop5: []: (/var/lib/snapd/snaps/core20_2717.snap)
/dev/loop22: []: (/var/lib/snapd/snaps/gnome-46-2404_153.snap)
/dev/loop12: []: (/var/lib/snapd/snaps/gtk-common-themes_1535.snap)
/dev/loop3: []: (/var/lib/snapd/snaps/gnome-42-2204_247.snap)
/dev/loop20: []: (/var/lib/snapd/snaps/firefox_8054.snap)
/dev/loop10: []: (/var/lib/snapd/snaps/gnome-42-2204_202.snap)
[KERNEL ERRORS]
----------------------------------------------------------

--- CHECKPOINT: 11/05/2026 05:22:13 ---
[DOCKER STATS]
[HOST RAM]
               total        used        free      shared  buff/cache   available
Mem:            62Gi       1,3Gi        20Gi       5,0Mi        41Gi        60Gi
Swap:           14Gi       5,0Mi        14Gi
[LOOP DEVICES]
/dev/loop1: []: (/var/lib/snapd/snaps/snapd_26382.snap)
/dev/loop19: []: (/ewf1), offset 33619968, sizelimit 855638016
/dev/loop75: []: (/var/lib/snapd/snaps/firefox_8191.snap)
/dev/loop17: []: (/ewf1), offset 33619968, sizelimit 855638016
/dev/loop45: []: (/var/lib/snapd/snaps/snapd-desktop-integration_361.snap)
/dev/loop73: []: (/ewf1), offset 33619968, sizelimit 855638016
/dev/loop8: []: (/var/lib/snapd/snaps/gnome-3-38-2004_143.snap)
/dev/loop35: []: (/var/lib/snapd/snaps/snapd-desktop-integration_357.snap)
/dev/loop15: []: (/var/lib/snapd/snaps/core22_2411.snap)
/dev/loop43: []: (/var/lib/snapd/snaps/firefox_8107.snap)
/dev/loop6: []: (/var/lib/snapd/snaps/core24_1499.snap)
/dev/loop23: []: (/ewf1), offset 33619968, sizelimit 855638016
/dev/loop13: []: (/var/lib/snapd/snaps/snap-store_1113.snap)
/dev/loop4: []: (/var/lib/snapd/snaps/core22_2045.snap)
/dev/loop31: []: (/var/lib/snapd/snaps/core24_1587.snap)
/dev/loop21: []: (/var/lib/snapd/snaps/mesa-2404_1165.snap)
/dev/loop11: []: (/var/lib/snapd/snaps/gtk-common-themes_1534.snap)
/dev/loop2: []: (/ewf1), offset 33619968, sizelimit 855638016
/dev/loop58: []: (/var/lib/snapd/snaps/snapd_26865.snap)
/dev/loop0: []: (/var/lib/snapd/snaps/bare_5.snap)
/dev/loop18: []: (/ewf1), offset 33619968, sizelimit 855638016
/dev/loop9: []: (/var/lib/snapd/snaps/core20_2769.snap)
/dev/loop16: []: (/ewf1), offset 33619968, sizelimit 855638016
/dev/loop7: []: (/var/lib/snapd/snaps/gnome-3-38-2004_140.snap)
/dev/loop14: []: (/var/lib/snapd/snaps/snap-store_1216.snap)
/dev/loop5: []: (/var/lib/snapd/snaps/core20_2717.snap)
/dev/loop22: []: (/var/lib/snapd/snaps/gnome-46-2404_153.snap)
/dev/loop12: []: (/var/lib/snapd/snaps/gtk-common-themes_1535.snap)
/dev/loop3: []: (/var/lib/snapd/snaps/gnome-42-2204_247.snap)
/dev/loop20: []: (/var/lib/snapd/snaps/firefox_8054.snap)
/dev/loop10: []: (/var/lib/snapd/snaps/gnome-42-2204_202.snap)
[KERNEL ERRORS]
----------------------------------------------------------

--- CHECKPOINT: 11/05/2026 05:27:13 ---
[DOCKER STATS]
[HOST RAM]
               total        used        free      shared  buff/cache   available
Mem:            62Gi       1,3Gi        20Gi       5,0Mi        41Gi        60Gi
Swap:           14Gi       5,0Mi        14Gi
[LOOP DEVICES]
/dev/loop1: []: (/var/lib/snapd/snaps/snapd_26382.snap)
/dev/loop19: []: (/ewf1), offset 33619968, sizelimit 855638016
/dev/loop75: []: (/var/lib/snapd/snaps/firefox_8191.snap)
/dev/loop17: []: (/ewf1), offset 33619968, sizelimit 855638016
/dev/loop45: []: (/var/lib/snapd/snaps/snapd-desktop-integration_361.snap)
/dev/loop73: []: (/ewf1), offset 33619968, sizelimit 855638016
/dev/loop8: []: (/var/lib/snapd/snaps/gnome-3-38-2004_143.snap)
/dev/loop35: []: (/var/lib/snapd/snaps/snapd-desktop-integration_357.snap)
/dev/loop15: []: (/var/lib/snapd/snaps/core22_2411.snap)
/dev/loop43: []: (/var/lib/snapd/snaps/firefox_8107.snap)
/dev/loop6: []: (/var/lib/snapd/snaps/core24_1499.snap)
/dev/loop23: []: (/ewf1), offset 33619968, sizelimit 855638016
/dev/loop13: []: (/var/lib/snapd/snaps/snap-store_1113.snap)
/dev/loop4: []: (/var/lib/snapd/snaps/core22_2045.snap)
/dev/loop31: []: (/var/lib/snapd/snaps/core24_1587.snap)
/dev/loop21: []: (/var/lib/snapd/snaps/mesa-2404_1165.snap)
/dev/loop11: []: (/var/lib/snapd/snaps/gtk-common-themes_1534.snap)
/dev/loop2: []: (/ewf1), offset 33619968, sizelimit 855638016
/dev/loop58: []: (/var/lib/snapd/snaps/snapd_26865.snap)
/dev/loop0: []: (/var/lib/snapd/snaps/bare_5.snap)
/dev/loop18: []: (/ewf1), offset 33619968, sizelimit 855638016
/dev/loop9: []: (/var/lib/snapd/snaps/core20_2769.snap)
/dev/loop16: []: (/ewf1), offset 33619968, sizelimit 855638016
/dev/loop7: []: (/var/lib/snapd/snaps/gnome-3-38-2004_140.snap)
/dev/loop14: []: (/var/lib/snapd/snaps/snap-store_1216.snap)
/dev/loop5: []: (/var/lib/snapd/snaps/core20_2717.snap)
/dev/loop22: []: (/var/lib/snapd/snaps/gnome-46-2404_153.snap)
/dev/loop12: []: (/var/lib/snapd/snaps/gtk-common-themes_1535.snap)
/dev/loop3: []: (/var/lib/snapd/snaps/gnome-42-2204_247.snap)
/dev/loop20: []: (/var/lib/snapd/snaps/firefox_8054.snap)
/dev/loop10: []: (/var/lib/snapd/snaps/gnome-42-2204_202.snap)
[KERNEL ERRORS]
----------------------------------------------------------

--- CHECKPOINT: 11/05/2026 05:32:13 ---
[DOCKER STATS]
[HOST RAM]
               total        used        free      shared  buff/cache   available
Mem:            62Gi       1,3Gi        20Gi       5,0Mi        41Gi        60Gi
Swap:           14Gi       5,0Mi        14Gi
[LOOP DEVICES]
/dev/loop1: []: (/var/lib/snapd/snaps/snapd_26382.snap)
/dev/loop19: []: (/ewf1), offset 33619968, sizelimit 855638016
/dev/loop75: []: (/var/lib/snapd/snaps/firefox_8191.snap)
/dev/loop17: []: (/ewf1), offset 33619968, sizelimit 855638016
/dev/loop45: []: (/var/lib/snapd/snaps/snapd-desktop-integration_361.snap)
/dev/loop73: []: (/ewf1), offset 33619968, sizelimit 855638016
/dev/loop8: []: (/var/lib/snapd/snaps/gnome-3-38-2004_143.snap)
/dev/loop35: []: (/var/lib/snapd/snaps/snapd-desktop-integration_357.snap)
/dev/loop15: []: (/var/lib/snapd/snaps/core22_2411.snap)
/dev/loop43: []: (/var/lib/snapd/snaps/firefox_8107.snap)
/dev/loop6: []: (/var/lib/snapd/snaps/core24_1499.snap)
/dev/loop23: []: (/ewf1), offset 33619968, sizelimit 855638016
/dev/loop13: []: (/var/lib/snapd/snaps/snap-store_1113.snap)
/dev/loop4: []: (/var/lib/snapd/snaps/core22_2045.snap)
/dev/loop31: []: (/var/lib/snapd/snaps/core24_1587.snap)
/dev/loop21: []: (/var/lib/snapd/snaps/mesa-2404_1165.snap)
/dev/loop11: []: (/var/lib/snapd/snaps/gtk-common-themes_1534.snap)
/dev/loop2: []: (/ewf1), offset 33619968, sizelimit 855638016
/dev/loop58: []: (/var/lib/snapd/snaps/snapd_26865.snap)
/dev/loop0: []: (/var/lib/snapd/snaps/bare_5.snap)
/dev/loop18: []: (/ewf1), offset 33619968, sizelimit 855638016
/dev/loop9: []: (/var/lib/snapd/snaps/core20_2769.snap)
/dev/loop16: []: (/ewf1), offset 33619968, sizelimit 855638016
/dev/loop7: []: (/var/lib/snapd/snaps/gnome-3-38-2004_140.snap)
/dev/loop14: []: (/var/lib/snapd/snaps/snap-store_1216.snap)
/dev/loop5: []: (/var/lib/snapd/snaps/core20_2717.snap)
/dev/loop22: []: (/var/lib/snapd/snaps/gnome-46-2404_153.snap)
/dev/loop12: []: (/var/lib/snapd/snaps/gtk-common-themes_1535.snap)
/dev/loop3: []: (/var/lib/snapd/snaps/gnome-42-2204_247.snap)
/dev/loop20: []: (/var/lib/snapd/snaps/firefox_8054.snap)
/dev/loop10: []: (/var/lib/snapd/snaps/gnome-42-2204_202.snap)
[KERNEL ERRORS]
----------------------------------------------------------

--- CHECKPOINT: 11/05/2026 05:37:13 ---
[DOCKER STATS]
[HOST RAM]
               total        used        free      shared  buff/cache   available
Mem:            62Gi       1,3Gi        20Gi       5,0Mi        41Gi        60Gi
Swap:           14Gi       5,0Mi        14Gi
[LOOP DEVICES]
/dev/loop1: []: (/var/lib/snapd/snaps/snapd_26382.snap)
/dev/loop19: []: (/ewf1), offset 33619968, sizelimit 855638016
/dev/loop75: []: (/var/lib/snapd/snaps/firefox_8191.snap)
/dev/loop17: []: (/ewf1), offset 33619968, sizelimit 855638016
/dev/loop45: []: (/var/lib/snapd/snaps/snapd-desktop-integration_361.snap)
/dev/loop73: []: (/ewf1), offset 33619968, sizelimit 855638016
/dev/loop8: []: (/var/lib/snapd/snaps/gnome-3-38-2004_143.snap)
/dev/loop35: []: (/var/lib/snapd/snaps/snapd-desktop-integration_357.snap)
/dev/loop15: []: (/var/lib/snapd/snaps/core22_2411.snap)
/dev/loop43: []: (/var/lib/snapd/snaps/firefox_8107.snap)
/dev/loop6: []: (/var/lib/snapd/snaps/core24_1499.snap)
/dev/loop23: []: (/ewf1), offset 33619968, sizelimit 855638016
/dev/loop13: []: (/var/lib/snapd/snaps/snap-store_1113.snap)
/dev/loop4: []: (/var/lib/snapd/snaps/core22_2045.snap)
/dev/loop31: []: (/var/lib/snapd/snaps/core24_1587.snap)
/dev/loop21: []: (/var/lib/snapd/snaps/mesa-2404_1165.snap)
/dev/loop11: []: (/var/lib/snapd/snaps/gtk-common-themes_1534.snap)
/dev/loop2: []: (/ewf1), offset 33619968, sizelimit 855638016
/dev/loop58: []: (/var/lib/snapd/snaps/snapd_26865.snap)
/dev/loop0: []: (/var/lib/snapd/snaps/bare_5.snap)
/dev/loop18: []: (/ewf1), offset 33619968, sizelimit 855638016
/dev/loop9: []: (/var/lib/snapd/snaps/core20_2769.snap)
/dev/loop16: []: (/ewf1), offset 33619968, sizelimit 855638016
/dev/loop7: []: (/var/lib/snapd/snaps/gnome-3-38-2004_140.snap)
/dev/loop14: []: (/var/lib/snapd/snaps/snap-store_1216.snap)
/dev/loop5: []: (/var/lib/snapd/snaps/core20_2717.snap)
/dev/loop22: []: (/var/lib/snapd/snaps/gnome-46-2404_153.snap)
/dev/loop12: []: (/var/lib/snapd/snaps/gtk-common-themes_1535.snap)
/dev/loop3: []: (/var/lib/snapd/snaps/gnome-42-2204_247.snap)
/dev/loop20: []: (/var/lib/snapd/snaps/firefox_8054.snap)
/dev/loop10: []: (/var/lib/snapd/snaps/gnome-42-2204_202.snap)
[KERNEL ERRORS]
----------------------------------------------------------

--- CHECKPOINT: 11/05/2026 05:42:13 ---
[DOCKER STATS]
[HOST RAM]
               total        used        free      shared  buff/cache   available
Mem:            62Gi       1,3Gi        20Gi       5,0Mi        41Gi        60Gi
Swap:           14Gi       5,0Mi        14Gi
[LOOP DEVICES]
/dev/loop1: []: (/var/lib/snapd/snaps/snapd_26382.snap)
/dev/loop19: []: (/ewf1), offset 33619968, sizelimit 855638016
/dev/loop75: []: (/var/lib/snapd/snaps/firefox_8191.snap)
/dev/loop17: []: (/ewf1), offset 33619968, sizelimit 855638016
/dev/loop45: []: (/var/lib/snapd/snaps/snapd-desktop-integration_361.snap)
/dev/loop73: []: (/ewf1), offset 33619968, sizelimit 855638016
/dev/loop8: []: (/var/lib/snapd/snaps/gnome-3-38-2004_143.snap)
/dev/loop35: []: (/var/lib/snapd/snaps/snapd-desktop-integration_357.snap)
/dev/loop15: []: (/var/lib/snapd/snaps/core22_2411.snap)
/dev/loop43: []: (/var/lib/snapd/snaps/firefox_8107.snap)
/dev/loop6: []: (/var/lib/snapd/snaps/core24_1499.snap)
/dev/loop23: []: (/ewf1), offset 33619968, sizelimit 855638016
/dev/loop13: []: (/var/lib/snapd/snaps/snap-store_1113.snap)
/dev/loop4: []: (/var/lib/snapd/snaps/core22_2045.snap)
/dev/loop31: []: (/var/lib/snapd/snaps/core24_1587.snap)
/dev/loop21: []: (/var/lib/snapd/snaps/mesa-2404_1165.snap)
/dev/loop11: []: (/var/lib/snapd/snaps/gtk-common-themes_1534.snap)
/dev/loop2: []: (/ewf1), offset 33619968, sizelimit 855638016
/dev/loop58: []: (/var/lib/snapd/snaps/snapd_26865.snap)
/dev/loop0: []: (/var/lib/snapd/snaps/bare_5.snap)
/dev/loop18: []: (/ewf1), offset 33619968, sizelimit 855638016
/dev/loop9: []: (/var/lib/snapd/snaps/core20_2769.snap)
/dev/loop16: []: (/ewf1), offset 33619968, sizelimit 855638016
/dev/loop7: []: (/var/lib/snapd/snaps/gnome-3-38-2004_140.snap)
/dev/loop14: []: (/var/lib/snapd/snaps/snap-store_1216.snap)
/dev/loop5: []: (/var/lib/snapd/snaps/core20_2717.snap)
/dev/loop22: []: (/var/lib/snapd/snaps/gnome-46-2404_153.snap)
/dev/loop12: []: (/var/lib/snapd/snaps/gtk-common-themes_1535.snap)
/dev/loop3: []: (/var/lib/snapd/snaps/gnome-42-2204_247.snap)
/dev/loop20: []: (/var/lib/snapd/snaps/firefox_8054.snap)
/dev/loop10: []: (/var/lib/snapd/snaps/gnome-42-2204_202.snap)
[KERNEL ERRORS]
----------------------------------------------------------

--- CHECKPOINT: 11/05/2026 05:47:13 ---
[DOCKER STATS]
[HOST RAM]
               total        used        free      shared  buff/cache   available
Mem:            62Gi       1,3Gi        20Gi       5,0Mi        41Gi        60Gi
Swap:           14Gi       5,0Mi        14Gi
[LOOP DEVICES]
/dev/loop1: []: (/var/lib/snapd/snaps/snapd_26382.snap)
/dev/loop19: []: (/ewf1), offset 33619968, sizelimit 855638016
/dev/loop75: []: (/var/lib/snapd/snaps/firefox_8191.snap)
/dev/loop17: []: (/ewf1), offset 33619968, sizelimit 855638016
/dev/loop45: []: (/var/lib/snapd/snaps/snapd-desktop-integration_361.snap)
/dev/loop73: []: (/ewf1), offset 33619968, sizelimit 855638016
/dev/loop8: []: (/var/lib/snapd/snaps/gnome-3-38-2004_143.snap)
/dev/loop35: []: (/var/lib/snapd/snaps/snapd-desktop-integration_357.snap)
/dev/loop15: []: (/var/lib/snapd/snaps/core22_2411.snap)
/dev/loop43: []: (/var/lib/snapd/snaps/firefox_8107.snap)
/dev/loop6: []: (/var/lib/snapd/snaps/core24_1499.snap)
/dev/loop23: []: (/ewf1), offset 33619968, sizelimit 855638016
/dev/loop13: []: (/var/lib/snapd/snaps/snap-store_1113.snap)
/dev/loop4: []: (/var/lib/snapd/snaps/core22_2045.snap)
/dev/loop31: []: (/var/lib/snapd/snaps/core24_1587.snap)
/dev/loop21: []: (/var/lib/snapd/snaps/mesa-2404_1165.snap)
/dev/loop11: []: (/var/lib/snapd/snaps/gtk-common-themes_1534.snap)
/dev/loop2: []: (/ewf1), offset 33619968, sizelimit 855638016
/dev/loop58: []: (/var/lib/snapd/snaps/snapd_26865.snap)
/dev/loop0: []: (/var/lib/snapd/snaps/bare_5.snap)
/dev/loop18: []: (/ewf1), offset 33619968, sizelimit 855638016
/dev/loop9: []: (/var/lib/snapd/snaps/core20_2769.snap)
/dev/loop16: []: (/ewf1), offset 33619968, sizelimit 855638016
/dev/loop7: []: (/var/lib/snapd/snaps/gnome-3-38-2004_140.snap)
/dev/loop14: []: (/var/lib/snapd/snaps/snap-store_1216.snap)
/dev/loop5: []: (/var/lib/snapd/snaps/core20_2717.snap)
/dev/loop22: []: (/var/lib/snapd/snaps/gnome-46-2404_153.snap)
/dev/loop12: []: (/var/lib/snapd/snaps/gtk-common-themes_1535.snap)
/dev/loop3: []: (/var/lib/snapd/snaps/gnome-42-2204_247.snap)
/dev/loop20: []: (/var/lib/snapd/snaps/firefox_8054.snap)
/dev/loop10: []: (/var/lib/snapd/snaps/gnome-42-2204_202.snap)
[KERNEL ERRORS]
----------------------------------------------------------

--- CHECKPOINT: 11/05/2026 05:52:13 ---
[DOCKER STATS]
[HOST RAM]
               total        used        free      shared  buff/cache   available
Mem:            62Gi       1,3Gi        20Gi       5,0Mi        41Gi        60Gi
Swap:           14Gi       5,0Mi        14Gi
[LOOP DEVICES]
/dev/loop1: []: (/var/lib/snapd/snaps/snapd_26382.snap)
/dev/loop19: []: (/ewf1), offset 33619968, sizelimit 855638016
/dev/loop75: []: (/var/lib/snapd/snaps/firefox_8191.snap)
/dev/loop17: []: (/ewf1), offset 33619968, sizelimit 855638016
/dev/loop45: []: (/var/lib/snapd/snaps/snapd-desktop-integration_361.snap)
/dev/loop73: []: (/ewf1), offset 33619968, sizelimit 855638016
/dev/loop8: []: (/var/lib/snapd/snaps/gnome-3-38-2004_143.snap)
/dev/loop35: []: (/var/lib/snapd/snaps/snapd-desktop-integration_357.snap)
/dev/loop15: []: (/var/lib/snapd/snaps/core22_2411.snap)
/dev/loop43: []: (/var/lib/snapd/snaps/firefox_8107.snap)
/dev/loop6: []: (/var/lib/snapd/snaps/core24_1499.snap)
/dev/loop23: []: (/ewf1), offset 33619968, sizelimit 855638016
/dev/loop13: []: (/var/lib/snapd/snaps/snap-store_1113.snap)
/dev/loop4: []: (/var/lib/snapd/snaps/core22_2045.snap)
/dev/loop31: []: (/var/lib/snapd/snaps/core24_1587.snap)
/dev/loop21: []: (/var/lib/snapd/snaps/mesa-2404_1165.snap)
/dev/loop11: []: (/var/lib/snapd/snaps/gtk-common-themes_1534.snap)
/dev/loop2: []: (/ewf1), offset 33619968, sizelimit 855638016
/dev/loop58: []: (/var/lib/snapd/snaps/snapd_26865.snap)
/dev/loop0: []: (/var/lib/snapd/snaps/bare_5.snap)
/dev/loop18: []: (/ewf1), offset 33619968, sizelimit 855638016
/dev/loop9: []: (/var/lib/snapd/snaps/core20_2769.snap)
/dev/loop16: []: (/ewf1), offset 33619968, sizelimit 855638016
/dev/loop7: []: (/var/lib/snapd/snaps/gnome-3-38-2004_140.snap)
/dev/loop14: []: (/var/lib/snapd/snaps/snap-store_1216.snap)
/dev/loop5: []: (/var/lib/snapd/snaps/core20_2717.snap)
/dev/loop22: []: (/var/lib/snapd/snaps/gnome-46-2404_153.snap)
/dev/loop12: []: (/var/lib/snapd/snaps/gtk-common-themes_1535.snap)
/dev/loop3: []: (/var/lib/snapd/snaps/gnome-42-2204_247.snap)
/dev/loop20: []: (/var/lib/snapd/snaps/firefox_8054.snap)
/dev/loop10: []: (/var/lib/snapd/snaps/gnome-42-2204_202.snap)
[KERNEL ERRORS]
----------------------------------------------------------

--- CHECKPOINT: 11/05/2026 05:57:13 ---
[DOCKER STATS]
[HOST RAM]
               total        used        free      shared  buff/cache   available
Mem:            62Gi       1,3Gi        20Gi       5,0Mi        41Gi        60Gi
Swap:           14Gi       5,0Mi        14Gi
[LOOP DEVICES]
/dev/loop1: []: (/var/lib/snapd/snaps/snapd_26382.snap)
/dev/loop19: []: (/ewf1), offset 33619968, sizelimit 855638016
/dev/loop75: []: (/var/lib/snapd/snaps/firefox_8191.snap)
/dev/loop17: []: (/ewf1), offset 33619968, sizelimit 855638016
/dev/loop45: []: (/var/lib/snapd/snaps/snapd-desktop-integration_361.snap)
/dev/loop73: []: (/ewf1), offset 33619968, sizelimit 855638016
/dev/loop8: []: (/var/lib/snapd/snaps/gnome-3-38-2004_143.snap)
/dev/loop35: []: (/var/lib/snapd/snaps/snapd-desktop-integration_357.snap)
/dev/loop15: []: (/var/lib/snapd/snaps/core22_2411.snap)
/dev/loop43: []: (/var/lib/snapd/snaps/firefox_8107.snap)
/dev/loop6: []: (/var/lib/snapd/snaps/core24_1499.snap)
/dev/loop23: []: (/ewf1), offset 33619968, sizelimit 855638016
/dev/loop13: []: (/var/lib/snapd/snaps/snap-store_1113.snap)
/dev/loop4: []: (/var/lib/snapd/snaps/core22_2045.snap)
/dev/loop31: []: (/var/lib/snapd/snaps/core24_1587.snap)
/dev/loop21: []: (/var/lib/snapd/snaps/mesa-2404_1165.snap)
/dev/loop11: []: (/var/lib/snapd/snaps/gtk-common-themes_1534.snap)
/dev/loop2: []: (/ewf1), offset 33619968, sizelimit 855638016
/dev/loop58: []: (/var/lib/snapd/snaps/snapd_26865.snap)
/dev/loop0: []: (/var/lib/snapd/snaps/bare_5.snap)
/dev/loop18: []: (/ewf1), offset 33619968, sizelimit 855638016
/dev/loop9: []: (/var/lib/snapd/snaps/core20_2769.snap)
/dev/loop16: []: (/ewf1), offset 33619968, sizelimit 855638016
/dev/loop7: []: (/var/lib/snapd/snaps/gnome-3-38-2004_140.snap)
/dev/loop14: []: (/var/lib/snapd/snaps/snap-store_1216.snap)
/dev/loop5: []: (/var/lib/snapd/snaps/core20_2717.snap)
/dev/loop22: []: (/var/lib/snapd/snaps/gnome-46-2404_153.snap)
/dev/loop12: []: (/var/lib/snapd/snaps/gtk-common-themes_1535.snap)
/dev/loop3: []: (/var/lib/snapd/snaps/gnome-42-2204_247.snap)
/dev/loop20: []: (/var/lib/snapd/snaps/firefox_8054.snap)
/dev/loop10: []: (/var/lib/snapd/snaps/gnome-42-2204_202.snap)
[KERNEL ERRORS]
----------------------------------------------------------

--- CHECKPOINT: 11/05/2026 06:02:13 ---
[DOCKER STATS]
[HOST RAM]
               total        used        free      shared  buff/cache   available
Mem:            62Gi       1,3Gi        20Gi       5,0Mi        41Gi        60Gi
Swap:           14Gi       5,0Mi        14Gi
[LOOP DEVICES]
/dev/loop1: []: (/var/lib/snapd/snaps/snapd_26382.snap)
/dev/loop19: []: (/ewf1), offset 33619968, sizelimit 855638016
/dev/loop75: []: (/var/lib/snapd/snaps/firefox_8191.snap)
/dev/loop17: []: (/ewf1), offset 33619968, sizelimit 855638016
/dev/loop45: []: (/var/lib/snapd/snaps/snapd-desktop-integration_361.snap)
/dev/loop73: []: (/ewf1), offset 33619968, sizelimit 855638016
/dev/loop8: []: (/var/lib/snapd/snaps/gnome-3-38-2004_143.snap)
/dev/loop35: []: (/var/lib/snapd/snaps/snapd-desktop-integration_357.snap)
/dev/loop15: []: (/var/lib/snapd/snaps/core22_2411.snap)
/dev/loop43: []: (/var/lib/snapd/snaps/firefox_8107.snap)
/dev/loop6: []: (/var/lib/snapd/snaps/core24_1499.snap)
/dev/loop23: []: (/ewf1), offset 33619968, sizelimit 855638016
/dev/loop13: []: (/var/lib/snapd/snaps/snap-store_1113.snap)
/dev/loop4: []: (/var/lib/snapd/snaps/core22_2045.snap)
/dev/loop31: []: (/var/lib/snapd/snaps/core24_1587.snap)
/dev/loop21: []: (/var/lib/snapd/snaps/mesa-2404_1165.snap)
/dev/loop11: []: (/var/lib/snapd/snaps/gtk-common-themes_1534.snap)
/dev/loop2: []: (/ewf1), offset 33619968, sizelimit 855638016
/dev/loop58: []: (/var/lib/snapd/snaps/snapd_26865.snap)
/dev/loop0: []: (/var/lib/snapd/snaps/bare_5.snap)
/dev/loop18: []: (/ewf1), offset 33619968, sizelimit 855638016
/dev/loop9: []: (/var/lib/snapd/snaps/core20_2769.snap)
/dev/loop16: []: (/ewf1), offset 33619968, sizelimit 855638016
/dev/loop7: []: (/var/lib/snapd/snaps/gnome-3-38-2004_140.snap)
/dev/loop14: []: (/var/lib/snapd/snaps/snap-store_1216.snap)
/dev/loop5: []: (/var/lib/snapd/snaps/core20_2717.snap)
/dev/loop22: []: (/var/lib/snapd/snaps/gnome-46-2404_153.snap)
/dev/loop12: []: (/var/lib/snapd/snaps/gtk-common-themes_1535.snap)
/dev/loop3: []: (/var/lib/snapd/snaps/gnome-42-2204_247.snap)
/dev/loop20: []: (/var/lib/snapd/snaps/firefox_8054.snap)
/dev/loop10: []: (/var/lib/snapd/snaps/gnome-42-2204_202.snap)
[KERNEL ERRORS]
----------------------------------------------------------

--- CHECKPOINT: 11/05/2026 06:07:13 ---
[DOCKER STATS]
[HOST RAM]
               total        used        free      shared  buff/cache   available
Mem:            62Gi       1,3Gi        20Gi       5,0Mi        41Gi        60Gi
Swap:           14Gi       5,0Mi        14Gi
[LOOP DEVICES]
/dev/loop1: []: (/var/lib/snapd/snaps/snapd_26382.snap)
/dev/loop19: []: (/ewf1), offset 33619968, sizelimit 855638016
/dev/loop75: []: (/var/lib/snapd/snaps/firefox_8191.snap)
/dev/loop17: []: (/ewf1), offset 33619968, sizelimit 855638016
/dev/loop45: []: (/var/lib/snapd/snaps/snapd-desktop-integration_361.snap)
/dev/loop73: []: (/ewf1), offset 33619968, sizelimit 855638016
/dev/loop8: []: (/var/lib/snapd/snaps/gnome-3-38-2004_143.snap)
/dev/loop35: []: (/var/lib/snapd/snaps/snapd-desktop-integration_357.snap)
/dev/loop15: []: (/var/lib/snapd/snaps/core22_2411.snap)
/dev/loop43: []: (/var/lib/snapd/snaps/firefox_8107.snap)
/dev/loop6: []: (/var/lib/snapd/snaps/core24_1499.snap)
/dev/loop23: []: (/ewf1), offset 33619968, sizelimit 855638016
/dev/loop13: []: (/var/lib/snapd/snaps/snap-store_1113.snap)
/dev/loop4: []: (/var/lib/snapd/snaps/core22_2045.snap)
/dev/loop31: []: (/var/lib/snapd/snaps/core24_1587.snap)
/dev/loop21: []: (/var/lib/snapd/snaps/mesa-2404_1165.snap)
/dev/loop11: []: (/var/lib/snapd/snaps/gtk-common-themes_1534.snap)
/dev/loop2: []: (/ewf1), offset 33619968, sizelimit 855638016
/dev/loop58: []: (/var/lib/snapd/snaps/snapd_26865.snap)
/dev/loop0: []: (/var/lib/snapd/snaps/bare_5.snap)
/dev/loop18: []: (/ewf1), offset 33619968, sizelimit 855638016
/dev/loop9: []: (/var/lib/snapd/snaps/core20_2769.snap)
/dev/loop16: []: (/ewf1), offset 33619968, sizelimit 855638016
/dev/loop7: []: (/var/lib/snapd/snaps/gnome-3-38-2004_140.snap)
/dev/loop14: []: (/var/lib/snapd/snaps/snap-store_1216.snap)
/dev/loop5: []: (/var/lib/snapd/snaps/core20_2717.snap)
/dev/loop22: []: (/var/lib/snapd/snaps/gnome-46-2404_153.snap)
/dev/loop12: []: (/var/lib/snapd/snaps/gtk-common-themes_1535.snap)
/dev/loop3: []: (/var/lib/snapd/snaps/gnome-42-2204_247.snap)
/dev/loop20: []: (/var/lib/snapd/snaps/firefox_8054.snap)
/dev/loop10: []: (/var/lib/snapd/snaps/gnome-42-2204_202.snap)
[KERNEL ERRORS]
----------------------------------------------------------

--- CHECKPOINT: 11/05/2026 06:12:14 ---
[DOCKER STATS]
[HOST RAM]
               total        used        free      shared  buff/cache   available
Mem:            62Gi       1,3Gi        20Gi       5,0Mi        41Gi        60Gi
Swap:           14Gi       5,0Mi        14Gi
[LOOP DEVICES]
/dev/loop1: []: (/var/lib/snapd/snaps/snapd_26382.snap)
/dev/loop19: []: (/ewf1), offset 33619968, sizelimit 855638016
/dev/loop75: []: (/var/lib/snapd/snaps/firefox_8191.snap)
/dev/loop17: []: (/ewf1), offset 33619968, sizelimit 855638016
/dev/loop45: []: (/var/lib/snapd/snaps/snapd-desktop-integration_361.snap)
/dev/loop73: []: (/ewf1), offset 33619968, sizelimit 855638016
/dev/loop8: []: (/var/lib/snapd/snaps/gnome-3-38-2004_143.snap)
/dev/loop35: []: (/var/lib/snapd/snaps/snapd-desktop-integration_357.snap)
/dev/loop15: []: (/var/lib/snapd/snaps/core22_2411.snap)
/dev/loop43: []: (/var/lib/snapd/snaps/firefox_8107.snap)
/dev/loop6: []: (/var/lib/snapd/snaps/core24_1499.snap)
/dev/loop23: []: (/ewf1), offset 33619968, sizelimit 855638016
/dev/loop13: []: (/var/lib/snapd/snaps/snap-store_1113.snap)
/dev/loop4: []: (/var/lib/snapd/snaps/core22_2045.snap)
/dev/loop31: []: (/var/lib/snapd/snaps/core24_1587.snap)
/dev/loop21: []: (/var/lib/snapd/snaps/mesa-2404_1165.snap)
/dev/loop11: []: (/var/lib/snapd/snaps/gtk-common-themes_1534.snap)
/dev/loop2: []: (/ewf1), offset 33619968, sizelimit 855638016
/dev/loop58: []: (/var/lib/snapd/snaps/snapd_26865.snap)
/dev/loop0: []: (/var/lib/snapd/snaps/bare_5.snap)
/dev/loop18: []: (/ewf1), offset 33619968, sizelimit 855638016
/dev/loop9: []: (/var/lib/snapd/snaps/core20_2769.snap)
/dev/loop16: []: (/ewf1), offset 33619968, sizelimit 855638016
/dev/loop7: []: (/var/lib/snapd/snaps/gnome-3-38-2004_140.snap)
/dev/loop14: []: (/var/lib/snapd/snaps/snap-store_1216.snap)
/dev/loop5: []: (/var/lib/snapd/snaps/core20_2717.snap)
/dev/loop22: []: (/var/lib/snapd/snaps/gnome-46-2404_153.snap)
/dev/loop12: []: (/var/lib/snapd/snaps/gtk-common-themes_1535.snap)
/dev/loop3: []: (/var/lib/snapd/snaps/gnome-42-2204_247.snap)
/dev/loop20: []: (/var/lib/snapd/snaps/firefox_8054.snap)
/dev/loop10: []: (/var/lib/snapd/snaps/gnome-42-2204_202.snap)
[KERNEL ERRORS]
----------------------------------------------------------

--- CHECKPOINT: 11/05/2026 06:17:14 ---
[DOCKER STATS]
[HOST RAM]
               total        used        free      shared  buff/cache   available
Mem:            62Gi       1,3Gi        20Gi       5,0Mi        41Gi        60Gi
Swap:           14Gi       5,0Mi        14Gi
[LOOP DEVICES]
/dev/loop1: []: (/var/lib/snapd/snaps/snapd_26382.snap)
/dev/loop19: []: (/ewf1), offset 33619968, sizelimit 855638016
/dev/loop75: []: (/var/lib/snapd/snaps/firefox_8191.snap)
/dev/loop17: []: (/ewf1), offset 33619968, sizelimit 855638016
/dev/loop45: []: (/var/lib/snapd/snaps/snapd-desktop-integration_361.snap)
/dev/loop73: []: (/ewf1), offset 33619968, sizelimit 855638016
/dev/loop8: []: (/var/lib/snapd/snaps/gnome-3-38-2004_143.snap)
/dev/loop35: []: (/var/lib/snapd/snaps/snapd-desktop-integration_357.snap)
/dev/loop15: []: (/var/lib/snapd/snaps/core22_2411.snap)
/dev/loop43: []: (/var/lib/snapd/snaps/firefox_8107.snap)
/dev/loop6: []: (/var/lib/snapd/snaps/core24_1499.snap)
/dev/loop23: []: (/ewf1), offset 33619968, sizelimit 855638016
/dev/loop13: []: (/var/lib/snapd/snaps/snap-store_1113.snap)
/dev/loop4: []: (/var/lib/snapd/snaps/core22_2045.snap)
/dev/loop31: []: (/var/lib/snapd/snaps/core24_1587.snap)
/dev/loop21: []: (/var/lib/snapd/snaps/mesa-2404_1165.snap)
/dev/loop11: []: (/var/lib/snapd/snaps/gtk-common-themes_1534.snap)
/dev/loop2: []: (/ewf1), offset 33619968, sizelimit 855638016
/dev/loop58: []: (/var/lib/snapd/snaps/snapd_26865.snap)
/dev/loop0: []: (/var/lib/snapd/snaps/bare_5.snap)
/dev/loop18: []: (/ewf1), offset 33619968, sizelimit 855638016
/dev/loop9: []: (/var/lib/snapd/snaps/core20_2769.snap)
/dev/loop16: []: (/ewf1), offset 33619968, sizelimit 855638016
/dev/loop7: []: (/var/lib/snapd/snaps/gnome-3-38-2004_140.snap)
/dev/loop14: []: (/var/lib/snapd/snaps/snap-store_1216.snap)
/dev/loop5: []: (/var/lib/snapd/snaps/core20_2717.snap)
/dev/loop22: []: (/var/lib/snapd/snaps/gnome-46-2404_153.snap)
/dev/loop12: []: (/var/lib/snapd/snaps/gtk-common-themes_1535.snap)
/dev/loop3: []: (/var/lib/snapd/snaps/gnome-42-2204_247.snap)
/dev/loop20: []: (/var/lib/snapd/snaps/firefox_8054.snap)
/dev/loop10: []: (/var/lib/snapd/snaps/gnome-42-2204_202.snap)
[KERNEL ERRORS]
----------------------------------------------------------

--- CHECKPOINT: 11/05/2026 06:22:14 ---
[DOCKER STATS]
[HOST RAM]
               total        used        free      shared  buff/cache   available
Mem:            62Gi       1,3Gi        20Gi       5,0Mi        41Gi        60Gi
Swap:           14Gi       5,0Mi        14Gi
[LOOP DEVICES]
/dev/loop1: []: (/var/lib/snapd/snaps/snapd_26382.snap)
/dev/loop19: []: (/ewf1), offset 33619968, sizelimit 855638016
/dev/loop75: []: (/var/lib/snapd/snaps/firefox_8191.snap)
/dev/loop17: []: (/ewf1), offset 33619968, sizelimit 855638016
/dev/loop45: []: (/var/lib/snapd/snaps/snapd-desktop-integration_361.snap)
/dev/loop73: []: (/ewf1), offset 33619968, sizelimit 855638016
/dev/loop8: []: (/var/lib/snapd/snaps/gnome-3-38-2004_143.snap)
/dev/loop35: []: (/var/lib/snapd/snaps/snapd-desktop-integration_357.snap)
/dev/loop15: []: (/var/lib/snapd/snaps/core22_2411.snap)
/dev/loop43: []: (/var/lib/snapd/snaps/firefox_8107.snap)
/dev/loop6: []: (/var/lib/snapd/snaps/core24_1499.snap)
/dev/loop23: []: (/ewf1), offset 33619968, sizelimit 855638016
/dev/loop13: []: (/var/lib/snapd/snaps/snap-store_1113.snap)
/dev/loop4: []: (/var/lib/snapd/snaps/core22_2045.snap)
/dev/loop31: []: (/var/lib/snapd/snaps/core24_1587.snap)
/dev/loop21: []: (/var/lib/snapd/snaps/mesa-2404_1165.snap)
/dev/loop11: []: (/var/lib/snapd/snaps/gtk-common-themes_1534.snap)
/dev/loop2: []: (/ewf1), offset 33619968, sizelimit 855638016
/dev/loop58: []: (/var/lib/snapd/snaps/snapd_26865.snap)
/dev/loop0: []: (/var/lib/snapd/snaps/bare_5.snap)
/dev/loop18: []: (/ewf1), offset 33619968, sizelimit 855638016
/dev/loop9: []: (/var/lib/snapd/snaps/core20_2769.snap)
/dev/loop16: []: (/ewf1), offset 33619968, sizelimit 855638016
/dev/loop7: []: (/var/lib/snapd/snaps/gnome-3-38-2004_140.snap)
/dev/loop14: []: (/var/lib/snapd/snaps/snap-store_1216.snap)
/dev/loop5: []: (/var/lib/snapd/snaps/core20_2717.snap)
/dev/loop22: []: (/var/lib/snapd/snaps/gnome-46-2404_153.snap)
/dev/loop12: []: (/var/lib/snapd/snaps/gtk-common-themes_1535.snap)
/dev/loop3: []: (/var/lib/snapd/snaps/gnome-42-2204_247.snap)
/dev/loop20: []: (/var/lib/snapd/snaps/firefox_8054.snap)
/dev/loop10: []: (/var/lib/snapd/snaps/gnome-42-2204_202.snap)
[KERNEL ERRORS]
----------------------------------------------------------

--- CHECKPOINT: 11/05/2026 06:27:14 ---
[DOCKER STATS]
[HOST RAM]
               total        used        free      shared  buff/cache   available
Mem:            62Gi       1,3Gi        20Gi       5,0Mi        41Gi        60Gi
Swap:           14Gi       5,0Mi        14Gi
[LOOP DEVICES]
/dev/loop1: []: (/var/lib/snapd/snaps/snapd_26382.snap)
/dev/loop19: []: (/ewf1), offset 33619968, sizelimit 855638016
/dev/loop75: []: (/var/lib/snapd/snaps/firefox_8191.snap)
/dev/loop17: []: (/ewf1), offset 33619968, sizelimit 855638016
/dev/loop45: []: (/var/lib/snapd/snaps/snapd-desktop-integration_361.snap)
/dev/loop73: []: (/ewf1), offset 33619968, sizelimit 855638016
/dev/loop8: []: (/var/lib/snapd/snaps/gnome-3-38-2004_143.snap)
/dev/loop35: []: (/var/lib/snapd/snaps/snapd-desktop-integration_357.snap)
/dev/loop15: []: (/var/lib/snapd/snaps/core22_2411.snap)
/dev/loop43: []: (/var/lib/snapd/snaps/firefox_8107.snap)
/dev/loop6: []: (/var/lib/snapd/snaps/core24_1499.snap)
/dev/loop23: []: (/ewf1), offset 33619968, sizelimit 855638016
/dev/loop13: []: (/var/lib/snapd/snaps/snap-store_1113.snap)
/dev/loop4: []: (/var/lib/snapd/snaps/core22_2045.snap)
/dev/loop31: []: (/var/lib/snapd/snaps/core24_1587.snap)
/dev/loop21: []: (/var/lib/snapd/snaps/mesa-2404_1165.snap)
/dev/loop11: []: (/var/lib/snapd/snaps/gtk-common-themes_1534.snap)
/dev/loop2: []: (/ewf1), offset 33619968, sizelimit 855638016
/dev/loop58: []: (/var/lib/snapd/snaps/snapd_26865.snap)
/dev/loop0: []: (/var/lib/snapd/snaps/bare_5.snap)
/dev/loop18: []: (/ewf1), offset 33619968, sizelimit 855638016
/dev/loop9: []: (/var/lib/snapd/snaps/core20_2769.snap)
/dev/loop16: []: (/ewf1), offset 33619968, sizelimit 855638016
/dev/loop7: []: (/var/lib/snapd/snaps/gnome-3-38-2004_140.snap)
/dev/loop14: []: (/var/lib/snapd/snaps/snap-store_1216.snap)
/dev/loop5: []: (/var/lib/snapd/snaps/core20_2717.snap)
/dev/loop22: []: (/var/lib/snapd/snaps/gnome-46-2404_153.snap)
/dev/loop12: []: (/var/lib/snapd/snaps/gtk-common-themes_1535.snap)
/dev/loop3: []: (/var/lib/snapd/snaps/gnome-42-2204_247.snap)
/dev/loop20: []: (/var/lib/snapd/snaps/firefox_8054.snap)
/dev/loop10: []: (/var/lib/snapd/snaps/gnome-42-2204_202.snap)
[KERNEL ERRORS]
----------------------------------------------------------

--- CHECKPOINT: 11/05/2026 06:32:14 ---
[DOCKER STATS]
[HOST RAM]
               total        used        free      shared  buff/cache   available
Mem:            62Gi       1,3Gi        20Gi       5,0Mi        41Gi        60Gi
Swap:           14Gi       5,0Mi        14Gi
[LOOP DEVICES]
/dev/loop1: []: (/var/lib/snapd/snaps/snapd_26382.snap)
/dev/loop19: []: (/ewf1), offset 33619968, sizelimit 855638016
/dev/loop75: []: (/var/lib/snapd/snaps/firefox_8191.snap)
/dev/loop17: []: (/ewf1), offset 33619968, sizelimit 855638016
/dev/loop45: []: (/var/lib/snapd/snaps/snapd-desktop-integration_361.snap)
/dev/loop73: []: (/ewf1), offset 33619968, sizelimit 855638016
/dev/loop8: []: (/var/lib/snapd/snaps/gnome-3-38-2004_143.snap)
/dev/loop35: []: (/var/lib/snapd/snaps/snapd-desktop-integration_357.snap)
/dev/loop15: []: (/var/lib/snapd/snaps/core22_2411.snap)
/dev/loop43: []: (/var/lib/snapd/snaps/firefox_8107.snap)
/dev/loop6: []: (/var/lib/snapd/snaps/core24_1499.snap)
/dev/loop23: []: (/ewf1), offset 33619968, sizelimit 855638016
/dev/loop13: []: (/var/lib/snapd/snaps/snap-store_1113.snap)
/dev/loop4: []: (/var/lib/snapd/snaps/core22_2045.snap)
/dev/loop31: []: (/var/lib/snapd/snaps/core24_1587.snap)
/dev/loop21: []: (/var/lib/snapd/snaps/mesa-2404_1165.snap)
/dev/loop11: []: (/var/lib/snapd/snaps/gtk-common-themes_1534.snap)
/dev/loop2: []: (/ewf1), offset 33619968, sizelimit 855638016
/dev/loop58: []: (/var/lib/snapd/snaps/snapd_26865.snap)
/dev/loop0: []: (/var/lib/snapd/snaps/bare_5.snap)
/dev/loop18: []: (/ewf1), offset 33619968, sizelimit 855638016
/dev/loop9: []: (/var/lib/snapd/snaps/core20_2769.snap)
/dev/loop16: []: (/ewf1), offset 33619968, sizelimit 855638016
/dev/loop7: []: (/var/lib/snapd/snaps/gnome-3-38-2004_140.snap)
/dev/loop14: []: (/var/lib/snapd/snaps/snap-store_1216.snap)
/dev/loop5: []: (/var/lib/snapd/snaps/core20_2717.snap)
/dev/loop22: []: (/var/lib/snapd/snaps/gnome-46-2404_153.snap)
/dev/loop12: []: (/var/lib/snapd/snaps/gtk-common-themes_1535.snap)
/dev/loop3: []: (/var/lib/snapd/snaps/gnome-42-2204_247.snap)
/dev/loop20: []: (/var/lib/snapd/snaps/firefox_8054.snap)
/dev/loop10: []: (/var/lib/snapd/snaps/gnome-42-2204_202.snap)
[KERNEL ERRORS]
----------------------------------------------------------

--- CHECKPOINT: 11/05/2026 06:37:14 ---
[DOCKER STATS]
[HOST RAM]
               total        used        free      shared  buff/cache   available
Mem:            62Gi       1,3Gi        20Gi       5,0Mi        41Gi        60Gi
Swap:           14Gi       5,0Mi        14Gi
[LOOP DEVICES]
/dev/loop1: []: (/var/lib/snapd/snaps/snapd_26382.snap)
/dev/loop19: []: (/ewf1), offset 33619968, sizelimit 855638016
/dev/loop75: []: (/var/lib/snapd/snaps/firefox_8191.snap)
/dev/loop17: []: (/ewf1), offset 33619968, sizelimit 855638016
/dev/loop45: []: (/var/lib/snapd/snaps/snapd-desktop-integration_361.snap)
/dev/loop73: []: (/ewf1), offset 33619968, sizelimit 855638016
/dev/loop8: []: (/var/lib/snapd/snaps/gnome-3-38-2004_143.snap)
/dev/loop35: []: (/var/lib/snapd/snaps/snapd-desktop-integration_357.snap)
/dev/loop15: []: (/var/lib/snapd/snaps/core22_2411.snap)
/dev/loop43: []: (/var/lib/snapd/snaps/firefox_8107.snap)
/dev/loop6: []: (/var/lib/snapd/snaps/core24_1499.snap)
/dev/loop23: []: (/ewf1), offset 33619968, sizelimit 855638016
/dev/loop13: []: (/var/lib/snapd/snaps/snap-store_1113.snap)
/dev/loop4: []: (/var/lib/snapd/snaps/core22_2045.snap)
/dev/loop31: []: (/var/lib/snapd/snaps/core24_1587.snap)
/dev/loop21: []: (/var/lib/snapd/snaps/mesa-2404_1165.snap)
/dev/loop11: []: (/var/lib/snapd/snaps/gtk-common-themes_1534.snap)
/dev/loop2: []: (/ewf1), offset 33619968, sizelimit 855638016
/dev/loop58: []: (/var/lib/snapd/snaps/snapd_26865.snap)
/dev/loop0: []: (/var/lib/snapd/snaps/bare_5.snap)
/dev/loop18: []: (/ewf1), offset 33619968, sizelimit 855638016
/dev/loop9: []: (/var/lib/snapd/snaps/core20_2769.snap)
/dev/loop16: []: (/ewf1), offset 33619968, sizelimit 855638016
/dev/loop7: []: (/var/lib/snapd/snaps/gnome-3-38-2004_140.snap)
/dev/loop14: []: (/var/lib/snapd/snaps/snap-store_1216.snap)
/dev/loop5: []: (/var/lib/snapd/snaps/core20_2717.snap)
/dev/loop22: []: (/var/lib/snapd/snaps/gnome-46-2404_153.snap)
/dev/loop12: []: (/var/lib/snapd/snaps/gtk-common-themes_1535.snap)
/dev/loop3: []: (/var/lib/snapd/snaps/gnome-42-2204_247.snap)
/dev/loop20: []: (/var/lib/snapd/snaps/firefox_8054.snap)
/dev/loop10: []: (/var/lib/snapd/snaps/gnome-42-2204_202.snap)
[KERNEL ERRORS]
----------------------------------------------------------

--- CHECKPOINT: 11/05/2026 06:42:14 ---
[DOCKER STATS]
[HOST RAM]
               total        used        free      shared  buff/cache   available
Mem:            62Gi       1,3Gi        20Gi       5,0Mi        41Gi        60Gi
Swap:           14Gi       5,0Mi        14Gi
[LOOP DEVICES]
/dev/loop1: []: (/var/lib/snapd/snaps/snapd_26382.snap)
/dev/loop19: []: (/ewf1), offset 33619968, sizelimit 855638016
/dev/loop75: []: (/var/lib/snapd/snaps/firefox_8191.snap)
/dev/loop17: []: (/ewf1), offset 33619968, sizelimit 855638016
/dev/loop45: []: (/var/lib/snapd/snaps/snapd-desktop-integration_361.snap)
/dev/loop73: []: (/ewf1), offset 33619968, sizelimit 855638016
/dev/loop8: []: (/var/lib/snapd/snaps/gnome-3-38-2004_143.snap)
/dev/loop35: []: (/var/lib/snapd/snaps/snapd-desktop-integration_357.snap)
/dev/loop15: []: (/var/lib/snapd/snaps/core22_2411.snap)
/dev/loop43: []: (/var/lib/snapd/snaps/firefox_8107.snap)
/dev/loop6: []: (/var/lib/snapd/snaps/core24_1499.snap)
/dev/loop23: []: (/ewf1), offset 33619968, sizelimit 855638016
/dev/loop13: []: (/var/lib/snapd/snaps/snap-store_1113.snap)
/dev/loop4: []: (/var/lib/snapd/snaps/core22_2045.snap)
/dev/loop31: []: (/var/lib/snapd/snaps/core24_1587.snap)
/dev/loop21: []: (/var/lib/snapd/snaps/mesa-2404_1165.snap)
/dev/loop11: []: (/var/lib/snapd/snaps/gtk-common-themes_1534.snap)
/dev/loop2: []: (/ewf1), offset 33619968, sizelimit 855638016
/dev/loop58: []: (/var/lib/snapd/snaps/snapd_26865.snap)
/dev/loop0: []: (/var/lib/snapd/snaps/bare_5.snap)
/dev/loop18: []: (/ewf1), offset 33619968, sizelimit 855638016
/dev/loop9: []: (/var/lib/snapd/snaps/core20_2769.snap)
/dev/loop16: []: (/ewf1), offset 33619968, sizelimit 855638016
/dev/loop7: []: (/var/lib/snapd/snaps/gnome-3-38-2004_140.snap)
/dev/loop14: []: (/var/lib/snapd/snaps/snap-store_1216.snap)
/dev/loop5: []: (/var/lib/snapd/snaps/core20_2717.snap)
/dev/loop22: []: (/var/lib/snapd/snaps/gnome-46-2404_153.snap)
/dev/loop12: []: (/var/lib/snapd/snaps/gtk-common-themes_1535.snap)
/dev/loop3: []: (/var/lib/snapd/snaps/gnome-42-2204_247.snap)
/dev/loop20: []: (/var/lib/snapd/snaps/firefox_8054.snap)
/dev/loop10: []: (/var/lib/snapd/snaps/gnome-42-2204_202.snap)
[KERNEL ERRORS]
----------------------------------------------------------

--- CHECKPOINT: 11/05/2026 06:47:14 ---
[DOCKER STATS]
[HOST RAM]
               total        used        free      shared  buff/cache   available
Mem:            62Gi       1,3Gi        20Gi       5,0Mi        41Gi        60Gi
Swap:           14Gi       5,0Mi        14Gi
[LOOP DEVICES]
/dev/loop1: []: (/var/lib/snapd/snaps/snapd_26382.snap)
/dev/loop19: []: (/ewf1), offset 33619968, sizelimit 855638016
/dev/loop75: []: (/var/lib/snapd/snaps/firefox_8191.snap)
/dev/loop17: []: (/ewf1), offset 33619968, sizelimit 855638016
/dev/loop45: []: (/var/lib/snapd/snaps/snapd-desktop-integration_361.snap)
/dev/loop73: []: (/ewf1), offset 33619968, sizelimit 855638016
/dev/loop8: []: (/var/lib/snapd/snaps/gnome-3-38-2004_143.snap)
/dev/loop35: []: (/var/lib/snapd/snaps/snapd-desktop-integration_357.snap)
/dev/loop15: []: (/var/lib/snapd/snaps/core22_2411.snap)
/dev/loop43: []: (/var/lib/snapd/snaps/firefox_8107.snap)
/dev/loop6: []: (/var/lib/snapd/snaps/core24_1499.snap)
/dev/loop23: []: (/ewf1), offset 33619968, sizelimit 855638016
/dev/loop13: []: (/var/lib/snapd/snaps/snap-store_1113.snap)
/dev/loop4: []: (/var/lib/snapd/snaps/core22_2045.snap)
/dev/loop31: []: (/var/lib/snapd/snaps/core24_1587.snap)
/dev/loop21: []: (/var/lib/snapd/snaps/mesa-2404_1165.snap)
/dev/loop11: []: (/var/lib/snapd/snaps/gtk-common-themes_1534.snap)
/dev/loop2: []: (/ewf1), offset 33619968, sizelimit 855638016
/dev/loop58: []: (/var/lib/snapd/snaps/snapd_26865.snap)
/dev/loop0: []: (/var/lib/snapd/snaps/bare_5.snap)
/dev/loop18: []: (/ewf1), offset 33619968, sizelimit 855638016
/dev/loop9: []: (/var/lib/snapd/snaps/core20_2769.snap)
/dev/loop16: []: (/ewf1), offset 33619968, sizelimit 855638016
/dev/loop7: []: (/var/lib/snapd/snaps/gnome-3-38-2004_140.snap)
/dev/loop14: []: (/var/lib/snapd/snaps/snap-store_1216.snap)
/dev/loop5: []: (/var/lib/snapd/snaps/core20_2717.snap)
/dev/loop22: []: (/var/lib/snapd/snaps/gnome-46-2404_153.snap)
/dev/loop12: []: (/var/lib/snapd/snaps/gtk-common-themes_1535.snap)
/dev/loop3: []: (/var/lib/snapd/snaps/gnome-42-2204_247.snap)
/dev/loop20: []: (/var/lib/snapd/snaps/firefox_8054.snap)
/dev/loop10: []: (/var/lib/snapd/snaps/gnome-42-2204_202.snap)
[KERNEL ERRORS]
----------------------------------------------------------

--- CHECKPOINT: 11/05/2026 06:52:14 ---
[DOCKER STATS]
[HOST RAM]
               total        used        free      shared  buff/cache   available
Mem:            62Gi       1,3Gi        20Gi       5,0Mi        41Gi        60Gi
Swap:           14Gi       5,0Mi        14Gi
[LOOP DEVICES]
/dev/loop1: []: (/var/lib/snapd/snaps/snapd_26382.snap)
/dev/loop19: []: (/ewf1), offset 33619968, sizelimit 855638016
/dev/loop75: []: (/var/lib/snapd/snaps/firefox_8191.snap)
/dev/loop17: []: (/ewf1), offset 33619968, sizelimit 855638016
/dev/loop45: []: (/var/lib/snapd/snaps/snapd-desktop-integration_361.snap)
/dev/loop73: []: (/ewf1), offset 33619968, sizelimit 855638016
/dev/loop8: []: (/var/lib/snapd/snaps/gnome-3-38-2004_143.snap)
/dev/loop35: []: (/var/lib/snapd/snaps/snapd-desktop-integration_357.snap)
/dev/loop15: []: (/var/lib/snapd/snaps/core22_2411.snap)
/dev/loop43: []: (/var/lib/snapd/snaps/firefox_8107.snap)
/dev/loop6: []: (/var/lib/snapd/snaps/core24_1499.snap)
/dev/loop23: []: (/ewf1), offset 33619968, sizelimit 855638016
/dev/loop13: []: (/var/lib/snapd/snaps/snap-store_1113.snap)
/dev/loop4: []: (/var/lib/snapd/snaps/core22_2045.snap)
/dev/loop31: []: (/var/lib/snapd/snaps/core24_1587.snap)
/dev/loop21: []: (/var/lib/snapd/snaps/mesa-2404_1165.snap)
/dev/loop11: []: (/var/lib/snapd/snaps/gtk-common-themes_1534.snap)
/dev/loop2: []: (/ewf1), offset 33619968, sizelimit 855638016
/dev/loop58: []: (/var/lib/snapd/snaps/snapd_26865.snap)
/dev/loop0: []: (/var/lib/snapd/snaps/bare_5.snap)
/dev/loop18: []: (/ewf1), offset 33619968, sizelimit 855638016
/dev/loop9: []: (/var/lib/snapd/snaps/core20_2769.snap)
/dev/loop16: []: (/ewf1), offset 33619968, sizelimit 855638016
/dev/loop7: []: (/var/lib/snapd/snaps/gnome-3-38-2004_140.snap)
/dev/loop14: []: (/var/lib/snapd/snaps/snap-store_1216.snap)
/dev/loop5: []: (/var/lib/snapd/snaps/core20_2717.snap)
/dev/loop22: []: (/var/lib/snapd/snaps/gnome-46-2404_153.snap)
/dev/loop12: []: (/var/lib/snapd/snaps/gtk-common-themes_1535.snap)
/dev/loop3: []: (/var/lib/snapd/snaps/gnome-42-2204_247.snap)
/dev/loop20: []: (/var/lib/snapd/snaps/firefox_8054.snap)
/dev/loop10: []: (/var/lib/snapd/snaps/gnome-42-2204_202.snap)
[KERNEL ERRORS]
----------------------------------------------------------

--- CHECKPOINT: 11/05/2026 06:57:14 ---
[DOCKER STATS]
[HOST RAM]
               total        used        free      shared  buff/cache   available
Mem:            62Gi       1,3Gi        20Gi       5,0Mi        41Gi        60Gi
Swap:           14Gi       5,0Mi        14Gi
[LOOP DEVICES]
/dev/loop1: []: (/var/lib/snapd/snaps/snapd_26382.snap)
/dev/loop19: []: (/ewf1), offset 33619968, sizelimit 855638016
/dev/loop75: []: (/var/lib/snapd/snaps/firefox_8191.snap)
/dev/loop17: []: (/ewf1), offset 33619968, sizelimit 855638016
/dev/loop45: []: (/var/lib/snapd/snaps/snapd-desktop-integration_361.snap)
/dev/loop73: []: (/ewf1), offset 33619968, sizelimit 855638016
/dev/loop8: []: (/var/lib/snapd/snaps/gnome-3-38-2004_143.snap)
/dev/loop35: []: (/var/lib/snapd/snaps/snapd-desktop-integration_357.snap)
/dev/loop15: []: (/var/lib/snapd/snaps/core22_2411.snap)
/dev/loop43: []: (/var/lib/snapd/snaps/firefox_8107.snap)
/dev/loop6: []: (/var/lib/snapd/snaps/core24_1499.snap)
/dev/loop23: []: (/ewf1), offset 33619968, sizelimit 855638016
/dev/loop13: []: (/var/lib/snapd/snaps/snap-store_1113.snap)
/dev/loop4: []: (/var/lib/snapd/snaps/core22_2045.snap)
/dev/loop31: []: (/var/lib/snapd/snaps/core24_1587.snap)
/dev/loop21: []: (/var/lib/snapd/snaps/mesa-2404_1165.snap)
/dev/loop11: []: (/var/lib/snapd/snaps/gtk-common-themes_1534.snap)
/dev/loop2: []: (/ewf1), offset 33619968, sizelimit 855638016
/dev/loop58: []: (/var/lib/snapd/snaps/snapd_26865.snap)
/dev/loop0: []: (/var/lib/snapd/snaps/bare_5.snap)
/dev/loop18: []: (/ewf1), offset 33619968, sizelimit 855638016
/dev/loop9: []: (/var/lib/snapd/snaps/core20_2769.snap)
/dev/loop16: []: (/ewf1), offset 33619968, sizelimit 855638016
/dev/loop7: []: (/var/lib/snapd/snaps/gnome-3-38-2004_140.snap)
/dev/loop14: []: (/var/lib/snapd/snaps/snap-store_1216.snap)
/dev/loop5: []: (/var/lib/snapd/snaps/core20_2717.snap)
/dev/loop22: []: (/var/lib/snapd/snaps/gnome-46-2404_153.snap)
/dev/loop12: []: (/var/lib/snapd/snaps/gtk-common-themes_1535.snap)
/dev/loop3: []: (/var/lib/snapd/snaps/gnome-42-2204_247.snap)
/dev/loop20: []: (/var/lib/snapd/snaps/firefox_8054.snap)
/dev/loop10: []: (/var/lib/snapd/snaps/gnome-42-2204_202.snap)
[KERNEL ERRORS]
----------------------------------------------------------

--- CHECKPOINT: 11/05/2026 07:02:14 ---
[DOCKER STATS]
[HOST RAM]
               total        used        free      shared  buff/cache   available
Mem:            62Gi       1,3Gi        20Gi       5,0Mi        41Gi        60Gi
Swap:           14Gi       5,0Mi        14Gi
[LOOP DEVICES]
/dev/loop1: []: (/var/lib/snapd/snaps/snapd_26382.snap)
/dev/loop19: []: (/ewf1), offset 33619968, sizelimit 855638016
/dev/loop75: []: (/var/lib/snapd/snaps/firefox_8191.snap)
/dev/loop17: []: (/ewf1), offset 33619968, sizelimit 855638016
/dev/loop45: []: (/var/lib/snapd/snaps/snapd-desktop-integration_361.snap)
/dev/loop73: []: (/ewf1), offset 33619968, sizelimit 855638016
/dev/loop8: []: (/var/lib/snapd/snaps/gnome-3-38-2004_143.snap)
/dev/loop35: []: (/var/lib/snapd/snaps/snapd-desktop-integration_357.snap)
/dev/loop15: []: (/var/lib/snapd/snaps/core22_2411.snap)
/dev/loop43: []: (/var/lib/snapd/snaps/firefox_8107.snap)
/dev/loop6: []: (/var/lib/snapd/snaps/core24_1499.snap)
/dev/loop23: []: (/ewf1), offset 33619968, sizelimit 855638016
/dev/loop13: []: (/var/lib/snapd/snaps/snap-store_1113.snap)
/dev/loop4: []: (/var/lib/snapd/snaps/core22_2045.snap)
/dev/loop31: []: (/var/lib/snapd/snaps/core24_1587.snap)
/dev/loop21: []: (/var/lib/snapd/snaps/mesa-2404_1165.snap)
/dev/loop11: []: (/var/lib/snapd/snaps/gtk-common-themes_1534.snap)
/dev/loop2: []: (/ewf1), offset 33619968, sizelimit 855638016
/dev/loop58: []: (/var/lib/snapd/snaps/snapd_26865.snap)
/dev/loop0: []: (/var/lib/snapd/snaps/bare_5.snap)
/dev/loop18: []: (/ewf1), offset 33619968, sizelimit 855638016
/dev/loop9: []: (/var/lib/snapd/snaps/core20_2769.snap)
/dev/loop16: []: (/ewf1), offset 33619968, sizelimit 855638016
/dev/loop7: []: (/var/lib/snapd/snaps/gnome-3-38-2004_140.snap)
/dev/loop14: []: (/var/lib/snapd/snaps/snap-store_1216.snap)
/dev/loop5: []: (/var/lib/snapd/snaps/core20_2717.snap)
/dev/loop22: []: (/var/lib/snapd/snaps/gnome-46-2404_153.snap)
/dev/loop12: []: (/var/lib/snapd/snaps/gtk-common-themes_1535.snap)
/dev/loop3: []: (/var/lib/snapd/snaps/gnome-42-2204_247.snap)
/dev/loop20: []: (/var/lib/snapd/snaps/firefox_8054.snap)
/dev/loop10: []: (/var/lib/snapd/snaps/gnome-42-2204_202.snap)
[KERNEL ERRORS]
----------------------------------------------------------

--- CHECKPOINT: 11/05/2026 07:07:14 ---
[DOCKER STATS]
[HOST RAM]
               total        used        free      shared  buff/cache   available
Mem:            62Gi       1,3Gi        20Gi       5,0Mi        41Gi        60Gi
Swap:           14Gi       5,0Mi        14Gi
[LOOP DEVICES]
/dev/loop1: []: (/var/lib/snapd/snaps/snapd_26382.snap)
/dev/loop19: []: (/ewf1), offset 33619968, sizelimit 855638016
/dev/loop75: []: (/var/lib/snapd/snaps/firefox_8191.snap)
/dev/loop17: []: (/ewf1), offset 33619968, sizelimit 855638016
/dev/loop45: []: (/var/lib/snapd/snaps/snapd-desktop-integration_361.snap)
/dev/loop73: []: (/ewf1), offset 33619968, sizelimit 855638016
/dev/loop8: []: (/var/lib/snapd/snaps/gnome-3-38-2004_143.snap)
/dev/loop35: []: (/var/lib/snapd/snaps/snapd-desktop-integration_357.snap)
/dev/loop15: []: (/var/lib/snapd/snaps/core22_2411.snap)
/dev/loop43: []: (/var/lib/snapd/snaps/firefox_8107.snap)
/dev/loop6: []: (/var/lib/snapd/snaps/core24_1499.snap)
/dev/loop23: []: (/ewf1), offset 33619968, sizelimit 855638016
/dev/loop13: []: (/var/lib/snapd/snaps/snap-store_1113.snap)
/dev/loop4: []: (/var/lib/snapd/snaps/core22_2045.snap)
/dev/loop31: []: (/var/lib/snapd/snaps/core24_1587.snap)
/dev/loop21: []: (/var/lib/snapd/snaps/mesa-2404_1165.snap)
/dev/loop11: []: (/var/lib/snapd/snaps/gtk-common-themes_1534.snap)
/dev/loop2: []: (/ewf1), offset 33619968, sizelimit 855638016
/dev/loop58: []: (/var/lib/snapd/snaps/snapd_26865.snap)
/dev/loop0: []: (/var/lib/snapd/snaps/bare_5.snap)
/dev/loop18: []: (/ewf1), offset 33619968, sizelimit 855638016
/dev/loop9: []: (/var/lib/snapd/snaps/core20_2769.snap)
/dev/loop16: []: (/ewf1), offset 33619968, sizelimit 855638016
/dev/loop7: []: (/var/lib/snapd/snaps/gnome-3-38-2004_140.snap)
/dev/loop14: []: (/var/lib/snapd/snaps/snap-store_1216.snap)
/dev/loop5: []: (/var/lib/snapd/snaps/core20_2717.snap)
/dev/loop22: []: (/var/lib/snapd/snaps/gnome-46-2404_153.snap)
/dev/loop12: []: (/var/lib/snapd/snaps/gtk-common-themes_1535.snap)
/dev/loop3: []: (/var/lib/snapd/snaps/gnome-42-2204_247.snap)
/dev/loop20: []: (/var/lib/snapd/snaps/firefox_8054.snap)
/dev/loop10: []: (/var/lib/snapd/snaps/gnome-42-2204_202.snap)
[KERNEL ERRORS]
----------------------------------------------------------

--- CHECKPOINT: 11/05/2026 07:12:14 ---
[DOCKER STATS]
[HOST RAM]
               total        used        free      shared  buff/cache   available
Mem:            62Gi       1,3Gi        20Gi       5,0Mi        41Gi        60Gi
Swap:           14Gi       5,0Mi        14Gi
[LOOP DEVICES]
/dev/loop1: []: (/var/lib/snapd/snaps/snapd_26382.snap)
/dev/loop19: []: (/ewf1), offset 33619968, sizelimit 855638016
/dev/loop75: []: (/var/lib/snapd/snaps/firefox_8191.snap)
/dev/loop17: []: (/ewf1), offset 33619968, sizelimit 855638016
/dev/loop45: []: (/var/lib/snapd/snaps/snapd-desktop-integration_361.snap)
/dev/loop73: []: (/ewf1), offset 33619968, sizelimit 855638016
/dev/loop8: []: (/var/lib/snapd/snaps/gnome-3-38-2004_143.snap)
/dev/loop35: []: (/var/lib/snapd/snaps/snapd-desktop-integration_357.snap)
/dev/loop15: []: (/var/lib/snapd/snaps/core22_2411.snap)
/dev/loop43: []: (/var/lib/snapd/snaps/firefox_8107.snap)
/dev/loop6: []: (/var/lib/snapd/snaps/core24_1499.snap)
/dev/loop23: []: (/ewf1), offset 33619968, sizelimit 855638016
/dev/loop13: []: (/var/lib/snapd/snaps/snap-store_1113.snap)
/dev/loop4: []: (/var/lib/snapd/snaps/core22_2045.snap)
/dev/loop31: []: (/var/lib/snapd/snaps/core24_1587.snap)
/dev/loop21: []: (/var/lib/snapd/snaps/mesa-2404_1165.snap)
/dev/loop11: []: (/var/lib/snapd/snaps/gtk-common-themes_1534.snap)
/dev/loop2: []: (/ewf1), offset 33619968, sizelimit 855638016
/dev/loop58: []: (/var/lib/snapd/snaps/snapd_26865.snap)
/dev/loop0: []: (/var/lib/snapd/snaps/bare_5.snap)
/dev/loop18: []: (/ewf1), offset 33619968, sizelimit 855638016
/dev/loop9: []: (/var/lib/snapd/snaps/core20_2769.snap)
/dev/loop16: []: (/ewf1), offset 33619968, sizelimit 855638016
/dev/loop7: []: (/var/lib/snapd/snaps/gnome-3-38-2004_140.snap)
/dev/loop14: []: (/var/lib/snapd/snaps/snap-store_1216.snap)
/dev/loop5: []: (/var/lib/snapd/snaps/core20_2717.snap)
/dev/loop22: []: (/var/lib/snapd/snaps/gnome-46-2404_153.snap)
/dev/loop12: []: (/var/lib/snapd/snaps/gtk-common-themes_1535.snap)
/dev/loop3: []: (/var/lib/snapd/snaps/gnome-42-2204_247.snap)
/dev/loop20: []: (/var/lib/snapd/snaps/firefox_8054.snap)
/dev/loop10: []: (/var/lib/snapd/snaps/gnome-42-2204_202.snap)
[KERNEL ERRORS]
----------------------------------------------------------

--- CHECKPOINT: 11/05/2026 07:17:14 ---
[DOCKER STATS]
[HOST RAM]
               total        used        free      shared  buff/cache   available
Mem:            62Gi       1,3Gi        20Gi       5,0Mi        41Gi        60Gi
Swap:           14Gi       5,0Mi        14Gi
[LOOP DEVICES]
/dev/loop1: []: (/var/lib/snapd/snaps/snapd_26382.snap)
/dev/loop19: []: (/ewf1), offset 33619968, sizelimit 855638016
/dev/loop75: []: (/var/lib/snapd/snaps/firefox_8191.snap)
/dev/loop17: []: (/ewf1), offset 33619968, sizelimit 855638016
/dev/loop45: []: (/var/lib/snapd/snaps/snapd-desktop-integration_361.snap)
/dev/loop73: []: (/ewf1), offset 33619968, sizelimit 855638016
/dev/loop8: []: (/var/lib/snapd/snaps/gnome-3-38-2004_143.snap)
/dev/loop35: []: (/var/lib/snapd/snaps/snapd-desktop-integration_357.snap)
/dev/loop15: []: (/var/lib/snapd/snaps/core22_2411.snap)
/dev/loop43: []: (/var/lib/snapd/snaps/firefox_8107.snap)
/dev/loop6: []: (/var/lib/snapd/snaps/core24_1499.snap)
/dev/loop23: []: (/ewf1), offset 33619968, sizelimit 855638016
/dev/loop13: []: (/var/lib/snapd/snaps/snap-store_1113.snap)
/dev/loop4: []: (/var/lib/snapd/snaps/core22_2045.snap)
/dev/loop31: []: (/var/lib/snapd/snaps/core24_1587.snap)
/dev/loop21: []: (/var/lib/snapd/snaps/mesa-2404_1165.snap)
/dev/loop11: []: (/var/lib/snapd/snaps/gtk-common-themes_1534.snap)
/dev/loop2: []: (/ewf1), offset 33619968, sizelimit 855638016
/dev/loop58: []: (/var/lib/snapd/snaps/snapd_26865.snap)
/dev/loop0: []: (/var/lib/snapd/snaps/bare_5.snap)
/dev/loop18: []: (/ewf1), offset 33619968, sizelimit 855638016
/dev/loop9: []: (/var/lib/snapd/snaps/core20_2769.snap)
/dev/loop16: []: (/ewf1), offset 33619968, sizelimit 855638016
/dev/loop7: []: (/var/lib/snapd/snaps/gnome-3-38-2004_140.snap)
/dev/loop14: []: (/var/lib/snapd/snaps/snap-store_1216.snap)
/dev/loop5: []: (/var/lib/snapd/snaps/core20_2717.snap)
/dev/loop22: []: (/var/lib/snapd/snaps/gnome-46-2404_153.snap)
/dev/loop12: []: (/var/lib/snapd/snaps/gtk-common-themes_1535.snap)
/dev/loop3: []: (/var/lib/snapd/snaps/gnome-42-2204_247.snap)
/dev/loop20: []: (/var/lib/snapd/snaps/firefox_8054.snap)
/dev/loop10: []: (/var/lib/snapd/snaps/gnome-42-2204_202.snap)
[KERNEL ERRORS]
----------------------------------------------------------

--- CHECKPOINT: 11/05/2026 07:22:14 ---
[DOCKER STATS]
[HOST RAM]
               total        used        free      shared  buff/cache   available
Mem:            62Gi       1,3Gi        20Gi       5,0Mi        41Gi        60Gi
Swap:           14Gi       5,0Mi        14Gi
[LOOP DEVICES]
/dev/loop1: []: (/var/lib/snapd/snaps/snapd_26382.snap)
/dev/loop19: []: (/ewf1), offset 33619968, sizelimit 855638016
/dev/loop75: []: (/var/lib/snapd/snaps/firefox_8191.snap)
/dev/loop17: []: (/ewf1), offset 33619968, sizelimit 855638016
/dev/loop45: []: (/var/lib/snapd/snaps/snapd-desktop-integration_361.snap)
/dev/loop73: []: (/ewf1), offset 33619968, sizelimit 855638016
/dev/loop8: []: (/var/lib/snapd/snaps/gnome-3-38-2004_143.snap)
/dev/loop35: []: (/var/lib/snapd/snaps/snapd-desktop-integration_357.snap)
/dev/loop15: []: (/var/lib/snapd/snaps/core22_2411.snap)
/dev/loop43: []: (/var/lib/snapd/snaps/firefox_8107.snap)
/dev/loop6: []: (/var/lib/snapd/snaps/core24_1499.snap)
/dev/loop23: []: (/ewf1), offset 33619968, sizelimit 855638016
/dev/loop13: []: (/var/lib/snapd/snaps/snap-store_1113.snap)
/dev/loop4: []: (/var/lib/snapd/snaps/core22_2045.snap)
/dev/loop31: []: (/var/lib/snapd/snaps/core24_1587.snap)
/dev/loop21: []: (/var/lib/snapd/snaps/mesa-2404_1165.snap)
/dev/loop11: []: (/var/lib/snapd/snaps/gtk-common-themes_1534.snap)
/dev/loop2: []: (/ewf1), offset 33619968, sizelimit 855638016
/dev/loop58: []: (/var/lib/snapd/snaps/snapd_26865.snap)
/dev/loop0: []: (/var/lib/snapd/snaps/bare_5.snap)
/dev/loop18: []: (/ewf1), offset 33619968, sizelimit 855638016
/dev/loop9: []: (/var/lib/snapd/snaps/core20_2769.snap)
/dev/loop16: []: (/ewf1), offset 33619968, sizelimit 855638016
/dev/loop7: []: (/var/lib/snapd/snaps/gnome-3-38-2004_140.snap)
/dev/loop14: []: (/var/lib/snapd/snaps/snap-store_1216.snap)
/dev/loop5: []: (/var/lib/snapd/snaps/core20_2717.snap)
/dev/loop22: []: (/var/lib/snapd/snaps/gnome-46-2404_153.snap)
/dev/loop12: []: (/var/lib/snapd/snaps/gtk-common-themes_1535.snap)
/dev/loop3: []: (/var/lib/snapd/snaps/gnome-42-2204_247.snap)
/dev/loop20: []: (/var/lib/snapd/snaps/firefox_8054.snap)
/dev/loop10: []: (/var/lib/snapd/snaps/gnome-42-2204_202.snap)
[KERNEL ERRORS]
----------------------------------------------------------

--- CHECKPOINT: 11/05/2026 07:27:15 ---
[DOCKER STATS]
[HOST RAM]
               total        used        free      shared  buff/cache   available
Mem:            62Gi       1,3Gi        20Gi       5,0Mi        41Gi        60Gi
Swap:           14Gi       5,0Mi        14Gi
[LOOP DEVICES]
/dev/loop1: []: (/var/lib/snapd/snaps/snapd_26382.snap)
/dev/loop19: []: (/ewf1), offset 33619968, sizelimit 855638016
/dev/loop75: []: (/var/lib/snapd/snaps/firefox_8191.snap)
/dev/loop17: []: (/ewf1), offset 33619968, sizelimit 855638016
/dev/loop45: []: (/var/lib/snapd/snaps/snapd-desktop-integration_361.snap)
/dev/loop73: []: (/ewf1), offset 33619968, sizelimit 855638016
/dev/loop8: []: (/var/lib/snapd/snaps/gnome-3-38-2004_143.snap)
/dev/loop35: []: (/var/lib/snapd/snaps/snapd-desktop-integration_357.snap)
/dev/loop15: []: (/var/lib/snapd/snaps/core22_2411.snap)
/dev/loop43: []: (/var/lib/snapd/snaps/firefox_8107.snap)
/dev/loop6: []: (/var/lib/snapd/snaps/core24_1499.snap)
/dev/loop23: []: (/ewf1), offset 33619968, sizelimit 855638016
/dev/loop13: []: (/var/lib/snapd/snaps/snap-store_1113.snap)
/dev/loop4: []: (/var/lib/snapd/snaps/core22_2045.snap)
/dev/loop31: []: (/var/lib/snapd/snaps/core24_1587.snap)
/dev/loop21: []: (/var/lib/snapd/snaps/mesa-2404_1165.snap)
/dev/loop11: []: (/var/lib/snapd/snaps/gtk-common-themes_1534.snap)
/dev/loop2: []: (/ewf1), offset 33619968, sizelimit 855638016
/dev/loop58: []: (/var/lib/snapd/snaps/snapd_26865.snap)
/dev/loop0: []: (/var/lib/snapd/snaps/bare_5.snap)
/dev/loop18: []: (/ewf1), offset 33619968, sizelimit 855638016
/dev/loop9: []: (/var/lib/snapd/snaps/core20_2769.snap)
/dev/loop16: []: (/ewf1), offset 33619968, sizelimit 855638016
/dev/loop7: []: (/var/lib/snapd/snaps/gnome-3-38-2004_140.snap)
/dev/loop14: []: (/var/lib/snapd/snaps/snap-store_1216.snap)
/dev/loop5: []: (/var/lib/snapd/snaps/core20_2717.snap)
/dev/loop22: []: (/var/lib/snapd/snaps/gnome-46-2404_153.snap)
/dev/loop12: []: (/var/lib/snapd/snaps/gtk-common-themes_1535.snap)
/dev/loop3: []: (/var/lib/snapd/snaps/gnome-42-2204_247.snap)
/dev/loop20: []: (/var/lib/snapd/snaps/firefox_8054.snap)
/dev/loop10: []: (/var/lib/snapd/snaps/gnome-42-2204_202.snap)
[KERNEL ERRORS]
----------------------------------------------------------

--- CHECKPOINT: 11/05/2026 07:32:15 ---
[DOCKER STATS]
[HOST RAM]
               total        used        free      shared  buff/cache   available
Mem:            62Gi       1,3Gi        20Gi       5,0Mi        41Gi        60Gi
Swap:           14Gi       5,0Mi        14Gi
[LOOP DEVICES]
/dev/loop1: []: (/var/lib/snapd/snaps/snapd_26382.snap)
/dev/loop19: []: (/ewf1), offset 33619968, sizelimit 855638016
/dev/loop75: []: (/var/lib/snapd/snaps/firefox_8191.snap)
/dev/loop17: []: (/ewf1), offset 33619968, sizelimit 855638016
/dev/loop45: []: (/var/lib/snapd/snaps/snapd-desktop-integration_361.snap)
/dev/loop73: []: (/ewf1), offset 33619968, sizelimit 855638016
/dev/loop8: []: (/var/lib/snapd/snaps/gnome-3-38-2004_143.snap)
/dev/loop35: []: (/var/lib/snapd/snaps/snapd-desktop-integration_357.snap)
/dev/loop15: []: (/var/lib/snapd/snaps/core22_2411.snap)
/dev/loop43: []: (/var/lib/snapd/snaps/firefox_8107.snap)
/dev/loop6: []: (/var/lib/snapd/snaps/core24_1499.snap)
/dev/loop23: []: (/ewf1), offset 33619968, sizelimit 855638016
/dev/loop13: []: (/var/lib/snapd/snaps/snap-store_1113.snap)
/dev/loop4: []: (/var/lib/snapd/snaps/core22_2045.snap)
/dev/loop31: []: (/var/lib/snapd/snaps/core24_1587.snap)
/dev/loop21: []: (/var/lib/snapd/snaps/mesa-2404_1165.snap)
/dev/loop11: []: (/var/lib/snapd/snaps/gtk-common-themes_1534.snap)
/dev/loop2: []: (/ewf1), offset 33619968, sizelimit 855638016
/dev/loop58: []: (/var/lib/snapd/snaps/snapd_26865.snap)
/dev/loop0: []: (/var/lib/snapd/snaps/bare_5.snap)
/dev/loop18: []: (/ewf1), offset 33619968, sizelimit 855638016
/dev/loop9: []: (/var/lib/snapd/snaps/core20_2769.snap)
/dev/loop16: []: (/ewf1), offset 33619968, sizelimit 855638016
/dev/loop7: []: (/var/lib/snapd/snaps/gnome-3-38-2004_140.snap)
/dev/loop14: []: (/var/lib/snapd/snaps/snap-store_1216.snap)
/dev/loop5: []: (/var/lib/snapd/snaps/core20_2717.snap)
/dev/loop22: []: (/var/lib/snapd/snaps/gnome-46-2404_153.snap)
/dev/loop12: []: (/var/lib/snapd/snaps/gtk-common-themes_1535.snap)
/dev/loop3: []: (/var/lib/snapd/snaps/gnome-42-2204_247.snap)
/dev/loop20: []: (/var/lib/snapd/snaps/firefox_8054.snap)
/dev/loop10: []: (/var/lib/snapd/snaps/gnome-42-2204_202.snap)
[KERNEL ERRORS]
----------------------------------------------------------

--- CHECKPOINT: 11/05/2026 07:37:15 ---
[DOCKER STATS]
[HOST RAM]
               total        used        free      shared  buff/cache   available
Mem:            62Gi       1,3Gi        20Gi       5,0Mi        41Gi        60Gi
Swap:           14Gi       5,0Mi        14Gi
[LOOP DEVICES]
/dev/loop1: []: (/var/lib/snapd/snaps/snapd_26382.snap)
/dev/loop19: []: (/ewf1), offset 33619968, sizelimit 855638016
/dev/loop75: []: (/var/lib/snapd/snaps/firefox_8191.snap)
/dev/loop17: []: (/ewf1), offset 33619968, sizelimit 855638016
/dev/loop45: []: (/var/lib/snapd/snaps/snapd-desktop-integration_361.snap)
/dev/loop73: []: (/ewf1), offset 33619968, sizelimit 855638016
/dev/loop8: []: (/var/lib/snapd/snaps/gnome-3-38-2004_143.snap)
/dev/loop35: []: (/var/lib/snapd/snaps/snapd-desktop-integration_357.snap)
/dev/loop15: []: (/var/lib/snapd/snaps/core22_2411.snap)
/dev/loop43: []: (/var/lib/snapd/snaps/firefox_8107.snap)
/dev/loop6: []: (/var/lib/snapd/snaps/core24_1499.snap)
/dev/loop23: []: (/ewf1), offset 33619968, sizelimit 855638016
/dev/loop13: []: (/var/lib/snapd/snaps/snap-store_1113.snap)
/dev/loop4: []: (/var/lib/snapd/snaps/core22_2045.snap)
/dev/loop31: []: (/var/lib/snapd/snaps/core24_1587.snap)
/dev/loop21: []: (/var/lib/snapd/snaps/mesa-2404_1165.snap)
/dev/loop11: []: (/var/lib/snapd/snaps/gtk-common-themes_1534.snap)
/dev/loop2: []: (/ewf1), offset 33619968, sizelimit 855638016
/dev/loop58: []: (/var/lib/snapd/snaps/snapd_26865.snap)
/dev/loop0: []: (/var/lib/snapd/snaps/bare_5.snap)
/dev/loop18: []: (/ewf1), offset 33619968, sizelimit 855638016
/dev/loop9: []: (/var/lib/snapd/snaps/core20_2769.snap)
/dev/loop16: []: (/ewf1), offset 33619968, sizelimit 855638016
/dev/loop7: []: (/var/lib/snapd/snaps/gnome-3-38-2004_140.snap)
/dev/loop14: []: (/var/lib/snapd/snaps/snap-store_1216.snap)
/dev/loop5: []: (/var/lib/snapd/snaps/core20_2717.snap)
/dev/loop22: []: (/var/lib/snapd/snaps/gnome-46-2404_153.snap)
/dev/loop12: []: (/var/lib/snapd/snaps/gtk-common-themes_1535.snap)
/dev/loop3: []: (/var/lib/snapd/snaps/gnome-42-2204_247.snap)
/dev/loop20: []: (/var/lib/snapd/snaps/firefox_8054.snap)
/dev/loop10: []: (/var/lib/snapd/snaps/gnome-42-2204_202.snap)
[KERNEL ERRORS]
----------------------------------------------------------

--- CHECKPOINT: 11/05/2026 07:42:15 ---
[DOCKER STATS]
[HOST RAM]
               total        used        free      shared  buff/cache   available
Mem:            62Gi       1,3Gi        20Gi       5,0Mi        41Gi        60Gi
Swap:           14Gi       5,0Mi        14Gi
[LOOP DEVICES]
/dev/loop1: []: (/var/lib/snapd/snaps/snapd_26382.snap)
/dev/loop19: []: (/ewf1), offset 33619968, sizelimit 855638016
/dev/loop75: []: (/var/lib/snapd/snaps/firefox_8191.snap)
/dev/loop17: []: (/ewf1), offset 33619968, sizelimit 855638016
/dev/loop45: []: (/var/lib/snapd/snaps/snapd-desktop-integration_361.snap)
/dev/loop73: []: (/ewf1), offset 33619968, sizelimit 855638016
/dev/loop8: []: (/var/lib/snapd/snaps/gnome-3-38-2004_143.snap)
/dev/loop35: []: (/var/lib/snapd/snaps/snapd-desktop-integration_357.snap)
/dev/loop15: []: (/var/lib/snapd/snaps/core22_2411.snap)
/dev/loop43: []: (/var/lib/snapd/snaps/firefox_8107.snap)
/dev/loop6: []: (/var/lib/snapd/snaps/core24_1499.snap)
/dev/loop23: []: (/ewf1), offset 33619968, sizelimit 855638016
/dev/loop13: []: (/var/lib/snapd/snaps/snap-store_1113.snap)
/dev/loop4: []: (/var/lib/snapd/snaps/core22_2045.snap)
/dev/loop31: []: (/var/lib/snapd/snaps/core24_1587.snap)
/dev/loop21: []: (/var/lib/snapd/snaps/mesa-2404_1165.snap)
/dev/loop11: []: (/var/lib/snapd/snaps/gtk-common-themes_1534.snap)
/dev/loop2: []: (/ewf1), offset 33619968, sizelimit 855638016
/dev/loop58: []: (/var/lib/snapd/snaps/snapd_26865.snap)
/dev/loop0: []: (/var/lib/snapd/snaps/bare_5.snap)
/dev/loop18: []: (/ewf1), offset 33619968, sizelimit 855638016
/dev/loop9: []: (/var/lib/snapd/snaps/core20_2769.snap)
/dev/loop16: []: (/ewf1), offset 33619968, sizelimit 855638016
/dev/loop7: []: (/var/lib/snapd/snaps/gnome-3-38-2004_140.snap)
/dev/loop14: []: (/var/lib/snapd/snaps/snap-store_1216.snap)
/dev/loop5: []: (/var/lib/snapd/snaps/core20_2717.snap)
/dev/loop22: []: (/var/lib/snapd/snaps/gnome-46-2404_153.snap)
/dev/loop12: []: (/var/lib/snapd/snaps/gtk-common-themes_1535.snap)
/dev/loop3: []: (/var/lib/snapd/snaps/gnome-42-2204_247.snap)
/dev/loop20: []: (/var/lib/snapd/snaps/firefox_8054.snap)
/dev/loop10: []: (/var/lib/snapd/snaps/gnome-42-2204_202.snap)
[KERNEL ERRORS]
----------------------------------------------------------

--- CHECKPOINT: 11/05/2026 07:47:15 ---
[DOCKER STATS]
[HOST RAM]
               total        used        free      shared  buff/cache   available
Mem:            62Gi       1,3Gi        20Gi       5,0Mi        41Gi        60Gi
Swap:           14Gi       5,0Mi        14Gi
[LOOP DEVICES]
/dev/loop1: []: (/var/lib/snapd/snaps/snapd_26382.snap)
/dev/loop19: []: (/ewf1), offset 33619968, sizelimit 855638016
/dev/loop75: []: (/var/lib/snapd/snaps/firefox_8191.snap)
/dev/loop17: []: (/ewf1), offset 33619968, sizelimit 855638016
/dev/loop45: []: (/var/lib/snapd/snaps/snapd-desktop-integration_361.snap)
/dev/loop73: []: (/ewf1), offset 33619968, sizelimit 855638016
/dev/loop8: []: (/var/lib/snapd/snaps/gnome-3-38-2004_143.snap)
/dev/loop35: []: (/var/lib/snapd/snaps/snapd-desktop-integration_357.snap)
/dev/loop15: []: (/var/lib/snapd/snaps/core22_2411.snap)
/dev/loop43: []: (/var/lib/snapd/snaps/firefox_8107.snap)
/dev/loop6: []: (/var/lib/snapd/snaps/core24_1499.snap)
/dev/loop23: []: (/ewf1), offset 33619968, sizelimit 855638016
/dev/loop13: []: (/var/lib/snapd/snaps/snap-store_1113.snap)
/dev/loop4: []: (/var/lib/snapd/snaps/core22_2045.snap)
/dev/loop31: []: (/var/lib/snapd/snaps/core24_1587.snap)
/dev/loop21: []: (/var/lib/snapd/snaps/mesa-2404_1165.snap)
/dev/loop11: []: (/var/lib/snapd/snaps/gtk-common-themes_1534.snap)
/dev/loop2: []: (/ewf1), offset 33619968, sizelimit 855638016
/dev/loop58: []: (/var/lib/snapd/snaps/snapd_26865.snap)
/dev/loop0: []: (/var/lib/snapd/snaps/bare_5.snap)
/dev/loop18: []: (/ewf1), offset 33619968, sizelimit 855638016
/dev/loop9: []: (/var/lib/snapd/snaps/core20_2769.snap)
/dev/loop16: []: (/ewf1), offset 33619968, sizelimit 855638016
/dev/loop7: []: (/var/lib/snapd/snaps/gnome-3-38-2004_140.snap)
/dev/loop14: []: (/var/lib/snapd/snaps/snap-store_1216.snap)
/dev/loop5: []: (/var/lib/snapd/snaps/core20_2717.snap)
/dev/loop22: []: (/var/lib/snapd/snaps/gnome-46-2404_153.snap)
/dev/loop12: []: (/var/lib/snapd/snaps/gtk-common-themes_1535.snap)
/dev/loop3: []: (/var/lib/snapd/snaps/gnome-42-2204_247.snap)
/dev/loop20: []: (/var/lib/snapd/snaps/firefox_8054.snap)
/dev/loop10: []: (/var/lib/snapd/snaps/gnome-42-2204_202.snap)
[KERNEL ERRORS]
----------------------------------------------------------

--- CHECKPOINT: 11/05/2026 07:52:15 ---
[DOCKER STATS]
[HOST RAM]
               total        used        free      shared  buff/cache   available
Mem:            62Gi       1,3Gi        20Gi       5,0Mi        41Gi        60Gi
Swap:           14Gi       5,0Mi        14Gi
[LOOP DEVICES]
/dev/loop1: []: (/var/lib/snapd/snaps/snapd_26382.snap)
/dev/loop19: []: (/ewf1), offset 33619968, sizelimit 855638016
/dev/loop75: []: (/var/lib/snapd/snaps/firefox_8191.snap)
/dev/loop17: []: (/ewf1), offset 33619968, sizelimit 855638016
/dev/loop45: []: (/var/lib/snapd/snaps/snapd-desktop-integration_361.snap)
/dev/loop73: []: (/ewf1), offset 33619968, sizelimit 855638016
/dev/loop8: []: (/var/lib/snapd/snaps/gnome-3-38-2004_143.snap)
/dev/loop35: []: (/var/lib/snapd/snaps/snapd-desktop-integration_357.snap)
/dev/loop15: []: (/var/lib/snapd/snaps/core22_2411.snap)
/dev/loop43: []: (/var/lib/snapd/snaps/firefox_8107.snap)
/dev/loop6: []: (/var/lib/snapd/snaps/core24_1499.snap)
/dev/loop23: []: (/ewf1), offset 33619968, sizelimit 855638016
/dev/loop13: []: (/var/lib/snapd/snaps/snap-store_1113.snap)
/dev/loop4: []: (/var/lib/snapd/snaps/core22_2045.snap)
/dev/loop31: []: (/var/lib/snapd/snaps/core24_1587.snap)
/dev/loop21: []: (/var/lib/snapd/snaps/mesa-2404_1165.snap)
/dev/loop11: []: (/var/lib/snapd/snaps/gtk-common-themes_1534.snap)
/dev/loop2: []: (/ewf1), offset 33619968, sizelimit 855638016
/dev/loop58: []: (/var/lib/snapd/snaps/snapd_26865.snap)
/dev/loop0: []: (/var/lib/snapd/snaps/bare_5.snap)
/dev/loop18: []: (/ewf1), offset 33619968, sizelimit 855638016
/dev/loop9: []: (/var/lib/snapd/snaps/core20_2769.snap)
/dev/loop16: []: (/ewf1), offset 33619968, sizelimit 855638016
/dev/loop7: []: (/var/lib/snapd/snaps/gnome-3-38-2004_140.snap)
/dev/loop14: []: (/var/lib/snapd/snaps/snap-store_1216.snap)
/dev/loop5: []: (/var/lib/snapd/snaps/core20_2717.snap)
/dev/loop22: []: (/var/lib/snapd/snaps/gnome-46-2404_153.snap)
/dev/loop12: []: (/var/lib/snapd/snaps/gtk-common-themes_1535.snap)
/dev/loop3: []: (/var/lib/snapd/snaps/gnome-42-2204_247.snap)
/dev/loop20: []: (/var/lib/snapd/snaps/firefox_8054.snap)
/dev/loop10: []: (/var/lib/snapd/snaps/gnome-42-2204_202.snap)
[KERNEL ERRORS]
----------------------------------------------------------

--- CHECKPOINT: 11/05/2026 07:57:15 ---
[DOCKER STATS]
[HOST RAM]
               total        used        free      shared  buff/cache   available
Mem:            62Gi       1,3Gi        20Gi       5,0Mi        41Gi        60Gi
Swap:           14Gi       5,0Mi        14Gi
[LOOP DEVICES]
/dev/loop1: []: (/var/lib/snapd/snaps/snapd_26382.snap)
/dev/loop19: []: (/ewf1), offset 33619968, sizelimit 855638016
/dev/loop75: []: (/var/lib/snapd/snaps/firefox_8191.snap)
/dev/loop17: []: (/ewf1), offset 33619968, sizelimit 855638016
/dev/loop45: []: (/var/lib/snapd/snaps/snapd-desktop-integration_361.snap)
/dev/loop73: []: (/ewf1), offset 33619968, sizelimit 855638016
/dev/loop8: []: (/var/lib/snapd/snaps/gnome-3-38-2004_143.snap)
/dev/loop35: []: (/var/lib/snapd/snaps/snapd-desktop-integration_357.snap)
/dev/loop15: []: (/var/lib/snapd/snaps/core22_2411.snap)
/dev/loop43: []: (/var/lib/snapd/snaps/firefox_8107.snap)
/dev/loop6: []: (/var/lib/snapd/snaps/core24_1499.snap)
/dev/loop23: []: (/ewf1), offset 33619968, sizelimit 855638016
/dev/loop13: []: (/var/lib/snapd/snaps/snap-store_1113.snap)
/dev/loop4: []: (/var/lib/snapd/snaps/core22_2045.snap)
/dev/loop31: []: (/var/lib/snapd/snaps/core24_1587.snap)
/dev/loop21: []: (/var/lib/snapd/snaps/mesa-2404_1165.snap)
/dev/loop11: []: (/var/lib/snapd/snaps/gtk-common-themes_1534.snap)
/dev/loop2: []: (/ewf1), offset 33619968, sizelimit 855638016
/dev/loop58: []: (/var/lib/snapd/snaps/snapd_26865.snap)
/dev/loop0: []: (/var/lib/snapd/snaps/bare_5.snap)
/dev/loop18: []: (/ewf1), offset 33619968, sizelimit 855638016
/dev/loop9: []: (/var/lib/snapd/snaps/core20_2769.snap)
/dev/loop16: []: (/ewf1), offset 33619968, sizelimit 855638016
/dev/loop7: []: (/var/lib/snapd/snaps/gnome-3-38-2004_140.snap)
/dev/loop14: []: (/var/lib/snapd/snaps/snap-store_1216.snap)
/dev/loop5: []: (/var/lib/snapd/snaps/core20_2717.snap)
/dev/loop22: []: (/var/lib/snapd/snaps/gnome-46-2404_153.snap)
/dev/loop12: []: (/var/lib/snapd/snaps/gtk-common-themes_1535.snap)
/dev/loop3: []: (/var/lib/snapd/snaps/gnome-42-2204_247.snap)
/dev/loop20: []: (/var/lib/snapd/snaps/firefox_8054.snap)
/dev/loop10: []: (/var/lib/snapd/snaps/gnome-42-2204_202.snap)
[KERNEL ERRORS]
----------------------------------------------------------

--- CHECKPOINT: 11/05/2026 08:02:15 ---
[DOCKER STATS]
[HOST RAM]
               total        used        free      shared  buff/cache   available
Mem:            62Gi       1,3Gi        20Gi       5,0Mi        41Gi        60Gi
Swap:           14Gi       5,0Mi        14Gi
[LOOP DEVICES]
/dev/loop1: []: (/var/lib/snapd/snaps/snapd_26382.snap)
/dev/loop19: []: (/ewf1), offset 33619968, sizelimit 855638016
/dev/loop75: []: (/var/lib/snapd/snaps/firefox_8191.snap)
/dev/loop17: []: (/ewf1), offset 33619968, sizelimit 855638016
/dev/loop45: []: (/var/lib/snapd/snaps/snapd-desktop-integration_361.snap)
/dev/loop73: []: (/ewf1), offset 33619968, sizelimit 855638016
/dev/loop8: []: (/var/lib/snapd/snaps/gnome-3-38-2004_143.snap)
/dev/loop35: []: (/var/lib/snapd/snaps/snapd-desktop-integration_357.snap)
/dev/loop15: []: (/var/lib/snapd/snaps/core22_2411.snap)
/dev/loop43: []: (/var/lib/snapd/snaps/firefox_8107.snap)
/dev/loop6: []: (/var/lib/snapd/snaps/core24_1499.snap)
/dev/loop23: []: (/ewf1), offset 33619968, sizelimit 855638016
/dev/loop13: []: (/var/lib/snapd/snaps/snap-store_1113.snap)
/dev/loop4: []: (/var/lib/snapd/snaps/core22_2045.snap)
/dev/loop31: []: (/var/lib/snapd/snaps/core24_1587.snap)
/dev/loop21: []: (/var/lib/snapd/snaps/mesa-2404_1165.snap)
/dev/loop11: []: (/var/lib/snapd/snaps/gtk-common-themes_1534.snap)
/dev/loop2: []: (/ewf1), offset 33619968, sizelimit 855638016
/dev/loop58: []: (/var/lib/snapd/snaps/snapd_26865.snap)
/dev/loop0: []: (/var/lib/snapd/snaps/bare_5.snap)
/dev/loop18: []: (/ewf1), offset 33619968, sizelimit 855638016
/dev/loop9: []: (/var/lib/snapd/snaps/core20_2769.snap)
/dev/loop16: []: (/ewf1), offset 33619968, sizelimit 855638016
/dev/loop7: []: (/var/lib/snapd/snaps/gnome-3-38-2004_140.snap)
/dev/loop14: []: (/var/lib/snapd/snaps/snap-store_1216.snap)
/dev/loop5: []: (/var/lib/snapd/snaps/core20_2717.snap)
/dev/loop22: []: (/var/lib/snapd/snaps/gnome-46-2404_153.snap)
/dev/loop12: []: (/var/lib/snapd/snaps/gtk-common-themes_1535.snap)
/dev/loop3: []: (/var/lib/snapd/snaps/gnome-42-2204_247.snap)
/dev/loop20: []: (/var/lib/snapd/snaps/firefox_8054.snap)
/dev/loop10: []: (/var/lib/snapd/snaps/gnome-42-2204_202.snap)
[KERNEL ERRORS]
----------------------------------------------------------

--- CHECKPOINT: 11/05/2026 08:07:15 ---
[DOCKER STATS]
[HOST RAM]
               total        used        free      shared  buff/cache   available
Mem:            62Gi       1,3Gi        20Gi       5,0Mi        41Gi        60Gi
Swap:           14Gi       5,0Mi        14Gi
[LOOP DEVICES]
/dev/loop1: []: (/var/lib/snapd/snaps/snapd_26382.snap)
/dev/loop19: []: (/ewf1), offset 33619968, sizelimit 855638016
/dev/loop75: []: (/var/lib/snapd/snaps/firefox_8191.snap)
/dev/loop17: []: (/ewf1), offset 33619968, sizelimit 855638016
/dev/loop45: []: (/var/lib/snapd/snaps/snapd-desktop-integration_361.snap)
/dev/loop73: []: (/ewf1), offset 33619968, sizelimit 855638016
/dev/loop8: []: (/var/lib/snapd/snaps/gnome-3-38-2004_143.snap)
/dev/loop35: []: (/var/lib/snapd/snaps/snapd-desktop-integration_357.snap)
/dev/loop15: []: (/var/lib/snapd/snaps/core22_2411.snap)
/dev/loop43: []: (/var/lib/snapd/snaps/firefox_8107.snap)
/dev/loop6: []: (/var/lib/snapd/snaps/core24_1499.snap)
/dev/loop23: []: (/ewf1), offset 33619968, sizelimit 855638016
/dev/loop13: []: (/var/lib/snapd/snaps/snap-store_1113.snap)
/dev/loop4: []: (/var/lib/snapd/snaps/core22_2045.snap)
/dev/loop31: []: (/var/lib/snapd/snaps/core24_1587.snap)
/dev/loop21: []: (/var/lib/snapd/snaps/mesa-2404_1165.snap)
/dev/loop11: []: (/var/lib/snapd/snaps/gtk-common-themes_1534.snap)
/dev/loop2: []: (/ewf1), offset 33619968, sizelimit 855638016
/dev/loop58: []: (/var/lib/snapd/snaps/snapd_26865.snap)
/dev/loop0: []: (/var/lib/snapd/snaps/bare_5.snap)
/dev/loop18: []: (/ewf1), offset 33619968, sizelimit 855638016
/dev/loop9: []: (/var/lib/snapd/snaps/core20_2769.snap)
/dev/loop16: []: (/ewf1), offset 33619968, sizelimit 855638016
/dev/loop7: []: (/var/lib/snapd/snaps/gnome-3-38-2004_140.snap)
/dev/loop14: []: (/var/lib/snapd/snaps/snap-store_1216.snap)
/dev/loop5: []: (/var/lib/snapd/snaps/core20_2717.snap)
/dev/loop22: []: (/var/lib/snapd/snaps/gnome-46-2404_153.snap)
/dev/loop12: []: (/var/lib/snapd/snaps/gtk-common-themes_1535.snap)
/dev/loop3: []: (/var/lib/snapd/snaps/gnome-42-2204_247.snap)
/dev/loop20: []: (/var/lib/snapd/snaps/firefox_8054.snap)
/dev/loop10: []: (/var/lib/snapd/snaps/gnome-42-2204_202.snap)
[KERNEL ERRORS]
----------------------------------------------------------

--- CHECKPOINT: 11/05/2026 08:12:15 ---
[DOCKER STATS]
[HOST RAM]
               total        used        free      shared  buff/cache   available
Mem:            62Gi       1,3Gi        20Gi       5,0Mi        41Gi        60Gi
Swap:           14Gi       5,0Mi        14Gi
[LOOP DEVICES]
/dev/loop1: []: (/var/lib/snapd/snaps/snapd_26382.snap)
/dev/loop19: []: (/ewf1), offset 33619968, sizelimit 855638016
/dev/loop75: []: (/var/lib/snapd/snaps/firefox_8191.snap)
/dev/loop17: []: (/ewf1), offset 33619968, sizelimit 855638016
/dev/loop45: []: (/var/lib/snapd/snaps/snapd-desktop-integration_361.snap)
/dev/loop73: []: (/ewf1), offset 33619968, sizelimit 855638016
/dev/loop8: []: (/var/lib/snapd/snaps/gnome-3-38-2004_143.snap)
/dev/loop35: []: (/var/lib/snapd/snaps/snapd-desktop-integration_357.snap)
/dev/loop15: []: (/var/lib/snapd/snaps/core22_2411.snap)
/dev/loop43: []: (/var/lib/snapd/snaps/firefox_8107.snap)
/dev/loop6: []: (/var/lib/snapd/snaps/core24_1499.snap)
/dev/loop23: []: (/ewf1), offset 33619968, sizelimit 855638016
/dev/loop13: []: (/var/lib/snapd/snaps/snap-store_1113.snap)
/dev/loop4: []: (/var/lib/snapd/snaps/core22_2045.snap)
/dev/loop31: []: (/var/lib/snapd/snaps/core24_1587.snap)
/dev/loop21: []: (/var/lib/snapd/snaps/mesa-2404_1165.snap)
/dev/loop11: []: (/var/lib/snapd/snaps/gtk-common-themes_1534.snap)
/dev/loop2: []: (/ewf1), offset 33619968, sizelimit 855638016
/dev/loop58: []: (/var/lib/snapd/snaps/snapd_26865.snap)
/dev/loop0: []: (/var/lib/snapd/snaps/bare_5.snap)
/dev/loop18: []: (/ewf1), offset 33619968, sizelimit 855638016
/dev/loop9: []: (/var/lib/snapd/snaps/core20_2769.snap)
/dev/loop16: []: (/ewf1), offset 33619968, sizelimit 855638016
/dev/loop7: []: (/var/lib/snapd/snaps/gnome-3-38-2004_140.snap)
/dev/loop14: []: (/var/lib/snapd/snaps/snap-store_1216.snap)
/dev/loop5: []: (/var/lib/snapd/snaps/core20_2717.snap)
/dev/loop22: []: (/var/lib/snapd/snaps/gnome-46-2404_153.snap)
/dev/loop12: []: (/var/lib/snapd/snaps/gtk-common-themes_1535.snap)
/dev/loop3: []: (/var/lib/snapd/snaps/gnome-42-2204_247.snap)
/dev/loop20: []: (/var/lib/snapd/snaps/firefox_8054.snap)
/dev/loop10: []: (/var/lib/snapd/snaps/gnome-42-2204_202.snap)
[KERNEL ERRORS]
----------------------------------------------------------

--- CHECKPOINT: 11/05/2026 08:17:15 ---
[DOCKER STATS]
[HOST RAM]
               total        used        free      shared  buff/cache   available
Mem:            62Gi       1,3Gi        20Gi       5,0Mi        41Gi        60Gi
Swap:           14Gi       5,0Mi        14Gi
[LOOP DEVICES]
/dev/loop1: []: (/var/lib/snapd/snaps/snapd_26382.snap)
/dev/loop19: []: (/ewf1), offset 33619968, sizelimit 855638016
/dev/loop75: []: (/var/lib/snapd/snaps/firefox_8191.snap)
/dev/loop17: []: (/ewf1), offset 33619968, sizelimit 855638016
/dev/loop45: []: (/var/lib/snapd/snaps/snapd-desktop-integration_361.snap)
/dev/loop73: []: (/ewf1), offset 33619968, sizelimit 855638016
/dev/loop8: []: (/var/lib/snapd/snaps/gnome-3-38-2004_143.snap)
/dev/loop35: []: (/var/lib/snapd/snaps/snapd-desktop-integration_357.snap)
/dev/loop15: []: (/var/lib/snapd/snaps/core22_2411.snap)
/dev/loop43: []: (/var/lib/snapd/snaps/firefox_8107.snap)
/dev/loop6: []: (/var/lib/snapd/snaps/core24_1499.snap)
/dev/loop23: []: (/ewf1), offset 33619968, sizelimit 855638016
/dev/loop13: []: (/var/lib/snapd/snaps/snap-store_1113.snap)
/dev/loop4: []: (/var/lib/snapd/snaps/core22_2045.snap)
/dev/loop31: []: (/var/lib/snapd/snaps/core24_1587.snap)
/dev/loop21: []: (/var/lib/snapd/snaps/mesa-2404_1165.snap)
/dev/loop11: []: (/var/lib/snapd/snaps/gtk-common-themes_1534.snap)
/dev/loop2: []: (/ewf1), offset 33619968, sizelimit 855638016
/dev/loop58: []: (/var/lib/snapd/snaps/snapd_26865.snap)
/dev/loop0: []: (/var/lib/snapd/snaps/bare_5.snap)
/dev/loop18: []: (/ewf1), offset 33619968, sizelimit 855638016
/dev/loop9: []: (/var/lib/snapd/snaps/core20_2769.snap)
/dev/loop16: []: (/ewf1), offset 33619968, sizelimit 855638016
/dev/loop7: []: (/var/lib/snapd/snaps/gnome-3-38-2004_140.snap)
/dev/loop14: []: (/var/lib/snapd/snaps/snap-store_1216.snap)
/dev/loop5: []: (/var/lib/snapd/snaps/core20_2717.snap)
/dev/loop22: []: (/var/lib/snapd/snaps/gnome-46-2404_153.snap)
/dev/loop12: []: (/var/lib/snapd/snaps/gtk-common-themes_1535.snap)
/dev/loop3: []: (/var/lib/snapd/snaps/gnome-42-2204_247.snap)
/dev/loop20: []: (/var/lib/snapd/snaps/firefox_8054.snap)
/dev/loop10: []: (/var/lib/snapd/snaps/gnome-42-2204_202.snap)
[KERNEL ERRORS]
----------------------------------------------------------

--- CHECKPOINT: 11/05/2026 08:22:15 ---
[DOCKER STATS]
[HOST RAM]
               total        used        free      shared  buff/cache   available
Mem:            62Gi       1,3Gi        20Gi       5,0Mi        41Gi        60Gi
Swap:           14Gi       5,0Mi        14Gi
[LOOP DEVICES]
/dev/loop1: []: (/var/lib/snapd/snaps/snapd_26382.snap)
/dev/loop19: []: (/ewf1), offset 33619968, sizelimit 855638016
/dev/loop75: []: (/var/lib/snapd/snaps/firefox_8191.snap)
/dev/loop17: []: (/ewf1), offset 33619968, sizelimit 855638016
/dev/loop45: []: (/var/lib/snapd/snaps/snapd-desktop-integration_361.snap)
/dev/loop73: []: (/ewf1), offset 33619968, sizelimit 855638016
/dev/loop8: []: (/var/lib/snapd/snaps/gnome-3-38-2004_143.snap)
/dev/loop35: []: (/var/lib/snapd/snaps/snapd-desktop-integration_357.snap)
/dev/loop15: []: (/var/lib/snapd/snaps/core22_2411.snap)
/dev/loop43: []: (/var/lib/snapd/snaps/firefox_8107.snap)
/dev/loop6: []: (/var/lib/snapd/snaps/core24_1499.snap)
/dev/loop23: []: (/ewf1), offset 33619968, sizelimit 855638016
/dev/loop13: []: (/var/lib/snapd/snaps/snap-store_1113.snap)
/dev/loop4: []: (/var/lib/snapd/snaps/core22_2045.snap)
/dev/loop31: []: (/var/lib/snapd/snaps/core24_1587.snap)
/dev/loop21: []: (/var/lib/snapd/snaps/mesa-2404_1165.snap)
/dev/loop11: []: (/var/lib/snapd/snaps/gtk-common-themes_1534.snap)
/dev/loop2: []: (/ewf1), offset 33619968, sizelimit 855638016
/dev/loop58: []: (/var/lib/snapd/snaps/snapd_26865.snap)
/dev/loop0: []: (/var/lib/snapd/snaps/bare_5.snap)
/dev/loop18: []: (/ewf1), offset 33619968, sizelimit 855638016
/dev/loop9: []: (/var/lib/snapd/snaps/core20_2769.snap)
/dev/loop16: []: (/ewf1), offset 33619968, sizelimit 855638016
/dev/loop7: []: (/var/lib/snapd/snaps/gnome-3-38-2004_140.snap)
/dev/loop14: []: (/var/lib/snapd/snaps/snap-store_1216.snap)
/dev/loop5: []: (/var/lib/snapd/snaps/core20_2717.snap)
/dev/loop22: []: (/var/lib/snapd/snaps/gnome-46-2404_153.snap)
/dev/loop12: []: (/var/lib/snapd/snaps/gtk-common-themes_1535.snap)
/dev/loop3: []: (/var/lib/snapd/snaps/gnome-42-2204_247.snap)
/dev/loop20: []: (/var/lib/snapd/snaps/firefox_8054.snap)
/dev/loop10: []: (/var/lib/snapd/snaps/gnome-42-2204_202.snap)
[KERNEL ERRORS]
----------------------------------------------------------

--- CHECKPOINT: 11/05/2026 08:27:15 ---
[DOCKER STATS]
[HOST RAM]
               total        used        free      shared  buff/cache   available
Mem:            62Gi       1,3Gi        20Gi       5,0Mi        41Gi        60Gi
Swap:           14Gi       5,0Mi        14Gi
[LOOP DEVICES]
/dev/loop1: []: (/var/lib/snapd/snaps/snapd_26382.snap)
/dev/loop19: []: (/ewf1), offset 33619968, sizelimit 855638016
/dev/loop75: []: (/var/lib/snapd/snaps/firefox_8191.snap)
/dev/loop17: []: (/ewf1), offset 33619968, sizelimit 855638016
/dev/loop45: []: (/var/lib/snapd/snaps/snapd-desktop-integration_361.snap)
/dev/loop73: []: (/ewf1), offset 33619968, sizelimit 855638016
/dev/loop8: []: (/var/lib/snapd/snaps/gnome-3-38-2004_143.snap)
/dev/loop35: []: (/var/lib/snapd/snaps/snapd-desktop-integration_357.snap)
/dev/loop15: []: (/var/lib/snapd/snaps/core22_2411.snap)
/dev/loop43: []: (/var/lib/snapd/snaps/firefox_8107.snap)
/dev/loop6: []: (/var/lib/snapd/snaps/core24_1499.snap)
/dev/loop23: []: (/ewf1), offset 33619968, sizelimit 855638016
/dev/loop13: []: (/var/lib/snapd/snaps/snap-store_1113.snap)
/dev/loop4: []: (/var/lib/snapd/snaps/core22_2045.snap)
/dev/loop31: []: (/var/lib/snapd/snaps/core24_1587.snap)
/dev/loop21: []: (/var/lib/snapd/snaps/mesa-2404_1165.snap)
/dev/loop11: []: (/var/lib/snapd/snaps/gtk-common-themes_1534.snap)
/dev/loop2: []: (/ewf1), offset 33619968, sizelimit 855638016
/dev/loop58: []: (/var/lib/snapd/snaps/snapd_26865.snap)
/dev/loop0: []: (/var/lib/snapd/snaps/bare_5.snap)
/dev/loop18: []: (/ewf1), offset 33619968, sizelimit 855638016
/dev/loop9: []: (/var/lib/snapd/snaps/core20_2769.snap)
/dev/loop16: []: (/ewf1), offset 33619968, sizelimit 855638016
/dev/loop7: []: (/var/lib/snapd/snaps/gnome-3-38-2004_140.snap)
/dev/loop14: []: (/var/lib/snapd/snaps/snap-store_1216.snap)
/dev/loop5: []: (/var/lib/snapd/snaps/core20_2717.snap)
/dev/loop22: []: (/var/lib/snapd/snaps/gnome-46-2404_153.snap)
/dev/loop12: []: (/var/lib/snapd/snaps/gtk-common-themes_1535.snap)
/dev/loop3: []: (/var/lib/snapd/snaps/gnome-42-2204_247.snap)
/dev/loop20: []: (/var/lib/snapd/snaps/firefox_8054.snap)
/dev/loop10: []: (/var/lib/snapd/snaps/gnome-42-2204_202.snap)
[KERNEL ERRORS]
----------------------------------------------------------

--- CHECKPOINT: 11/05/2026 08:32:15 ---
[DOCKER STATS]
[HOST RAM]
               total        used        free      shared  buff/cache   available
Mem:            62Gi       1,3Gi        20Gi       5,0Mi        41Gi        60Gi
Swap:           14Gi       5,0Mi        14Gi
[LOOP DEVICES]
/dev/loop1: []: (/var/lib/snapd/snaps/snapd_26382.snap)
/dev/loop19: []: (/ewf1), offset 33619968, sizelimit 855638016
/dev/loop75: []: (/var/lib/snapd/snaps/firefox_8191.snap)
/dev/loop17: []: (/ewf1), offset 33619968, sizelimit 855638016
/dev/loop45: []: (/var/lib/snapd/snaps/snapd-desktop-integration_361.snap)
/dev/loop73: []: (/ewf1), offset 33619968, sizelimit 855638016
/dev/loop8: []: (/var/lib/snapd/snaps/gnome-3-38-2004_143.snap)
/dev/loop35: []: (/var/lib/snapd/snaps/snapd-desktop-integration_357.snap)
/dev/loop15: []: (/var/lib/snapd/snaps/core22_2411.snap)
/dev/loop43: []: (/var/lib/snapd/snaps/firefox_8107.snap)
/dev/loop6: []: (/var/lib/snapd/snaps/core24_1499.snap)
/dev/loop23: []: (/ewf1), offset 33619968, sizelimit 855638016
/dev/loop13: []: (/var/lib/snapd/snaps/snap-store_1113.snap)
/dev/loop4: []: (/var/lib/snapd/snaps/core22_2045.snap)
/dev/loop31: []: (/var/lib/snapd/snaps/core24_1587.snap)
/dev/loop21: []: (/var/lib/snapd/snaps/mesa-2404_1165.snap)
/dev/loop11: []: (/var/lib/snapd/snaps/gtk-common-themes_1534.snap)
/dev/loop2: []: (/ewf1), offset 33619968, sizelimit 855638016
/dev/loop58: []: (/var/lib/snapd/snaps/snapd_26865.snap)
/dev/loop0: []: (/var/lib/snapd/snaps/bare_5.snap)
/dev/loop18: []: (/ewf1), offset 33619968, sizelimit 855638016
/dev/loop9: []: (/var/lib/snapd/snaps/core20_2769.snap)
/dev/loop16: []: (/ewf1), offset 33619968, sizelimit 855638016
/dev/loop7: []: (/var/lib/snapd/snaps/gnome-3-38-2004_140.snap)
/dev/loop14: []: (/var/lib/snapd/snaps/snap-store_1216.snap)
/dev/loop5: []: (/var/lib/snapd/snaps/core20_2717.snap)
/dev/loop22: []: (/var/lib/snapd/snaps/gnome-46-2404_153.snap)
/dev/loop12: []: (/var/lib/snapd/snaps/gtk-common-themes_1535.snap)
/dev/loop3: []: (/var/lib/snapd/snaps/gnome-42-2204_247.snap)
/dev/loop20: []: (/var/lib/snapd/snaps/firefox_8054.snap)
/dev/loop10: []: (/var/lib/snapd/snaps/gnome-42-2204_202.snap)
[KERNEL ERRORS]
----------------------------------------------------------

--- CHECKPOINT: 11/05/2026 08:37:15 ---
[DOCKER STATS]
[HOST RAM]
               total        used        free      shared  buff/cache   available
Mem:            62Gi       1,3Gi        20Gi       5,0Mi        41Gi        60Gi
Swap:           14Gi       5,0Mi        14Gi
[LOOP DEVICES]
/dev/loop1: []: (/var/lib/snapd/snaps/snapd_26382.snap)
/dev/loop19: []: (/ewf1), offset 33619968, sizelimit 855638016
/dev/loop75: []: (/var/lib/snapd/snaps/firefox_8191.snap)
/dev/loop17: []: (/ewf1), offset 33619968, sizelimit 855638016
/dev/loop45: []: (/var/lib/snapd/snaps/snapd-desktop-integration_361.snap)
/dev/loop73: []: (/ewf1), offset 33619968, sizelimit 855638016
/dev/loop8: []: (/var/lib/snapd/snaps/gnome-3-38-2004_143.snap)
/dev/loop35: []: (/var/lib/snapd/snaps/snapd-desktop-integration_357.snap)
/dev/loop15: []: (/var/lib/snapd/snaps/core22_2411.snap)
/dev/loop43: []: (/var/lib/snapd/snaps/firefox_8107.snap)
/dev/loop6: []: (/var/lib/snapd/snaps/core24_1499.snap)
/dev/loop23: []: (/ewf1), offset 33619968, sizelimit 855638016
/dev/loop13: []: (/var/lib/snapd/snaps/snap-store_1113.snap)
/dev/loop4: []: (/var/lib/snapd/snaps/core22_2045.snap)
/dev/loop31: []: (/var/lib/snapd/snaps/core24_1587.snap)
/dev/loop21: []: (/var/lib/snapd/snaps/mesa-2404_1165.snap)
/dev/loop11: []: (/var/lib/snapd/snaps/gtk-common-themes_1534.snap)
/dev/loop2: []: (/ewf1), offset 33619968, sizelimit 855638016
/dev/loop58: []: (/var/lib/snapd/snaps/snapd_26865.snap)
/dev/loop0: []: (/var/lib/snapd/snaps/bare_5.snap)
/dev/loop18: []: (/ewf1), offset 33619968, sizelimit 855638016
/dev/loop9: []: (/var/lib/snapd/snaps/core20_2769.snap)
/dev/loop16: []: (/ewf1), offset 33619968, sizelimit 855638016
/dev/loop7: []: (/var/lib/snapd/snaps/gnome-3-38-2004_140.snap)
/dev/loop14: []: (/var/lib/snapd/snaps/snap-store_1216.snap)
/dev/loop5: []: (/var/lib/snapd/snaps/core20_2717.snap)
/dev/loop22: []: (/var/lib/snapd/snaps/gnome-46-2404_153.snap)
/dev/loop12: []: (/var/lib/snapd/snaps/gtk-common-themes_1535.snap)
/dev/loop3: []: (/var/lib/snapd/snaps/gnome-42-2204_247.snap)
/dev/loop20: []: (/var/lib/snapd/snaps/firefox_8054.snap)
/dev/loop10: []: (/var/lib/snapd/snaps/gnome-42-2204_202.snap)
[KERNEL ERRORS]
----------------------------------------------------------

--- CHECKPOINT: 11/05/2026 08:42:16 ---
[DOCKER STATS]
[HOST RAM]
               total        used        free      shared  buff/cache   available
Mem:            62Gi       1,3Gi        20Gi       5,0Mi        41Gi        60Gi
Swap:           14Gi       5,0Mi        14Gi
[LOOP DEVICES]
/dev/loop1: []: (/var/lib/snapd/snaps/snapd_26382.snap)
/dev/loop19: []: (/ewf1), offset 33619968, sizelimit 855638016
/dev/loop75: []: (/var/lib/snapd/snaps/firefox_8191.snap)
/dev/loop17: []: (/ewf1), offset 33619968, sizelimit 855638016
/dev/loop45: []: (/var/lib/snapd/snaps/snapd-desktop-integration_361.snap)
/dev/loop73: []: (/ewf1), offset 33619968, sizelimit 855638016
/dev/loop8: []: (/var/lib/snapd/snaps/gnome-3-38-2004_143.snap)
/dev/loop35: []: (/var/lib/snapd/snaps/snapd-desktop-integration_357.snap)
/dev/loop15: []: (/var/lib/snapd/snaps/core22_2411.snap)
/dev/loop43: []: (/var/lib/snapd/snaps/firefox_8107.snap)
/dev/loop6: []: (/var/lib/snapd/snaps/core24_1499.snap)
/dev/loop23: []: (/ewf1), offset 33619968, sizelimit 855638016
/dev/loop13: []: (/var/lib/snapd/snaps/snap-store_1113.snap)
/dev/loop4: []: (/var/lib/snapd/snaps/core22_2045.snap)
/dev/loop31: []: (/var/lib/snapd/snaps/core24_1587.snap)
/dev/loop21: []: (/var/lib/snapd/snaps/mesa-2404_1165.snap)
/dev/loop11: []: (/var/lib/snapd/snaps/gtk-common-themes_1534.snap)
/dev/loop2: []: (/ewf1), offset 33619968, sizelimit 855638016
/dev/loop58: []: (/var/lib/snapd/snaps/snapd_26865.snap)
/dev/loop0: []: (/var/lib/snapd/snaps/bare_5.snap)
/dev/loop18: []: (/ewf1), offset 33619968, sizelimit 855638016
/dev/loop9: []: (/var/lib/snapd/snaps/core20_2769.snap)
/dev/loop16: []: (/ewf1), offset 33619968, sizelimit 855638016
/dev/loop7: []: (/var/lib/snapd/snaps/gnome-3-38-2004_140.snap)
/dev/loop14: []: (/var/lib/snapd/snaps/snap-store_1216.snap)
/dev/loop5: []: (/var/lib/snapd/snaps/core20_2717.snap)
/dev/loop22: []: (/var/lib/snapd/snaps/gnome-46-2404_153.snap)
/dev/loop12: []: (/var/lib/snapd/snaps/gtk-common-themes_1535.snap)
/dev/loop3: []: (/var/lib/snapd/snaps/gnome-42-2204_247.snap)
/dev/loop20: []: (/var/lib/snapd/snaps/firefox_8054.snap)
/dev/loop10: []: (/var/lib/snapd/snaps/gnome-42-2204_202.snap)
[KERNEL ERRORS]
----------------------------------------------------------

--- CHECKPOINT: 11/05/2026 08:47:16 ---
[DOCKER STATS]
[HOST RAM]
               total        used        free      shared  buff/cache   available
Mem:            62Gi       1,3Gi        20Gi       5,0Mi        41Gi        60Gi
Swap:           14Gi       5,0Mi        14Gi
[LOOP DEVICES]
/dev/loop1: []: (/var/lib/snapd/snaps/snapd_26382.snap)
/dev/loop19: []: (/ewf1), offset 33619968, sizelimit 855638016
/dev/loop75: []: (/var/lib/snapd/snaps/firefox_8191.snap)
/dev/loop17: []: (/ewf1), offset 33619968, sizelimit 855638016
/dev/loop45: []: (/var/lib/snapd/snaps/snapd-desktop-integration_361.snap)
/dev/loop73: []: (/ewf1), offset 33619968, sizelimit 855638016
/dev/loop8: []: (/var/lib/snapd/snaps/gnome-3-38-2004_143.snap)
/dev/loop35: []: (/var/lib/snapd/snaps/snapd-desktop-integration_357.snap)
/dev/loop15: []: (/var/lib/snapd/snaps/core22_2411.snap)
/dev/loop43: []: (/var/lib/snapd/snaps/firefox_8107.snap)
/dev/loop6: []: (/var/lib/snapd/snaps/core24_1499.snap)
/dev/loop23: []: (/ewf1), offset 33619968, sizelimit 855638016
/dev/loop13: []: (/var/lib/snapd/snaps/snap-store_1113.snap)
/dev/loop4: []: (/var/lib/snapd/snaps/core22_2045.snap)
/dev/loop31: []: (/var/lib/snapd/snaps/core24_1587.snap)
/dev/loop21: []: (/var/lib/snapd/snaps/mesa-2404_1165.snap)
/dev/loop11: []: (/var/lib/snapd/snaps/gtk-common-themes_1534.snap)
/dev/loop2: []: (/ewf1), offset 33619968, sizelimit 855638016
/dev/loop58: []: (/var/lib/snapd/snaps/snapd_26865.snap)
/dev/loop0: []: (/var/lib/snapd/snaps/bare_5.snap)
/dev/loop18: []: (/ewf1), offset 33619968, sizelimit 855638016
/dev/loop9: []: (/var/lib/snapd/snaps/core20_2769.snap)
/dev/loop16: []: (/ewf1), offset 33619968, sizelimit 855638016
/dev/loop7: []: (/var/lib/snapd/snaps/gnome-3-38-2004_140.snap)
/dev/loop14: []: (/var/lib/snapd/snaps/snap-store_1216.snap)
/dev/loop5: []: (/var/lib/snapd/snaps/core20_2717.snap)
/dev/loop22: []: (/var/lib/snapd/snaps/gnome-46-2404_153.snap)
/dev/loop12: []: (/var/lib/snapd/snaps/gtk-common-themes_1535.snap)
/dev/loop3: []: (/var/lib/snapd/snaps/gnome-42-2204_247.snap)
/dev/loop20: []: (/var/lib/snapd/snaps/firefox_8054.snap)
/dev/loop10: []: (/var/lib/snapd/snaps/gnome-42-2204_202.snap)
[KERNEL ERRORS]
----------------------------------------------------------

--- CHECKPOINT: 11/05/2026 08:52:16 ---
[DOCKER STATS]
[HOST RAM]
               total        used        free      shared  buff/cache   available
Mem:            62Gi       1,3Gi        20Gi       5,0Mi        41Gi        60Gi
Swap:           14Gi       5,0Mi        14Gi
[LOOP DEVICES]
/dev/loop1: []: (/var/lib/snapd/snaps/snapd_26382.snap)
/dev/loop19: []: (/ewf1), offset 33619968, sizelimit 855638016
/dev/loop75: []: (/var/lib/snapd/snaps/firefox_8191.snap)
/dev/loop17: []: (/ewf1), offset 33619968, sizelimit 855638016
/dev/loop45: []: (/var/lib/snapd/snaps/snapd-desktop-integration_361.snap)
/dev/loop73: []: (/ewf1), offset 33619968, sizelimit 855638016
/dev/loop8: []: (/var/lib/snapd/snaps/gnome-3-38-2004_143.snap)
/dev/loop35: []: (/var/lib/snapd/snaps/snapd-desktop-integration_357.snap)
/dev/loop15: []: (/var/lib/snapd/snaps/core22_2411.snap)
/dev/loop43: []: (/var/lib/snapd/snaps/firefox_8107.snap)
/dev/loop6: []: (/var/lib/snapd/snaps/core24_1499.snap)
/dev/loop23: []: (/ewf1), offset 33619968, sizelimit 855638016
/dev/loop13: []: (/var/lib/snapd/snaps/snap-store_1113.snap)
/dev/loop4: []: (/var/lib/snapd/snaps/core22_2045.snap)
/dev/loop31: []: (/var/lib/snapd/snaps/core24_1587.snap)
/dev/loop21: []: (/var/lib/snapd/snaps/mesa-2404_1165.snap)
/dev/loop11: []: (/var/lib/snapd/snaps/gtk-common-themes_1534.snap)
/dev/loop2: []: (/ewf1), offset 33619968, sizelimit 855638016
/dev/loop58: []: (/var/lib/snapd/snaps/snapd_26865.snap)
/dev/loop0: []: (/var/lib/snapd/snaps/bare_5.snap)
/dev/loop18: []: (/ewf1), offset 33619968, sizelimit 855638016
/dev/loop9: []: (/var/lib/snapd/snaps/core20_2769.snap)
/dev/loop16: []: (/ewf1), offset 33619968, sizelimit 855638016
/dev/loop7: []: (/var/lib/snapd/snaps/gnome-3-38-2004_140.snap)
/dev/loop14: []: (/var/lib/snapd/snaps/snap-store_1216.snap)
/dev/loop5: []: (/var/lib/snapd/snaps/core20_2717.snap)
/dev/loop22: []: (/var/lib/snapd/snaps/gnome-46-2404_153.snap)
/dev/loop12: []: (/var/lib/snapd/snaps/gtk-common-themes_1535.snap)
/dev/loop3: []: (/var/lib/snapd/snaps/gnome-42-2204_247.snap)
/dev/loop20: []: (/var/lib/snapd/snaps/firefox_8054.snap)
/dev/loop10: []: (/var/lib/snapd/snaps/gnome-42-2204_202.snap)
[KERNEL ERRORS]
----------------------------------------------------------

--- CHECKPOINT: 11/05/2026 08:57:16 ---
[DOCKER STATS]
[HOST RAM]
               total        used        free      shared  buff/cache   available
Mem:            62Gi       1,3Gi        20Gi       5,0Mi        41Gi        60Gi
Swap:           14Gi       5,0Mi        14Gi
[LOOP DEVICES]
/dev/loop1: []: (/var/lib/snapd/snaps/snapd_26382.snap)
/dev/loop19: []: (/ewf1), offset 33619968, sizelimit 855638016
/dev/loop75: []: (/var/lib/snapd/snaps/firefox_8191.snap)
/dev/loop17: []: (/ewf1), offset 33619968, sizelimit 855638016
/dev/loop45: []: (/var/lib/snapd/snaps/snapd-desktop-integration_361.snap)
/dev/loop73: []: (/ewf1), offset 33619968, sizelimit 855638016
/dev/loop8: []: (/var/lib/snapd/snaps/gnome-3-38-2004_143.snap)
/dev/loop35: []: (/var/lib/snapd/snaps/snapd-desktop-integration_357.snap)
/dev/loop15: []: (/var/lib/snapd/snaps/core22_2411.snap)
/dev/loop43: []: (/var/lib/snapd/snaps/firefox_8107.snap)
/dev/loop6: []: (/var/lib/snapd/snaps/core24_1499.snap)
/dev/loop23: []: (/ewf1), offset 33619968, sizelimit 855638016
/dev/loop13: []: (/var/lib/snapd/snaps/snap-store_1113.snap)
/dev/loop4: []: (/var/lib/snapd/snaps/core22_2045.snap)
/dev/loop31: []: (/var/lib/snapd/snaps/core24_1587.snap)
/dev/loop21: []: (/var/lib/snapd/snaps/mesa-2404_1165.snap)
/dev/loop11: []: (/var/lib/snapd/snaps/gtk-common-themes_1534.snap)
/dev/loop2: []: (/ewf1), offset 33619968, sizelimit 855638016
/dev/loop58: []: (/var/lib/snapd/snaps/snapd_26865.snap)
/dev/loop0: []: (/var/lib/snapd/snaps/bare_5.snap)
/dev/loop18: []: (/ewf1), offset 33619968, sizelimit 855638016
/dev/loop9: []: (/var/lib/snapd/snaps/core20_2769.snap)
/dev/loop16: []: (/ewf1), offset 33619968, sizelimit 855638016
/dev/loop7: []: (/var/lib/snapd/snaps/gnome-3-38-2004_140.snap)
/dev/loop14: []: (/var/lib/snapd/snaps/snap-store_1216.snap)
/dev/loop5: []: (/var/lib/snapd/snaps/core20_2717.snap)
/dev/loop22: []: (/var/lib/snapd/snaps/gnome-46-2404_153.snap)
/dev/loop12: []: (/var/lib/snapd/snaps/gtk-common-themes_1535.snap)
/dev/loop3: []: (/var/lib/snapd/snaps/gnome-42-2204_247.snap)
/dev/loop20: []: (/var/lib/snapd/snaps/firefox_8054.snap)
/dev/loop10: []: (/var/lib/snapd/snaps/gnome-42-2204_202.snap)
[KERNEL ERRORS]
----------------------------------------------------------

--- CHECKPOINT: 11/05/2026 09:02:16 ---
[DOCKER STATS]
[HOST RAM]
               total        used        free      shared  buff/cache   available
Mem:            62Gi       1,3Gi        20Gi       5,0Mi        41Gi        60Gi
Swap:           14Gi       5,0Mi        14Gi
[LOOP DEVICES]
/dev/loop1: []: (/var/lib/snapd/snaps/snapd_26382.snap)
/dev/loop19: []: (/ewf1), offset 33619968, sizelimit 855638016
/dev/loop75: []: (/var/lib/snapd/snaps/firefox_8191.snap)
/dev/loop17: []: (/ewf1), offset 33619968, sizelimit 855638016
/dev/loop45: []: (/var/lib/snapd/snaps/snapd-desktop-integration_361.snap)
/dev/loop73: []: (/ewf1), offset 33619968, sizelimit 855638016
/dev/loop8: []: (/var/lib/snapd/snaps/gnome-3-38-2004_143.snap)
/dev/loop35: []: (/var/lib/snapd/snaps/snapd-desktop-integration_357.snap)
/dev/loop15: []: (/var/lib/snapd/snaps/core22_2411.snap)
/dev/loop43: []: (/var/lib/snapd/snaps/firefox_8107.snap)
/dev/loop6: []: (/var/lib/snapd/snaps/core24_1499.snap)
/dev/loop23: []: (/ewf1), offset 33619968, sizelimit 855638016
/dev/loop13: []: (/var/lib/snapd/snaps/snap-store_1113.snap)
/dev/loop4: []: (/var/lib/snapd/snaps/core22_2045.snap)
/dev/loop31: []: (/var/lib/snapd/snaps/core24_1587.snap)
/dev/loop21: []: (/var/lib/snapd/snaps/mesa-2404_1165.snap)
/dev/loop11: []: (/var/lib/snapd/snaps/gtk-common-themes_1534.snap)
/dev/loop2: []: (/ewf1), offset 33619968, sizelimit 855638016
/dev/loop58: []: (/var/lib/snapd/snaps/snapd_26865.snap)
/dev/loop0: []: (/var/lib/snapd/snaps/bare_5.snap)
/dev/loop18: []: (/ewf1), offset 33619968, sizelimit 855638016
/dev/loop9: []: (/var/lib/snapd/snaps/core20_2769.snap)
/dev/loop16: []: (/ewf1), offset 33619968, sizelimit 855638016
/dev/loop7: []: (/var/lib/snapd/snaps/gnome-3-38-2004_140.snap)
/dev/loop14: []: (/var/lib/snapd/snaps/snap-store_1216.snap)
/dev/loop5: []: (/var/lib/snapd/snaps/core20_2717.snap)
/dev/loop22: []: (/var/lib/snapd/snaps/gnome-46-2404_153.snap)
/dev/loop12: []: (/var/lib/snapd/snaps/gtk-common-themes_1535.snap)
/dev/loop3: []: (/var/lib/snapd/snaps/gnome-42-2204_247.snap)
/dev/loop20: []: (/var/lib/snapd/snaps/firefox_8054.snap)
/dev/loop10: []: (/var/lib/snapd/snaps/gnome-42-2204_202.snap)
[KERNEL ERRORS]
----------------------------------------------------------

--- CHECKPOINT: 11/05/2026 09:07:16 ---
[DOCKER STATS]
[HOST RAM]
               total        used        free      shared  buff/cache   available
Mem:            62Gi       1,3Gi        20Gi       5,0Mi        41Gi        60Gi
Swap:           14Gi       5,0Mi        14Gi
[LOOP DEVICES]
/dev/loop1: []: (/var/lib/snapd/snaps/snapd_26382.snap)
/dev/loop19: []: (/ewf1), offset 33619968, sizelimit 855638016
/dev/loop75: []: (/var/lib/snapd/snaps/firefox_8191.snap)
/dev/loop17: []: (/ewf1), offset 33619968, sizelimit 855638016
/dev/loop45: []: (/var/lib/snapd/snaps/snapd-desktop-integration_361.snap)
/dev/loop73: []: (/ewf1), offset 33619968, sizelimit 855638016
/dev/loop8: []: (/var/lib/snapd/snaps/gnome-3-38-2004_143.snap)
/dev/loop35: []: (/var/lib/snapd/snaps/snapd-desktop-integration_357.snap)
/dev/loop15: []: (/var/lib/snapd/snaps/core22_2411.snap)
/dev/loop43: []: (/var/lib/snapd/snaps/firefox_8107.snap)
/dev/loop6: []: (/var/lib/snapd/snaps/core24_1499.snap)
/dev/loop23: []: (/ewf1), offset 33619968, sizelimit 855638016
/dev/loop13: []: (/var/lib/snapd/snaps/snap-store_1113.snap)
/dev/loop4: []: (/var/lib/snapd/snaps/core22_2045.snap)
/dev/loop31: []: (/var/lib/snapd/snaps/core24_1587.snap)
/dev/loop21: []: (/var/lib/snapd/snaps/mesa-2404_1165.snap)
/dev/loop11: []: (/var/lib/snapd/snaps/gtk-common-themes_1534.snap)
/dev/loop2: []: (/ewf1), offset 33619968, sizelimit 855638016
/dev/loop58: []: (/var/lib/snapd/snaps/snapd_26865.snap)
/dev/loop0: []: (/var/lib/snapd/snaps/bare_5.snap)
/dev/loop18: []: (/ewf1), offset 33619968, sizelimit 855638016
/dev/loop9: []: (/var/lib/snapd/snaps/core20_2769.snap)
/dev/loop16: []: (/ewf1), offset 33619968, sizelimit 855638016
/dev/loop7: []: (/var/lib/snapd/snaps/gnome-3-38-2004_140.snap)
/dev/loop14: []: (/var/lib/snapd/snaps/snap-store_1216.snap)
/dev/loop5: []: (/var/lib/snapd/snaps/core20_2717.snap)
/dev/loop22: []: (/var/lib/snapd/snaps/gnome-46-2404_153.snap)
/dev/loop12: []: (/var/lib/snapd/snaps/gtk-common-themes_1535.snap)
/dev/loop3: []: (/var/lib/snapd/snaps/gnome-42-2204_247.snap)
/dev/loop20: []: (/var/lib/snapd/snaps/firefox_8054.snap)
/dev/loop10: []: (/var/lib/snapd/snaps/gnome-42-2204_202.snap)
[KERNEL ERRORS]
----------------------------------------------------------

--- CHECKPOINT: 11/05/2026 09:12:16 ---
[DOCKER STATS]
[HOST RAM]
               total        used        free      shared  buff/cache   available
Mem:            62Gi       1,3Gi        20Gi       5,0Mi        41Gi        60Gi
Swap:           14Gi       5,0Mi        14Gi
[LOOP DEVICES]
/dev/loop1: []: (/var/lib/snapd/snaps/snapd_26382.snap)
/dev/loop19: []: (/ewf1), offset 33619968, sizelimit 855638016
/dev/loop75: []: (/var/lib/snapd/snaps/firefox_8191.snap)
/dev/loop17: []: (/ewf1), offset 33619968, sizelimit 855638016
/dev/loop45: []: (/var/lib/snapd/snaps/snapd-desktop-integration_361.snap)
/dev/loop73: []: (/ewf1), offset 33619968, sizelimit 855638016
/dev/loop8: []: (/var/lib/snapd/snaps/gnome-3-38-2004_143.snap)
/dev/loop35: []: (/var/lib/snapd/snaps/snapd-desktop-integration_357.snap)
/dev/loop15: []: (/var/lib/snapd/snaps/core22_2411.snap)
/dev/loop43: []: (/var/lib/snapd/snaps/firefox_8107.snap)
/dev/loop6: []: (/var/lib/snapd/snaps/core24_1499.snap)
/dev/loop23: []: (/ewf1), offset 33619968, sizelimit 855638016
/dev/loop13: []: (/var/lib/snapd/snaps/snap-store_1113.snap)
/dev/loop4: []: (/var/lib/snapd/snaps/core22_2045.snap)
/dev/loop31: []: (/var/lib/snapd/snaps/core24_1587.snap)
/dev/loop21: []: (/var/lib/snapd/snaps/mesa-2404_1165.snap)
/dev/loop11: []: (/var/lib/snapd/snaps/gtk-common-themes_1534.snap)
/dev/loop2: []: (/ewf1), offset 33619968, sizelimit 855638016
/dev/loop58: []: (/var/lib/snapd/snaps/snapd_26865.snap)
/dev/loop0: []: (/var/lib/snapd/snaps/bare_5.snap)
/dev/loop18: []: (/ewf1), offset 33619968, sizelimit 855638016
/dev/loop9: []: (/var/lib/snapd/snaps/core20_2769.snap)
/dev/loop16: []: (/ewf1), offset 33619968, sizelimit 855638016
/dev/loop7: []: (/var/lib/snapd/snaps/gnome-3-38-2004_140.snap)
/dev/loop14: []: (/var/lib/snapd/snaps/snap-store_1216.snap)
/dev/loop5: []: (/var/lib/snapd/snaps/core20_2717.snap)
/dev/loop22: []: (/var/lib/snapd/snaps/gnome-46-2404_153.snap)
/dev/loop12: []: (/var/lib/snapd/snaps/gtk-common-themes_1535.snap)
/dev/loop3: []: (/var/lib/snapd/snaps/gnome-42-2204_247.snap)
/dev/loop20: []: (/var/lib/snapd/snaps/firefox_8054.snap)
/dev/loop10: []: (/var/lib/snapd/snaps/gnome-42-2204_202.snap)
[KERNEL ERRORS]
----------------------------------------------------------

--- CHECKPOINT: 11/05/2026 09:17:16 ---
[DOCKER STATS]
[HOST RAM]
               total        used        free      shared  buff/cache   available
Mem:            62Gi       1,3Gi        20Gi       5,0Mi        41Gi        60Gi
Swap:           14Gi       5,0Mi        14Gi
[LOOP DEVICES]
/dev/loop1: []: (/var/lib/snapd/snaps/snapd_26382.snap)
/dev/loop19: []: (/ewf1), offset 33619968, sizelimit 855638016
/dev/loop75: []: (/var/lib/snapd/snaps/firefox_8191.snap)
/dev/loop17: []: (/ewf1), offset 33619968, sizelimit 855638016
/dev/loop45: []: (/var/lib/snapd/snaps/snapd-desktop-integration_361.snap)
/dev/loop73: []: (/ewf1), offset 33619968, sizelimit 855638016
/dev/loop8: []: (/var/lib/snapd/snaps/gnome-3-38-2004_143.snap)
/dev/loop35: []: (/var/lib/snapd/snaps/snapd-desktop-integration_357.snap)
/dev/loop15: []: (/var/lib/snapd/snaps/core22_2411.snap)
/dev/loop43: []: (/var/lib/snapd/snaps/firefox_8107.snap)
/dev/loop6: []: (/var/lib/snapd/snaps/core24_1499.snap)
/dev/loop23: []: (/ewf1), offset 33619968, sizelimit 855638016
/dev/loop13: []: (/var/lib/snapd/snaps/snap-store_1113.snap)
/dev/loop4: []: (/var/lib/snapd/snaps/core22_2045.snap)
/dev/loop31: []: (/var/lib/snapd/snaps/core24_1587.snap)
/dev/loop21: []: (/var/lib/snapd/snaps/mesa-2404_1165.snap)
/dev/loop11: []: (/var/lib/snapd/snaps/gtk-common-themes_1534.snap)
/dev/loop2: []: (/ewf1), offset 33619968, sizelimit 855638016
/dev/loop58: []: (/var/lib/snapd/snaps/snapd_26865.snap)
/dev/loop0: []: (/var/lib/snapd/snaps/bare_5.snap)
/dev/loop18: []: (/ewf1), offset 33619968, sizelimit 855638016
/dev/loop9: []: (/var/lib/snapd/snaps/core20_2769.snap)
/dev/loop16: []: (/ewf1), offset 33619968, sizelimit 855638016
/dev/loop7: []: (/var/lib/snapd/snaps/gnome-3-38-2004_140.snap)
/dev/loop14: []: (/var/lib/snapd/snaps/snap-store_1216.snap)
/dev/loop5: []: (/var/lib/snapd/snaps/core20_2717.snap)
/dev/loop22: []: (/var/lib/snapd/snaps/gnome-46-2404_153.snap)
/dev/loop12: []: (/var/lib/snapd/snaps/gtk-common-themes_1535.snap)
/dev/loop3: []: (/var/lib/snapd/snaps/gnome-42-2204_247.snap)
/dev/loop20: []: (/var/lib/snapd/snaps/firefox_8054.snap)
/dev/loop10: []: (/var/lib/snapd/snaps/gnome-42-2204_202.snap)
[KERNEL ERRORS]
----------------------------------------------------------

--- CHECKPOINT: 11/05/2026 09:22:16 ---
[DOCKER STATS]
[HOST RAM]
               total        used        free      shared  buff/cache   available
Mem:            62Gi       1,3Gi        20Gi       5,0Mi        41Gi        60Gi
Swap:           14Gi       5,0Mi        14Gi
[LOOP DEVICES]
/dev/loop1: []: (/var/lib/snapd/snaps/snapd_26382.snap)
/dev/loop19: []: (/ewf1), offset 33619968, sizelimit 855638016
/dev/loop75: []: (/var/lib/snapd/snaps/firefox_8191.snap)
/dev/loop17: []: (/ewf1), offset 33619968, sizelimit 855638016
/dev/loop45: []: (/var/lib/snapd/snaps/snapd-desktop-integration_361.snap)
/dev/loop73: []: (/ewf1), offset 33619968, sizelimit 855638016
/dev/loop8: []: (/var/lib/snapd/snaps/gnome-3-38-2004_143.snap)
/dev/loop35: []: (/var/lib/snapd/snaps/snapd-desktop-integration_357.snap)
/dev/loop15: []: (/var/lib/snapd/snaps/core22_2411.snap)
/dev/loop43: []: (/var/lib/snapd/snaps/firefox_8107.snap)
/dev/loop6: []: (/var/lib/snapd/snaps/core24_1499.snap)
/dev/loop23: []: (/ewf1), offset 33619968, sizelimit 855638016
/dev/loop13: []: (/var/lib/snapd/snaps/snap-store_1113.snap)
/dev/loop4: []: (/var/lib/snapd/snaps/core22_2045.snap)
/dev/loop31: []: (/var/lib/snapd/snaps/core24_1587.snap)
/dev/loop21: []: (/var/lib/snapd/snaps/mesa-2404_1165.snap)
/dev/loop11: []: (/var/lib/snapd/snaps/gtk-common-themes_1534.snap)
/dev/loop2: []: (/ewf1), offset 33619968, sizelimit 855638016
/dev/loop58: []: (/var/lib/snapd/snaps/snapd_26865.snap)
/dev/loop0: []: (/var/lib/snapd/snaps/bare_5.snap)
/dev/loop18: []: (/ewf1), offset 33619968, sizelimit 855638016
/dev/loop9: []: (/var/lib/snapd/snaps/core20_2769.snap)
/dev/loop16: []: (/ewf1), offset 33619968, sizelimit 855638016
/dev/loop7: []: (/var/lib/snapd/snaps/gnome-3-38-2004_140.snap)
/dev/loop14: []: (/var/lib/snapd/snaps/snap-store_1216.snap)
/dev/loop5: []: (/var/lib/snapd/snaps/core20_2717.snap)
/dev/loop22: []: (/var/lib/snapd/snaps/gnome-46-2404_153.snap)
/dev/loop12: []: (/var/lib/snapd/snaps/gtk-common-themes_1535.snap)
/dev/loop3: []: (/var/lib/snapd/snaps/gnome-42-2204_247.snap)
/dev/loop20: []: (/var/lib/snapd/snaps/firefox_8054.snap)
/dev/loop10: []: (/var/lib/snapd/snaps/gnome-42-2204_202.snap)
[KERNEL ERRORS]
----------------------------------------------------------

--- CHECKPOINT: 11/05/2026 09:27:16 ---
[DOCKER STATS]
[HOST RAM]
               total        used        free      shared  buff/cache   available
Mem:            62Gi       1,3Gi        20Gi       5,0Mi        41Gi        60Gi
Swap:           14Gi       5,0Mi        14Gi
[LOOP DEVICES]
/dev/loop1: []: (/var/lib/snapd/snaps/snapd_26382.snap)
/dev/loop19: []: (/ewf1), offset 33619968, sizelimit 855638016
/dev/loop75: []: (/var/lib/snapd/snaps/firefox_8191.snap)
/dev/loop17: []: (/ewf1), offset 33619968, sizelimit 855638016
/dev/loop45: []: (/var/lib/snapd/snaps/snapd-desktop-integration_361.snap)
/dev/loop73: []: (/ewf1), offset 33619968, sizelimit 855638016
/dev/loop8: []: (/var/lib/snapd/snaps/gnome-3-38-2004_143.snap)
/dev/loop35: []: (/var/lib/snapd/snaps/snapd-desktop-integration_357.snap)
/dev/loop15: []: (/var/lib/snapd/snaps/core22_2411.snap)
/dev/loop43: []: (/var/lib/snapd/snaps/firefox_8107.snap)
/dev/loop6: []: (/var/lib/snapd/snaps/core24_1499.snap)
/dev/loop23: []: (/ewf1), offset 33619968, sizelimit 855638016
/dev/loop13: []: (/var/lib/snapd/snaps/snap-store_1113.snap)
/dev/loop4: []: (/var/lib/snapd/snaps/core22_2045.snap)
/dev/loop31: []: (/var/lib/snapd/snaps/core24_1587.snap)
/dev/loop21: []: (/var/lib/snapd/snaps/mesa-2404_1165.snap)
/dev/loop11: []: (/var/lib/snapd/snaps/gtk-common-themes_1534.snap)
/dev/loop2: []: (/ewf1), offset 33619968, sizelimit 855638016
/dev/loop58: []: (/var/lib/snapd/snaps/snapd_26865.snap)
/dev/loop0: []: (/var/lib/snapd/snaps/bare_5.snap)
/dev/loop18: []: (/ewf1), offset 33619968, sizelimit 855638016
/dev/loop9: []: (/var/lib/snapd/snaps/core20_2769.snap)
/dev/loop16: []: (/ewf1), offset 33619968, sizelimit 855638016
/dev/loop7: []: (/var/lib/snapd/snaps/gnome-3-38-2004_140.snap)
/dev/loop14: []: (/var/lib/snapd/snaps/snap-store_1216.snap)
/dev/loop5: []: (/var/lib/snapd/snaps/core20_2717.snap)
/dev/loop22: []: (/var/lib/snapd/snaps/gnome-46-2404_153.snap)
/dev/loop12: []: (/var/lib/snapd/snaps/gtk-common-themes_1535.snap)
/dev/loop3: []: (/var/lib/snapd/snaps/gnome-42-2204_247.snap)
/dev/loop20: []: (/var/lib/snapd/snaps/firefox_8054.snap)
/dev/loop10: []: (/var/lib/snapd/snaps/gnome-42-2204_202.snap)
[KERNEL ERRORS]
----------------------------------------------------------

--- CHECKPOINT: 11/05/2026 09:32:16 ---
[DOCKER STATS]
[HOST RAM]
               total        used        free      shared  buff/cache   available
Mem:            62Gi       1,3Gi        20Gi       5,0Mi        41Gi        60Gi
Swap:           14Gi       5,0Mi        14Gi
[LOOP DEVICES]
/dev/loop1: []: (/var/lib/snapd/snaps/snapd_26382.snap)
/dev/loop19: []: (/ewf1), offset 33619968, sizelimit 855638016
/dev/loop75: []: (/var/lib/snapd/snaps/firefox_8191.snap)
/dev/loop17: []: (/ewf1), offset 33619968, sizelimit 855638016
/dev/loop45: []: (/var/lib/snapd/snaps/snapd-desktop-integration_361.snap)
/dev/loop73: []: (/ewf1), offset 33619968, sizelimit 855638016
/dev/loop8: []: (/var/lib/snapd/snaps/gnome-3-38-2004_143.snap)
/dev/loop35: []: (/var/lib/snapd/snaps/snapd-desktop-integration_357.snap)
/dev/loop15: []: (/var/lib/snapd/snaps/core22_2411.snap)
/dev/loop43: []: (/var/lib/snapd/snaps/firefox_8107.snap)
/dev/loop6: []: (/var/lib/snapd/snaps/core24_1499.snap)
/dev/loop23: []: (/ewf1), offset 33619968, sizelimit 855638016
/dev/loop13: []: (/var/lib/snapd/snaps/snap-store_1113.snap)
/dev/loop4: []: (/var/lib/snapd/snaps/core22_2045.snap)
/dev/loop31: []: (/var/lib/snapd/snaps/core24_1587.snap)
/dev/loop21: []: (/var/lib/snapd/snaps/mesa-2404_1165.snap)
/dev/loop11: []: (/var/lib/snapd/snaps/gtk-common-themes_1534.snap)
/dev/loop2: []: (/ewf1), offset 33619968, sizelimit 855638016
/dev/loop58: []: (/var/lib/snapd/snaps/snapd_26865.snap)
/dev/loop0: []: (/var/lib/snapd/snaps/bare_5.snap)
/dev/loop18: []: (/ewf1), offset 33619968, sizelimit 855638016
/dev/loop9: []: (/var/lib/snapd/snaps/core20_2769.snap)
/dev/loop16: []: (/ewf1), offset 33619968, sizelimit 855638016
/dev/loop7: []: (/var/lib/snapd/snaps/gnome-3-38-2004_140.snap)
/dev/loop14: []: (/var/lib/snapd/snaps/snap-store_1216.snap)
/dev/loop5: []: (/var/lib/snapd/snaps/core20_2717.snap)
/dev/loop22: []: (/var/lib/snapd/snaps/gnome-46-2404_153.snap)
/dev/loop12: []: (/var/lib/snapd/snaps/gtk-common-themes_1535.snap)
/dev/loop3: []: (/var/lib/snapd/snaps/gnome-42-2204_247.snap)
/dev/loop20: []: (/var/lib/snapd/snaps/firefox_8054.snap)
/dev/loop10: []: (/var/lib/snapd/snaps/gnome-42-2204_202.snap)
[KERNEL ERRORS]
----------------------------------------------------------

--- CHECKPOINT: 11/05/2026 09:37:16 ---
[DOCKER STATS]
[HOST RAM]
               total        used        free      shared  buff/cache   available
Mem:            62Gi       1,3Gi        20Gi       5,0Mi        41Gi        60Gi
Swap:           14Gi       5,0Mi        14Gi
[LOOP DEVICES]
/dev/loop1: []: (/var/lib/snapd/snaps/snapd_26382.snap)
/dev/loop19: []: (/ewf1), offset 33619968, sizelimit 855638016
/dev/loop75: []: (/var/lib/snapd/snaps/firefox_8191.snap)
/dev/loop17: []: (/ewf1), offset 33619968, sizelimit 855638016
/dev/loop45: []: (/var/lib/snapd/snaps/snapd-desktop-integration_361.snap)
/dev/loop73: []: (/ewf1), offset 33619968, sizelimit 855638016
/dev/loop8: []: (/var/lib/snapd/snaps/gnome-3-38-2004_143.snap)
/dev/loop35: []: (/var/lib/snapd/snaps/snapd-desktop-integration_357.snap)
/dev/loop15: []: (/var/lib/snapd/snaps/core22_2411.snap)
/dev/loop43: []: (/var/lib/snapd/snaps/firefox_8107.snap)
/dev/loop6: []: (/var/lib/snapd/snaps/core24_1499.snap)
/dev/loop23: []: (/ewf1), offset 33619968, sizelimit 855638016
/dev/loop13: []: (/var/lib/snapd/snaps/snap-store_1113.snap)
/dev/loop4: []: (/var/lib/snapd/snaps/core22_2045.snap)
/dev/loop31: []: (/var/lib/snapd/snaps/core24_1587.snap)
/dev/loop21: []: (/var/lib/snapd/snaps/mesa-2404_1165.snap)
/dev/loop11: []: (/var/lib/snapd/snaps/gtk-common-themes_1534.snap)
/dev/loop2: []: (/ewf1), offset 33619968, sizelimit 855638016
/dev/loop58: []: (/var/lib/snapd/snaps/snapd_26865.snap)
/dev/loop0: []: (/var/lib/snapd/snaps/bare_5.snap)
/dev/loop18: []: (/ewf1), offset 33619968, sizelimit 855638016
/dev/loop9: []: (/var/lib/snapd/snaps/core20_2769.snap)
/dev/loop16: []: (/ewf1), offset 33619968, sizelimit 855638016
/dev/loop7: []: (/var/lib/snapd/snaps/gnome-3-38-2004_140.snap)
/dev/loop14: []: (/var/lib/snapd/snaps/snap-store_1216.snap)
/dev/loop5: []: (/var/lib/snapd/snaps/core20_2717.snap)
/dev/loop22: []: (/var/lib/snapd/snaps/gnome-46-2404_153.snap)
/dev/loop12: []: (/var/lib/snapd/snaps/gtk-common-themes_1535.snap)
/dev/loop3: []: (/var/lib/snapd/snaps/gnome-42-2204_247.snap)
/dev/loop20: []: (/var/lib/snapd/snaps/firefox_8054.snap)
/dev/loop10: []: (/var/lib/snapd/snaps/gnome-42-2204_202.snap)
[KERNEL ERRORS]
----------------------------------------------------------

--- CHECKPOINT: 11/05/2026 09:42:16 ---
[DOCKER STATS]
[HOST RAM]
               total        used        free      shared  buff/cache   available
Mem:            62Gi       1,3Gi        20Gi       5,0Mi        41Gi        60Gi
Swap:           14Gi       5,0Mi        14Gi
[LOOP DEVICES]
/dev/loop1: []: (/var/lib/snapd/snaps/snapd_26382.snap)
/dev/loop19: []: (/ewf1), offset 33619968, sizelimit 855638016
/dev/loop75: []: (/var/lib/snapd/snaps/firefox_8191.snap)
/dev/loop17: []: (/ewf1), offset 33619968, sizelimit 855638016
/dev/loop45: []: (/var/lib/snapd/snaps/snapd-desktop-integration_361.snap)
/dev/loop73: []: (/ewf1), offset 33619968, sizelimit 855638016
/dev/loop8: []: (/var/lib/snapd/snaps/gnome-3-38-2004_143.snap)
/dev/loop35: []: (/var/lib/snapd/snaps/snapd-desktop-integration_357.snap)
/dev/loop15: []: (/var/lib/snapd/snaps/core22_2411.snap)
/dev/loop43: []: (/var/lib/snapd/snaps/firefox_8107.snap)
/dev/loop6: []: (/var/lib/snapd/snaps/core24_1499.snap)
/dev/loop23: []: (/ewf1), offset 33619968, sizelimit 855638016
/dev/loop13: []: (/var/lib/snapd/snaps/snap-store_1113.snap)
/dev/loop4: []: (/var/lib/snapd/snaps/core22_2045.snap)
/dev/loop31: []: (/var/lib/snapd/snaps/core24_1587.snap)
/dev/loop21: []: (/var/lib/snapd/snaps/mesa-2404_1165.snap)
/dev/loop11: []: (/var/lib/snapd/snaps/gtk-common-themes_1534.snap)
/dev/loop2: []: (/ewf1), offset 33619968, sizelimit 855638016
/dev/loop58: []: (/var/lib/snapd/snaps/snapd_26865.snap)
/dev/loop0: []: (/var/lib/snapd/snaps/bare_5.snap)
/dev/loop18: []: (/ewf1), offset 33619968, sizelimit 855638016
/dev/loop9: []: (/var/lib/snapd/snaps/core20_2769.snap)
/dev/loop16: []: (/ewf1), offset 33619968, sizelimit 855638016
/dev/loop7: []: (/var/lib/snapd/snaps/gnome-3-38-2004_140.snap)
/dev/loop14: []: (/var/lib/snapd/snaps/snap-store_1216.snap)
/dev/loop5: []: (/var/lib/snapd/snaps/core20_2717.snap)
/dev/loop22: []: (/var/lib/snapd/snaps/gnome-46-2404_153.snap)
/dev/loop12: []: (/var/lib/snapd/snaps/gtk-common-themes_1535.snap)
/dev/loop3: []: (/var/lib/snapd/snaps/gnome-42-2204_247.snap)
/dev/loop20: []: (/var/lib/snapd/snaps/firefox_8054.snap)
/dev/loop10: []: (/var/lib/snapd/snaps/gnome-42-2204_202.snap)
[KERNEL ERRORS]
----------------------------------------------------------

--- CHECKPOINT: 11/05/2026 09:47:16 ---
[DOCKER STATS]
[HOST RAM]
               total        used        free      shared  buff/cache   available
Mem:            62Gi       1,3Gi        20Gi       5,0Mi        41Gi        60Gi
Swap:           14Gi       5,0Mi        14Gi
[LOOP DEVICES]
/dev/loop1: []: (/var/lib/snapd/snaps/snapd_26382.snap)
/dev/loop19: []: (/ewf1), offset 33619968, sizelimit 855638016
/dev/loop75: []: (/var/lib/snapd/snaps/firefox_8191.snap)
/dev/loop17: []: (/ewf1), offset 33619968, sizelimit 855638016
/dev/loop45: []: (/var/lib/snapd/snaps/snapd-desktop-integration_361.snap)
/dev/loop73: []: (/ewf1), offset 33619968, sizelimit 855638016
/dev/loop8: []: (/var/lib/snapd/snaps/gnome-3-38-2004_143.snap)
/dev/loop35: []: (/var/lib/snapd/snaps/snapd-desktop-integration_357.snap)
/dev/loop15: []: (/var/lib/snapd/snaps/core22_2411.snap)
/dev/loop43: []: (/var/lib/snapd/snaps/firefox_8107.snap)
/dev/loop6: []: (/var/lib/snapd/snaps/core24_1499.snap)
/dev/loop23: []: (/ewf1), offset 33619968, sizelimit 855638016
/dev/loop13: []: (/var/lib/snapd/snaps/snap-store_1113.snap)
/dev/loop4: []: (/var/lib/snapd/snaps/core22_2045.snap)
/dev/loop31: []: (/var/lib/snapd/snaps/core24_1587.snap)
/dev/loop21: []: (/var/lib/snapd/snaps/mesa-2404_1165.snap)
/dev/loop11: []: (/var/lib/snapd/snaps/gtk-common-themes_1534.snap)
/dev/loop2: []: (/ewf1), offset 33619968, sizelimit 855638016
/dev/loop58: []: (/var/lib/snapd/snaps/snapd_26865.snap)
/dev/loop0: []: (/var/lib/snapd/snaps/bare_5.snap)
/dev/loop18: []: (/ewf1), offset 33619968, sizelimit 855638016
/dev/loop9: []: (/var/lib/snapd/snaps/core20_2769.snap)
/dev/loop16: []: (/ewf1), offset 33619968, sizelimit 855638016
/dev/loop7: []: (/var/lib/snapd/snaps/gnome-3-38-2004_140.snap)
/dev/loop14: []: (/var/lib/snapd/snaps/snap-store_1216.snap)
/dev/loop5: []: (/var/lib/snapd/snaps/core20_2717.snap)
/dev/loop22: []: (/var/lib/snapd/snaps/gnome-46-2404_153.snap)
/dev/loop12: []: (/var/lib/snapd/snaps/gtk-common-themes_1535.snap)
/dev/loop3: []: (/var/lib/snapd/snaps/gnome-42-2204_247.snap)
/dev/loop20: []: (/var/lib/snapd/snaps/firefox_8054.snap)
/dev/loop10: []: (/var/lib/snapd/snaps/gnome-42-2204_202.snap)
[KERNEL ERRORS]
----------------------------------------------------------

--- CHECKPOINT: 11/05/2026 09:52:16 ---
[DOCKER STATS]
[HOST RAM]
               total        used        free      shared  buff/cache   available
Mem:            62Gi       1,3Gi        20Gi       5,0Mi        41Gi        60Gi
Swap:           14Gi       5,0Mi        14Gi
[LOOP DEVICES]
/dev/loop1: []: (/var/lib/snapd/snaps/snapd_26382.snap)
/dev/loop19: []: (/ewf1), offset 33619968, sizelimit 855638016
/dev/loop75: []: (/var/lib/snapd/snaps/firefox_8191.snap)
/dev/loop17: []: (/ewf1), offset 33619968, sizelimit 855638016
/dev/loop45: []: (/var/lib/snapd/snaps/snapd-desktop-integration_361.snap)
/dev/loop73: []: (/ewf1), offset 33619968, sizelimit 855638016
/dev/loop8: []: (/var/lib/snapd/snaps/gnome-3-38-2004_143.snap)
/dev/loop35: []: (/var/lib/snapd/snaps/snapd-desktop-integration_357.snap)
/dev/loop15: []: (/var/lib/snapd/snaps/core22_2411.snap)
/dev/loop43: []: (/var/lib/snapd/snaps/firefox_8107.snap)
/dev/loop6: []: (/var/lib/snapd/snaps/core24_1499.snap)
/dev/loop23: []: (/ewf1), offset 33619968, sizelimit 855638016
/dev/loop13: []: (/var/lib/snapd/snaps/snap-store_1113.snap)
/dev/loop4: []: (/var/lib/snapd/snaps/core22_2045.snap)
/dev/loop31: []: (/var/lib/snapd/snaps/core24_1587.snap)
/dev/loop21: []: (/var/lib/snapd/snaps/mesa-2404_1165.snap)
/dev/loop11: []: (/var/lib/snapd/snaps/gtk-common-themes_1534.snap)
/dev/loop2: []: (/ewf1), offset 33619968, sizelimit 855638016
/dev/loop58: []: (/var/lib/snapd/snaps/snapd_26865.snap)
/dev/loop0: []: (/var/lib/snapd/snaps/bare_5.snap)
/dev/loop18: []: (/ewf1), offset 33619968, sizelimit 855638016
/dev/loop9: []: (/var/lib/snapd/snaps/core20_2769.snap)
/dev/loop16: []: (/ewf1), offset 33619968, sizelimit 855638016
/dev/loop7: []: (/var/lib/snapd/snaps/gnome-3-38-2004_140.snap)
/dev/loop14: []: (/var/lib/snapd/snaps/snap-store_1216.snap)
/dev/loop5: []: (/var/lib/snapd/snaps/core20_2717.snap)
/dev/loop22: []: (/var/lib/snapd/snaps/gnome-46-2404_153.snap)
/dev/loop12: []: (/var/lib/snapd/snaps/gtk-common-themes_1535.snap)
/dev/loop3: []: (/var/lib/snapd/snaps/gnome-42-2204_247.snap)
/dev/loop20: []: (/var/lib/snapd/snaps/firefox_8054.snap)
/dev/loop10: []: (/var/lib/snapd/snaps/gnome-42-2204_202.snap)
[KERNEL ERRORS]
----------------------------------------------------------

--- CHECKPOINT: 11/05/2026 09:57:17 ---
[DOCKER STATS]
[HOST RAM]
               total        used        free      shared  buff/cache   available
Mem:            62Gi       1,3Gi        20Gi       5,0Mi        41Gi        60Gi
Swap:           14Gi       5,0Mi        14Gi
[LOOP DEVICES]
/dev/loop1: []: (/var/lib/snapd/snaps/snapd_26382.snap)
/dev/loop19: []: (/ewf1), offset 33619968, sizelimit 855638016
/dev/loop75: []: (/var/lib/snapd/snaps/firefox_8191.snap)
/dev/loop17: []: (/ewf1), offset 33619968, sizelimit 855638016
/dev/loop45: []: (/var/lib/snapd/snaps/snapd-desktop-integration_361.snap)
/dev/loop73: []: (/ewf1), offset 33619968, sizelimit 855638016
/dev/loop8: []: (/var/lib/snapd/snaps/gnome-3-38-2004_143.snap)
/dev/loop35: []: (/var/lib/snapd/snaps/snapd-desktop-integration_357.snap)
/dev/loop15: []: (/var/lib/snapd/snaps/core22_2411.snap)
/dev/loop43: []: (/var/lib/snapd/snaps/firefox_8107.snap)
/dev/loop6: []: (/var/lib/snapd/snaps/core24_1499.snap)
/dev/loop23: []: (/ewf1), offset 33619968, sizelimit 855638016
/dev/loop13: []: (/var/lib/snapd/snaps/snap-store_1113.snap)
/dev/loop4: []: (/var/lib/snapd/snaps/core22_2045.snap)
/dev/loop31: []: (/var/lib/snapd/snaps/core24_1587.snap)
/dev/loop21: []: (/var/lib/snapd/snaps/mesa-2404_1165.snap)
/dev/loop11: []: (/var/lib/snapd/snaps/gtk-common-themes_1534.snap)
/dev/loop2: []: (/ewf1), offset 33619968, sizelimit 855638016
/dev/loop58: []: (/var/lib/snapd/snaps/snapd_26865.snap)
/dev/loop0: []: (/var/lib/snapd/snaps/bare_5.snap)
/dev/loop18: []: (/ewf1), offset 33619968, sizelimit 855638016
/dev/loop9: []: (/var/lib/snapd/snaps/core20_2769.snap)
/dev/loop16: []: (/ewf1), offset 33619968, sizelimit 855638016
/dev/loop7: []: (/var/lib/snapd/snaps/gnome-3-38-2004_140.snap)
/dev/loop14: []: (/var/lib/snapd/snaps/snap-store_1216.snap)
/dev/loop5: []: (/var/lib/snapd/snaps/core20_2717.snap)
/dev/loop22: []: (/var/lib/snapd/snaps/gnome-46-2404_153.snap)
/dev/loop12: []: (/var/lib/snapd/snaps/gtk-common-themes_1535.snap)
/dev/loop3: []: (/var/lib/snapd/snaps/gnome-42-2204_247.snap)
/dev/loop20: []: (/var/lib/snapd/snaps/firefox_8054.snap)
/dev/loop10: []: (/var/lib/snapd/snaps/gnome-42-2204_202.snap)
[KERNEL ERRORS]
----------------------------------------------------------

--- CHECKPOINT: 11/05/2026 10:02:17 ---
[DOCKER STATS]
[HOST RAM]
               total        used        free      shared  buff/cache   available
Mem:            62Gi       1,3Gi        20Gi       5,0Mi        41Gi        60Gi
Swap:           14Gi       5,0Mi        14Gi
[LOOP DEVICES]
/dev/loop1: []: (/var/lib/snapd/snaps/snapd_26382.snap)
/dev/loop19: []: (/ewf1), offset 33619968, sizelimit 855638016
/dev/loop75: []: (/var/lib/snapd/snaps/firefox_8191.snap)
/dev/loop17: []: (/ewf1), offset 33619968, sizelimit 855638016
/dev/loop45: []: (/var/lib/snapd/snaps/snapd-desktop-integration_361.snap)
/dev/loop73: []: (/ewf1), offset 33619968, sizelimit 855638016
/dev/loop8: []: (/var/lib/snapd/snaps/gnome-3-38-2004_143.snap)
/dev/loop35: []: (/var/lib/snapd/snaps/snapd-desktop-integration_357.snap)
/dev/loop15: []: (/var/lib/snapd/snaps/core22_2411.snap)
/dev/loop43: []: (/var/lib/snapd/snaps/firefox_8107.snap)
/dev/loop6: []: (/var/lib/snapd/snaps/core24_1499.snap)
/dev/loop23: []: (/ewf1), offset 33619968, sizelimit 855638016
/dev/loop13: []: (/var/lib/snapd/snaps/snap-store_1113.snap)
/dev/loop4: []: (/var/lib/snapd/snaps/core22_2045.snap)
/dev/loop31: []: (/var/lib/snapd/snaps/core24_1587.snap)
/dev/loop21: []: (/var/lib/snapd/snaps/mesa-2404_1165.snap)
/dev/loop11: []: (/var/lib/snapd/snaps/gtk-common-themes_1534.snap)
/dev/loop2: []: (/ewf1), offset 33619968, sizelimit 855638016
/dev/loop58: []: (/var/lib/snapd/snaps/snapd_26865.snap)
/dev/loop0: []: (/var/lib/snapd/snaps/bare_5.snap)
/dev/loop18: []: (/ewf1), offset 33619968, sizelimit 855638016
/dev/loop9: []: (/var/lib/snapd/snaps/core20_2769.snap)
/dev/loop16: []: (/ewf1), offset 33619968, sizelimit 855638016
/dev/loop7: []: (/var/lib/snapd/snaps/gnome-3-38-2004_140.snap)
/dev/loop14: []: (/var/lib/snapd/snaps/snap-store_1216.snap)
/dev/loop5: []: (/var/lib/snapd/snaps/core20_2717.snap)
/dev/loop22: []: (/var/lib/snapd/snaps/gnome-46-2404_153.snap)
/dev/loop12: []: (/var/lib/snapd/snaps/gtk-common-themes_1535.snap)
/dev/loop3: []: (/var/lib/snapd/snaps/gnome-42-2204_247.snap)
/dev/loop20: []: (/var/lib/snapd/snaps/firefox_8054.snap)
/dev/loop10: []: (/var/lib/snapd/snaps/gnome-42-2204_202.snap)
[KERNEL ERRORS]
----------------------------------------------------------

--- CHECKPOINT: 11/05/2026 10:07:17 ---
[DOCKER STATS]
[HOST RAM]
               total        used        free      shared  buff/cache   available
Mem:            62Gi       1,3Gi        20Gi       5,0Mi        41Gi        60Gi
Swap:           14Gi       5,0Mi        14Gi
[LOOP DEVICES]
/dev/loop1: []: (/var/lib/snapd/snaps/snapd_26382.snap)
/dev/loop19: []: (/ewf1), offset 33619968, sizelimit 855638016
/dev/loop75: []: (/var/lib/snapd/snaps/firefox_8191.snap)
/dev/loop17: []: (/ewf1), offset 33619968, sizelimit 855638016
/dev/loop45: []: (/var/lib/snapd/snaps/snapd-desktop-integration_361.snap)
/dev/loop73: []: (/ewf1), offset 33619968, sizelimit 855638016
/dev/loop8: []: (/var/lib/snapd/snaps/gnome-3-38-2004_143.snap)
/dev/loop35: []: (/var/lib/snapd/snaps/snapd-desktop-integration_357.snap)
/dev/loop15: []: (/var/lib/snapd/snaps/core22_2411.snap)
/dev/loop43: []: (/var/lib/snapd/snaps/firefox_8107.snap)
/dev/loop6: []: (/var/lib/snapd/snaps/core24_1499.snap)
/dev/loop23: []: (/ewf1), offset 33619968, sizelimit 855638016
/dev/loop13: []: (/var/lib/snapd/snaps/snap-store_1113.snap)
/dev/loop4: []: (/var/lib/snapd/snaps/core22_2045.snap)
/dev/loop31: []: (/var/lib/snapd/snaps/core24_1587.snap)
/dev/loop21: []: (/var/lib/snapd/snaps/mesa-2404_1165.snap)
/dev/loop11: []: (/var/lib/snapd/snaps/gtk-common-themes_1534.snap)
/dev/loop2: []: (/ewf1), offset 33619968, sizelimit 855638016
/dev/loop58: []: (/var/lib/snapd/snaps/snapd_26865.snap)
/dev/loop0: []: (/var/lib/snapd/snaps/bare_5.snap)
/dev/loop18: []: (/ewf1), offset 33619968, sizelimit 855638016
/dev/loop9: []: (/var/lib/snapd/snaps/core20_2769.snap)
/dev/loop16: []: (/ewf1), offset 33619968, sizelimit 855638016
/dev/loop7: []: (/var/lib/snapd/snaps/gnome-3-38-2004_140.snap)
/dev/loop14: []: (/var/lib/snapd/snaps/snap-store_1216.snap)
/dev/loop5: []: (/var/lib/snapd/snaps/core20_2717.snap)
/dev/loop22: []: (/var/lib/snapd/snaps/gnome-46-2404_153.snap)
/dev/loop12: []: (/var/lib/snapd/snaps/gtk-common-themes_1535.snap)
/dev/loop3: []: (/var/lib/snapd/snaps/gnome-42-2204_247.snap)
/dev/loop20: []: (/var/lib/snapd/snaps/firefox_8054.snap)
/dev/loop10: []: (/var/lib/snapd/snaps/gnome-42-2204_202.snap)
[KERNEL ERRORS]
----------------------------------------------------------

--- CHECKPOINT: 11/05/2026 10:12:17 ---
[DOCKER STATS]
[HOST RAM]
               total        used        free      shared  buff/cache   available
Mem:            62Gi       1,3Gi        20Gi       5,0Mi        41Gi        60Gi
Swap:           14Gi       5,0Mi        14Gi
[LOOP DEVICES]
/dev/loop1: []: (/var/lib/snapd/snaps/snapd_26382.snap)
/dev/loop19: []: (/ewf1), offset 33619968, sizelimit 855638016
/dev/loop75: []: (/var/lib/snapd/snaps/firefox_8191.snap)
/dev/loop17: []: (/ewf1), offset 33619968, sizelimit 855638016
/dev/loop45: []: (/var/lib/snapd/snaps/snapd-desktop-integration_361.snap)
/dev/loop73: []: (/ewf1), offset 33619968, sizelimit 855638016
/dev/loop8: []: (/var/lib/snapd/snaps/gnome-3-38-2004_143.snap)
/dev/loop35: []: (/var/lib/snapd/snaps/snapd-desktop-integration_357.snap)
/dev/loop15: []: (/var/lib/snapd/snaps/core22_2411.snap)
/dev/loop43: []: (/var/lib/snapd/snaps/firefox_8107.snap)
/dev/loop6: []: (/var/lib/snapd/snaps/core24_1499.snap)
/dev/loop23: []: (/ewf1), offset 33619968, sizelimit 855638016
/dev/loop13: []: (/var/lib/snapd/snaps/snap-store_1113.snap)
/dev/loop4: []: (/var/lib/snapd/snaps/core22_2045.snap)
/dev/loop31: []: (/var/lib/snapd/snaps/core24_1587.snap)
/dev/loop21: []: (/var/lib/snapd/snaps/mesa-2404_1165.snap)
/dev/loop11: []: (/var/lib/snapd/snaps/gtk-common-themes_1534.snap)
/dev/loop2: []: (/ewf1), offset 33619968, sizelimit 855638016
/dev/loop58: []: (/var/lib/snapd/snaps/snapd_26865.snap)
/dev/loop0: []: (/var/lib/snapd/snaps/bare_5.snap)
/dev/loop18: []: (/ewf1), offset 33619968, sizelimit 855638016
/dev/loop9: []: (/var/lib/snapd/snaps/core20_2769.snap)
/dev/loop16: []: (/ewf1), offset 33619968, sizelimit 855638016
/dev/loop7: []: (/var/lib/snapd/snaps/gnome-3-38-2004_140.snap)
/dev/loop14: []: (/var/lib/snapd/snaps/snap-store_1216.snap)
/dev/loop5: []: (/var/lib/snapd/snaps/core20_2717.snap)
/dev/loop22: []: (/var/lib/snapd/snaps/gnome-46-2404_153.snap)
/dev/loop12: []: (/var/lib/snapd/snaps/gtk-common-themes_1535.snap)
/dev/loop3: []: (/var/lib/snapd/snaps/gnome-42-2204_247.snap)
/dev/loop20: []: (/var/lib/snapd/snaps/firefox_8054.snap)
/dev/loop10: []: (/var/lib/snapd/snaps/gnome-42-2204_202.snap)
[KERNEL ERRORS]
----------------------------------------------------------

--- CHECKPOINT: 11/05/2026 10:17:17 ---
[DOCKER STATS]
[HOST RAM]
               total        used        free      shared  buff/cache   available
Mem:            62Gi       1,3Gi        20Gi       5,0Mi        41Gi        60Gi
Swap:           14Gi       5,0Mi        14Gi
[LOOP DEVICES]
/dev/loop1: []: (/var/lib/snapd/snaps/snapd_26382.snap)
/dev/loop19: []: (/ewf1), offset 33619968, sizelimit 855638016
/dev/loop75: []: (/var/lib/snapd/snaps/firefox_8191.snap)
/dev/loop17: []: (/ewf1), offset 33619968, sizelimit 855638016
/dev/loop45: []: (/var/lib/snapd/snaps/snapd-desktop-integration_361.snap)
/dev/loop73: []: (/ewf1), offset 33619968, sizelimit 855638016
/dev/loop8: []: (/var/lib/snapd/snaps/gnome-3-38-2004_143.snap)
/dev/loop35: []: (/var/lib/snapd/snaps/snapd-desktop-integration_357.snap)
/dev/loop15: []: (/var/lib/snapd/snaps/core22_2411.snap)
/dev/loop43: []: (/var/lib/snapd/snaps/firefox_8107.snap)
/dev/loop6: []: (/var/lib/snapd/snaps/core24_1499.snap)
/dev/loop23: []: (/ewf1), offset 33619968, sizelimit 855638016
/dev/loop13: []: (/var/lib/snapd/snaps/snap-store_1113.snap)
/dev/loop4: []: (/var/lib/snapd/snaps/core22_2045.snap)
/dev/loop31: []: (/var/lib/snapd/snaps/core24_1587.snap)
/dev/loop21: []: (/var/lib/snapd/snaps/mesa-2404_1165.snap)
/dev/loop11: []: (/var/lib/snapd/snaps/gtk-common-themes_1534.snap)
/dev/loop2: []: (/ewf1), offset 33619968, sizelimit 855638016
/dev/loop58: []: (/var/lib/snapd/snaps/snapd_26865.snap)
/dev/loop0: []: (/var/lib/snapd/snaps/bare_5.snap)
/dev/loop18: []: (/ewf1), offset 33619968, sizelimit 855638016
/dev/loop9: []: (/var/lib/snapd/snaps/core20_2769.snap)
/dev/loop16: []: (/ewf1), offset 33619968, sizelimit 855638016
/dev/loop7: []: (/var/lib/snapd/snaps/gnome-3-38-2004_140.snap)
/dev/loop14: []: (/var/lib/snapd/snaps/snap-store_1216.snap)
/dev/loop5: []: (/var/lib/snapd/snaps/core20_2717.snap)
/dev/loop22: []: (/var/lib/snapd/snaps/gnome-46-2404_153.snap)
/dev/loop12: []: (/var/lib/snapd/snaps/gtk-common-themes_1535.snap)
/dev/loop3: []: (/var/lib/snapd/snaps/gnome-42-2204_247.snap)
/dev/loop20: []: (/var/lib/snapd/snaps/firefox_8054.snap)
/dev/loop10: []: (/var/lib/snapd/snaps/gnome-42-2204_202.snap)
[KERNEL ERRORS]
----------------------------------------------------------

--- CHECKPOINT: 11/05/2026 10:22:17 ---
[DOCKER STATS]
[HOST RAM]
               total        used        free      shared  buff/cache   available
Mem:            62Gi       1,3Gi        20Gi       5,0Mi        41Gi        60Gi
Swap:           14Gi       5,0Mi        14Gi
[LOOP DEVICES]
/dev/loop1: []: (/var/lib/snapd/snaps/snapd_26382.snap)
/dev/loop19: []: (/ewf1), offset 33619968, sizelimit 855638016
/dev/loop75: []: (/var/lib/snapd/snaps/firefox_8191.snap)
/dev/loop17: []: (/ewf1), offset 33619968, sizelimit 855638016
/dev/loop45: []: (/var/lib/snapd/snaps/snapd-desktop-integration_361.snap)
/dev/loop73: []: (/ewf1), offset 33619968, sizelimit 855638016
/dev/loop8: []: (/var/lib/snapd/snaps/gnome-3-38-2004_143.snap)
/dev/loop35: []: (/var/lib/snapd/snaps/snapd-desktop-integration_357.snap)
/dev/loop15: []: (/var/lib/snapd/snaps/core22_2411.snap)
/dev/loop43: []: (/var/lib/snapd/snaps/firefox_8107.snap)
/dev/loop6: []: (/var/lib/snapd/snaps/core24_1499.snap)
/dev/loop23: []: (/ewf1), offset 33619968, sizelimit 855638016
/dev/loop13: []: (/var/lib/snapd/snaps/snap-store_1113.snap)
/dev/loop4: []: (/var/lib/snapd/snaps/core22_2045.snap)
/dev/loop31: []: (/var/lib/snapd/snaps/core24_1587.snap)
/dev/loop21: []: (/var/lib/snapd/snaps/mesa-2404_1165.snap)
/dev/loop11: []: (/var/lib/snapd/snaps/gtk-common-themes_1534.snap)
/dev/loop2: []: (/ewf1), offset 33619968, sizelimit 855638016
/dev/loop58: []: (/var/lib/snapd/snaps/snapd_26865.snap)
/dev/loop0: []: (/var/lib/snapd/snaps/bare_5.snap)
/dev/loop18: []: (/ewf1), offset 33619968, sizelimit 855638016
/dev/loop9: []: (/var/lib/snapd/snaps/core20_2769.snap)
/dev/loop16: []: (/ewf1), offset 33619968, sizelimit 855638016
/dev/loop7: []: (/var/lib/snapd/snaps/gnome-3-38-2004_140.snap)
/dev/loop14: []: (/var/lib/snapd/snaps/snap-store_1216.snap)
/dev/loop5: []: (/var/lib/snapd/snaps/core20_2717.snap)
/dev/loop22: []: (/var/lib/snapd/snaps/gnome-46-2404_153.snap)
/dev/loop12: []: (/var/lib/snapd/snaps/gtk-common-themes_1535.snap)
/dev/loop3: []: (/var/lib/snapd/snaps/gnome-42-2204_247.snap)
/dev/loop20: []: (/var/lib/snapd/snaps/firefox_8054.snap)
/dev/loop10: []: (/var/lib/snapd/snaps/gnome-42-2204_202.snap)
[KERNEL ERRORS]
----------------------------------------------------------

--- CHECKPOINT: 11/05/2026 10:27:17 ---
[DOCKER STATS]
[HOST RAM]
               total        used        free      shared  buff/cache   available
Mem:            62Gi       1,3Gi        20Gi       5,0Mi        41Gi        60Gi
Swap:           14Gi       5,0Mi        14Gi
[LOOP DEVICES]
/dev/loop1: []: (/var/lib/snapd/snaps/snapd_26382.snap)
/dev/loop19: []: (/ewf1), offset 33619968, sizelimit 855638016
/dev/loop75: []: (/var/lib/snapd/snaps/firefox_8191.snap)
/dev/loop17: []: (/ewf1), offset 33619968, sizelimit 855638016
/dev/loop45: []: (/var/lib/snapd/snaps/snapd-desktop-integration_361.snap)
/dev/loop73: []: (/ewf1), offset 33619968, sizelimit 855638016
/dev/loop8: []: (/var/lib/snapd/snaps/gnome-3-38-2004_143.snap)
/dev/loop35: []: (/var/lib/snapd/snaps/snapd-desktop-integration_357.snap)
/dev/loop15: []: (/var/lib/snapd/snaps/core22_2411.snap)
/dev/loop43: []: (/var/lib/snapd/snaps/firefox_8107.snap)
/dev/loop6: []: (/var/lib/snapd/snaps/core24_1499.snap)
/dev/loop23: []: (/ewf1), offset 33619968, sizelimit 855638016
/dev/loop13: []: (/var/lib/snapd/snaps/snap-store_1113.snap)
/dev/loop4: []: (/var/lib/snapd/snaps/core22_2045.snap)
/dev/loop31: []: (/var/lib/snapd/snaps/core24_1587.snap)
/dev/loop21: []: (/var/lib/snapd/snaps/mesa-2404_1165.snap)
/dev/loop11: []: (/var/lib/snapd/snaps/gtk-common-themes_1534.snap)
/dev/loop2: []: (/ewf1), offset 33619968, sizelimit 855638016
/dev/loop58: []: (/var/lib/snapd/snaps/snapd_26865.snap)
/dev/loop0: []: (/var/lib/snapd/snaps/bare_5.snap)
/dev/loop18: []: (/ewf1), offset 33619968, sizelimit 855638016
/dev/loop9: []: (/var/lib/snapd/snaps/core20_2769.snap)
/dev/loop16: []: (/ewf1), offset 33619968, sizelimit 855638016
/dev/loop7: []: (/var/lib/snapd/snaps/gnome-3-38-2004_140.snap)
/dev/loop14: []: (/var/lib/snapd/snaps/snap-store_1216.snap)
/dev/loop5: []: (/var/lib/snapd/snaps/core20_2717.snap)
/dev/loop22: []: (/var/lib/snapd/snaps/gnome-46-2404_153.snap)
/dev/loop12: []: (/var/lib/snapd/snaps/gtk-common-themes_1535.snap)
/dev/loop3: []: (/var/lib/snapd/snaps/gnome-42-2204_247.snap)
/dev/loop20: []: (/var/lib/snapd/snaps/firefox_8054.snap)
/dev/loop10: []: (/var/lib/snapd/snaps/gnome-42-2204_202.snap)
[KERNEL ERRORS]
----------------------------------------------------------

--- CHECKPOINT: 11/05/2026 10:32:17 ---
[DOCKER STATS]
[HOST RAM]
               total        used        free      shared  buff/cache   available
Mem:            62Gi       1,3Gi        20Gi       5,0Mi        41Gi        60Gi
Swap:           14Gi       5,0Mi        14Gi
[LOOP DEVICES]
/dev/loop1: []: (/var/lib/snapd/snaps/snapd_26382.snap)
/dev/loop19: []: (/ewf1), offset 33619968, sizelimit 855638016
/dev/loop75: []: (/var/lib/snapd/snaps/firefox_8191.snap)
/dev/loop17: []: (/ewf1), offset 33619968, sizelimit 855638016
/dev/loop45: []: (/var/lib/snapd/snaps/snapd-desktop-integration_361.snap)
/dev/loop73: []: (/ewf1), offset 33619968, sizelimit 855638016
/dev/loop8: []: (/var/lib/snapd/snaps/gnome-3-38-2004_143.snap)
/dev/loop35: []: (/var/lib/snapd/snaps/snapd-desktop-integration_357.snap)
/dev/loop15: []: (/var/lib/snapd/snaps/core22_2411.snap)
/dev/loop43: []: (/var/lib/snapd/snaps/firefox_8107.snap)
/dev/loop6: []: (/var/lib/snapd/snaps/core24_1499.snap)
/dev/loop23: []: (/ewf1), offset 33619968, sizelimit 855638016
/dev/loop13: []: (/var/lib/snapd/snaps/snap-store_1113.snap)
/dev/loop4: []: (/var/lib/snapd/snaps/core22_2045.snap)
/dev/loop31: []: (/var/lib/snapd/snaps/core24_1587.snap)
/dev/loop21: []: (/var/lib/snapd/snaps/mesa-2404_1165.snap)
/dev/loop11: []: (/var/lib/snapd/snaps/gtk-common-themes_1534.snap)
/dev/loop2: []: (/ewf1), offset 33619968, sizelimit 855638016
/dev/loop58: []: (/var/lib/snapd/snaps/snapd_26865.snap)
/dev/loop0: []: (/var/lib/snapd/snaps/bare_5.snap)
/dev/loop18: []: (/ewf1), offset 33619968, sizelimit 855638016
/dev/loop9: []: (/var/lib/snapd/snaps/core20_2769.snap)
/dev/loop16: []: (/ewf1), offset 33619968, sizelimit 855638016
/dev/loop7: []: (/var/lib/snapd/snaps/gnome-3-38-2004_140.snap)
/dev/loop14: []: (/var/lib/snapd/snaps/snap-store_1216.snap)
/dev/loop5: []: (/var/lib/snapd/snaps/core20_2717.snap)
/dev/loop22: []: (/var/lib/snapd/snaps/gnome-46-2404_153.snap)
/dev/loop12: []: (/var/lib/snapd/snaps/gtk-common-themes_1535.snap)
/dev/loop3: []: (/var/lib/snapd/snaps/gnome-42-2204_247.snap)
/dev/loop20: []: (/var/lib/snapd/snaps/firefox_8054.snap)
/dev/loop10: []: (/var/lib/snapd/snaps/gnome-42-2204_202.snap)
[KERNEL ERRORS]
----------------------------------------------------------

--- CHECKPOINT: 11/05/2026 10:37:17 ---
[DOCKER STATS]
[HOST RAM]
               total        used        free      shared  buff/cache   available
Mem:            62Gi       1,3Gi        20Gi       5,0Mi        41Gi        60Gi
Swap:           14Gi       5,0Mi        14Gi
[LOOP DEVICES]
/dev/loop1: []: (/var/lib/snapd/snaps/snapd_26382.snap)
/dev/loop19: []: (/ewf1), offset 33619968, sizelimit 855638016
/dev/loop75: []: (/var/lib/snapd/snaps/firefox_8191.snap)
/dev/loop17: []: (/ewf1), offset 33619968, sizelimit 855638016
/dev/loop45: []: (/var/lib/snapd/snaps/snapd-desktop-integration_361.snap)
/dev/loop73: []: (/ewf1), offset 33619968, sizelimit 855638016
/dev/loop8: []: (/var/lib/snapd/snaps/gnome-3-38-2004_143.snap)
/dev/loop35: []: (/var/lib/snapd/snaps/snapd-desktop-integration_357.snap)
/dev/loop15: []: (/var/lib/snapd/snaps/core22_2411.snap)
/dev/loop43: []: (/var/lib/snapd/snaps/firefox_8107.snap)
/dev/loop6: []: (/var/lib/snapd/snaps/core24_1499.snap)
/dev/loop23: []: (/ewf1), offset 33619968, sizelimit 855638016
/dev/loop13: []: (/var/lib/snapd/snaps/snap-store_1113.snap)
/dev/loop4: []: (/var/lib/snapd/snaps/core22_2045.snap)
/dev/loop31: []: (/var/lib/snapd/snaps/core24_1587.snap)
/dev/loop21: []: (/var/lib/snapd/snaps/mesa-2404_1165.snap)
/dev/loop11: []: (/var/lib/snapd/snaps/gtk-common-themes_1534.snap)
/dev/loop2: []: (/ewf1), offset 33619968, sizelimit 855638016
/dev/loop58: []: (/var/lib/snapd/snaps/snapd_26865.snap)
/dev/loop0: []: (/var/lib/snapd/snaps/bare_5.snap)
/dev/loop18: []: (/ewf1), offset 33619968, sizelimit 855638016
/dev/loop9: []: (/var/lib/snapd/snaps/core20_2769.snap)
/dev/loop16: []: (/ewf1), offset 33619968, sizelimit 855638016
/dev/loop7: []: (/var/lib/snapd/snaps/gnome-3-38-2004_140.snap)
/dev/loop14: []: (/var/lib/snapd/snaps/snap-store_1216.snap)
/dev/loop5: []: (/var/lib/snapd/snaps/core20_2717.snap)
/dev/loop22: []: (/var/lib/snapd/snaps/gnome-46-2404_153.snap)
/dev/loop12: []: (/var/lib/snapd/snaps/gtk-common-themes_1535.snap)
/dev/loop3: []: (/var/lib/snapd/snaps/gnome-42-2204_247.snap)
/dev/loop20: []: (/var/lib/snapd/snaps/firefox_8054.snap)
/dev/loop10: []: (/var/lib/snapd/snaps/gnome-42-2204_202.snap)
[KERNEL ERRORS]
----------------------------------------------------------

--- CHECKPOINT: 11/05/2026 10:42:17 ---
[DOCKER STATS]
[HOST RAM]
               total        used        free      shared  buff/cache   available
Mem:            62Gi       1,3Gi        20Gi       5,0Mi        41Gi        60Gi
Swap:           14Gi       5,0Mi        14Gi
[LOOP DEVICES]
/dev/loop1: []: (/var/lib/snapd/snaps/snapd_26382.snap)
/dev/loop19: []: (/ewf1), offset 33619968, sizelimit 855638016
/dev/loop75: []: (/var/lib/snapd/snaps/firefox_8191.snap)
/dev/loop17: []: (/ewf1), offset 33619968, sizelimit 855638016
/dev/loop45: []: (/var/lib/snapd/snaps/snapd-desktop-integration_361.snap)
/dev/loop73: []: (/ewf1), offset 33619968, sizelimit 855638016
/dev/loop8: []: (/var/lib/snapd/snaps/gnome-3-38-2004_143.snap)
/dev/loop35: []: (/var/lib/snapd/snaps/snapd-desktop-integration_357.snap)
/dev/loop15: []: (/var/lib/snapd/snaps/core22_2411.snap)
/dev/loop43: []: (/var/lib/snapd/snaps/firefox_8107.snap)
/dev/loop6: []: (/var/lib/snapd/snaps/core24_1499.snap)
/dev/loop23: []: (/ewf1), offset 33619968, sizelimit 855638016
/dev/loop13: []: (/var/lib/snapd/snaps/snap-store_1113.snap)
/dev/loop4: []: (/var/lib/snapd/snaps/core22_2045.snap)
/dev/loop31: []: (/var/lib/snapd/snaps/core24_1587.snap)
/dev/loop21: []: (/var/lib/snapd/snaps/mesa-2404_1165.snap)
/dev/loop11: []: (/var/lib/snapd/snaps/gtk-common-themes_1534.snap)
/dev/loop2: []: (/ewf1), offset 33619968, sizelimit 855638016
/dev/loop58: []: (/var/lib/snapd/snaps/snapd_26865.snap)
/dev/loop0: []: (/var/lib/snapd/snaps/bare_5.snap)
/dev/loop18: []: (/ewf1), offset 33619968, sizelimit 855638016
/dev/loop9: []: (/var/lib/snapd/snaps/core20_2769.snap)
/dev/loop16: []: (/ewf1), offset 33619968, sizelimit 855638016
/dev/loop7: []: (/var/lib/snapd/snaps/gnome-3-38-2004_140.snap)
/dev/loop14: []: (/var/lib/snapd/snaps/snap-store_1216.snap)
/dev/loop5: []: (/var/lib/snapd/snaps/core20_2717.snap)
/dev/loop22: []: (/var/lib/snapd/snaps/gnome-46-2404_153.snap)
/dev/loop12: []: (/var/lib/snapd/snaps/gtk-common-themes_1535.snap)
/dev/loop3: []: (/var/lib/snapd/snaps/gnome-42-2204_247.snap)
/dev/loop20: []: (/var/lib/snapd/snaps/firefox_8054.snap)
/dev/loop10: []: (/var/lib/snapd/snaps/gnome-42-2204_202.snap)
[KERNEL ERRORS]
----------------------------------------------------------

--- CHECKPOINT: 11/05/2026 10:47:17 ---
[DOCKER STATS]
[HOST RAM]
               total        used        free      shared  buff/cache   available
Mem:            62Gi       1,3Gi        20Gi       5,0Mi        41Gi        60Gi
Swap:           14Gi       5,0Mi        14Gi
[LOOP DEVICES]
/dev/loop1: []: (/var/lib/snapd/snaps/snapd_26382.snap)
/dev/loop19: []: (/ewf1), offset 33619968, sizelimit 855638016
/dev/loop75: []: (/var/lib/snapd/snaps/firefox_8191.snap)
/dev/loop17: []: (/ewf1), offset 33619968, sizelimit 855638016
/dev/loop45: []: (/var/lib/snapd/snaps/snapd-desktop-integration_361.snap)
/dev/loop73: []: (/ewf1), offset 33619968, sizelimit 855638016
/dev/loop8: []: (/var/lib/snapd/snaps/gnome-3-38-2004_143.snap)
/dev/loop35: []: (/var/lib/snapd/snaps/snapd-desktop-integration_357.snap)
/dev/loop15: []: (/var/lib/snapd/snaps/core22_2411.snap)
/dev/loop43: []: (/var/lib/snapd/snaps/firefox_8107.snap)
/dev/loop6: []: (/var/lib/snapd/snaps/core24_1499.snap)
/dev/loop23: []: (/ewf1), offset 33619968, sizelimit 855638016
/dev/loop13: []: (/var/lib/snapd/snaps/snap-store_1113.snap)
/dev/loop4: []: (/var/lib/snapd/snaps/core22_2045.snap)
/dev/loop31: []: (/var/lib/snapd/snaps/core24_1587.snap)
/dev/loop21: []: (/var/lib/snapd/snaps/mesa-2404_1165.snap)
/dev/loop11: []: (/var/lib/snapd/snaps/gtk-common-themes_1534.snap)
/dev/loop2: []: (/ewf1), offset 33619968, sizelimit 855638016
/dev/loop58: []: (/var/lib/snapd/snaps/snapd_26865.snap)
/dev/loop0: []: (/var/lib/snapd/snaps/bare_5.snap)
/dev/loop18: []: (/ewf1), offset 33619968, sizelimit 855638016
/dev/loop9: []: (/var/lib/snapd/snaps/core20_2769.snap)
/dev/loop16: []: (/ewf1), offset 33619968, sizelimit 855638016
/dev/loop7: []: (/var/lib/snapd/snaps/gnome-3-38-2004_140.snap)
/dev/loop14: []: (/var/lib/snapd/snaps/snap-store_1216.snap)
/dev/loop5: []: (/var/lib/snapd/snaps/core20_2717.snap)
/dev/loop22: []: (/var/lib/snapd/snaps/gnome-46-2404_153.snap)
/dev/loop12: []: (/var/lib/snapd/snaps/gtk-common-themes_1535.snap)
/dev/loop3: []: (/var/lib/snapd/snaps/gnome-42-2204_247.snap)
/dev/loop20: []: (/var/lib/snapd/snaps/firefox_8054.snap)
/dev/loop10: []: (/var/lib/snapd/snaps/gnome-42-2204_202.snap)
[KERNEL ERRORS]
----------------------------------------------------------

--- CHECKPOINT: 11/05/2026 10:52:17 ---
[DOCKER STATS]
[HOST RAM]
               total        used        free      shared  buff/cache   available
Mem:            62Gi       1,3Gi        20Gi       5,0Mi        41Gi        60Gi
Swap:           14Gi       5,0Mi        14Gi
[LOOP DEVICES]
/dev/loop1: []: (/var/lib/snapd/snaps/snapd_26382.snap)
/dev/loop19: []: (/ewf1), offset 33619968, sizelimit 855638016
/dev/loop75: []: (/var/lib/snapd/snaps/firefox_8191.snap)
/dev/loop17: []: (/ewf1), offset 33619968, sizelimit 855638016
/dev/loop45: []: (/var/lib/snapd/snaps/snapd-desktop-integration_361.snap)
/dev/loop73: []: (/ewf1), offset 33619968, sizelimit 855638016
/dev/loop8: []: (/var/lib/snapd/snaps/gnome-3-38-2004_143.snap)
/dev/loop35: []: (/var/lib/snapd/snaps/snapd-desktop-integration_357.snap)
/dev/loop15: []: (/var/lib/snapd/snaps/core22_2411.snap)
/dev/loop43: []: (/var/lib/snapd/snaps/firefox_8107.snap)
/dev/loop6: []: (/var/lib/snapd/snaps/core24_1499.snap)
/dev/loop23: []: (/ewf1), offset 33619968, sizelimit 855638016
/dev/loop13: []: (/var/lib/snapd/snaps/snap-store_1113.snap)
/dev/loop4: []: (/var/lib/snapd/snaps/core22_2045.snap)
/dev/loop31: []: (/var/lib/snapd/snaps/core24_1587.snap)
/dev/loop21: []: (/var/lib/snapd/snaps/mesa-2404_1165.snap)
/dev/loop11: []: (/var/lib/snapd/snaps/gtk-common-themes_1534.snap)
/dev/loop2: []: (/ewf1), offset 33619968, sizelimit 855638016
/dev/loop58: []: (/var/lib/snapd/snaps/snapd_26865.snap)
/dev/loop0: []: (/var/lib/snapd/snaps/bare_5.snap)
/dev/loop18: []: (/ewf1), offset 33619968, sizelimit 855638016
/dev/loop9: []: (/var/lib/snapd/snaps/core20_2769.snap)
/dev/loop16: []: (/ewf1), offset 33619968, sizelimit 855638016
/dev/loop7: []: (/var/lib/snapd/snaps/gnome-3-38-2004_140.snap)
/dev/loop14: []: (/var/lib/snapd/snaps/snap-store_1216.snap)
/dev/loop5: []: (/var/lib/snapd/snaps/core20_2717.snap)
/dev/loop22: []: (/var/lib/snapd/snaps/gnome-46-2404_153.snap)
/dev/loop12: []: (/var/lib/snapd/snaps/gtk-common-themes_1535.snap)
/dev/loop3: []: (/var/lib/snapd/snaps/gnome-42-2204_247.snap)
/dev/loop20: []: (/var/lib/snapd/snaps/firefox_8054.snap)
/dev/loop10: []: (/var/lib/snapd/snaps/gnome-42-2204_202.snap)
[KERNEL ERRORS]
----------------------------------------------------------

--- CHECKPOINT: 11/05/2026 10:57:17 ---
[DOCKER STATS]
[HOST RAM]
               total        used        free      shared  buff/cache   available
Mem:            62Gi       1,3Gi        20Gi       5,0Mi        41Gi        60Gi
Swap:           14Gi       5,0Mi        14Gi
[LOOP DEVICES]
/dev/loop1: []: (/var/lib/snapd/snaps/snapd_26382.snap)
/dev/loop19: []: (/ewf1), offset 33619968, sizelimit 855638016
/dev/loop75: []: (/var/lib/snapd/snaps/firefox_8191.snap)
/dev/loop17: []: (/ewf1), offset 33619968, sizelimit 855638016
/dev/loop45: []: (/var/lib/snapd/snaps/snapd-desktop-integration_361.snap)
/dev/loop73: []: (/ewf1), offset 33619968, sizelimit 855638016
/dev/loop8: []: (/var/lib/snapd/snaps/gnome-3-38-2004_143.snap)
/dev/loop35: []: (/var/lib/snapd/snaps/snapd-desktop-integration_357.snap)
/dev/loop15: []: (/var/lib/snapd/snaps/core22_2411.snap)
/dev/loop43: []: (/var/lib/snapd/snaps/firefox_8107.snap)
/dev/loop6: []: (/var/lib/snapd/snaps/core24_1499.snap)
/dev/loop23: []: (/ewf1), offset 33619968, sizelimit 855638016
/dev/loop13: []: (/var/lib/snapd/snaps/snap-store_1113.snap)
/dev/loop4: []: (/var/lib/snapd/snaps/core22_2045.snap)
/dev/loop31: []: (/var/lib/snapd/snaps/core24_1587.snap)
/dev/loop21: []: (/var/lib/snapd/snaps/mesa-2404_1165.snap)
/dev/loop11: []: (/var/lib/snapd/snaps/gtk-common-themes_1534.snap)
/dev/loop2: []: (/ewf1), offset 33619968, sizelimit 855638016
/dev/loop58: []: (/var/lib/snapd/snaps/snapd_26865.snap)
/dev/loop0: []: (/var/lib/snapd/snaps/bare_5.snap)
/dev/loop18: []: (/ewf1), offset 33619968, sizelimit 855638016
/dev/loop9: []: (/var/lib/snapd/snaps/core20_2769.snap)
/dev/loop16: []: (/ewf1), offset 33619968, sizelimit 855638016
/dev/loop7: []: (/var/lib/snapd/snaps/gnome-3-38-2004_140.snap)
/dev/loop14: []: (/var/lib/snapd/snaps/snap-store_1216.snap)
/dev/loop5: []: (/var/lib/snapd/snaps/core20_2717.snap)
/dev/loop22: []: (/var/lib/snapd/snaps/gnome-46-2404_153.snap)
/dev/loop12: []: (/var/lib/snapd/snaps/gtk-common-themes_1535.snap)
/dev/loop3: []: (/var/lib/snapd/snaps/gnome-42-2204_247.snap)
/dev/loop20: []: (/var/lib/snapd/snaps/firefox_8054.snap)
/dev/loop10: []: (/var/lib/snapd/snaps/gnome-42-2204_202.snap)
[KERNEL ERRORS]
----------------------------------------------------------

--- CHECKPOINT: 11/05/2026 11:02:17 ---
[DOCKER STATS]
[HOST RAM]
               total        used        free      shared  buff/cache   available
Mem:            62Gi       1,3Gi        20Gi       5,0Mi        41Gi        60Gi
Swap:           14Gi       5,0Mi        14Gi
[LOOP DEVICES]
/dev/loop1: []: (/var/lib/snapd/snaps/snapd_26382.snap)
/dev/loop19: []: (/ewf1), offset 33619968, sizelimit 855638016
/dev/loop75: []: (/var/lib/snapd/snaps/firefox_8191.snap)
/dev/loop17: []: (/ewf1), offset 33619968, sizelimit 855638016
/dev/loop45: []: (/var/lib/snapd/snaps/snapd-desktop-integration_361.snap)
/dev/loop73: []: (/ewf1), offset 33619968, sizelimit 855638016
/dev/loop8: []: (/var/lib/snapd/snaps/gnome-3-38-2004_143.snap)
/dev/loop35: []: (/var/lib/snapd/snaps/snapd-desktop-integration_357.snap)
/dev/loop15: []: (/var/lib/snapd/snaps/core22_2411.snap)
/dev/loop43: []: (/var/lib/snapd/snaps/firefox_8107.snap)
/dev/loop6: []: (/var/lib/snapd/snaps/core24_1499.snap)
/dev/loop23: []: (/ewf1), offset 33619968, sizelimit 855638016
/dev/loop13: []: (/var/lib/snapd/snaps/snap-store_1113.snap)
/dev/loop4: []: (/var/lib/snapd/snaps/core22_2045.snap)
/dev/loop31: []: (/var/lib/snapd/snaps/core24_1587.snap)
/dev/loop21: []: (/var/lib/snapd/snaps/mesa-2404_1165.snap)
/dev/loop11: []: (/var/lib/snapd/snaps/gtk-common-themes_1534.snap)
/dev/loop2: []: (/ewf1), offset 33619968, sizelimit 855638016
/dev/loop58: []: (/var/lib/snapd/snaps/snapd_26865.snap)
/dev/loop0: []: (/var/lib/snapd/snaps/bare_5.snap)
/dev/loop18: []: (/ewf1), offset 33619968, sizelimit 855638016
/dev/loop9: []: (/var/lib/snapd/snaps/core20_2769.snap)
/dev/loop16: []: (/ewf1), offset 33619968, sizelimit 855638016
/dev/loop7: []: (/var/lib/snapd/snaps/gnome-3-38-2004_140.snap)
/dev/loop14: []: (/var/lib/snapd/snaps/snap-store_1216.snap)
/dev/loop5: []: (/var/lib/snapd/snaps/core20_2717.snap)
/dev/loop22: []: (/var/lib/snapd/snaps/gnome-46-2404_153.snap)
/dev/loop12: []: (/var/lib/snapd/snaps/gtk-common-themes_1535.snap)
/dev/loop3: []: (/var/lib/snapd/snaps/gnome-42-2204_247.snap)
/dev/loop20: []: (/var/lib/snapd/snaps/firefox_8054.snap)
/dev/loop10: []: (/var/lib/snapd/snaps/gnome-42-2204_202.snap)
[KERNEL ERRORS]
----------------------------------------------------------

--- CHECKPOINT: 11/05/2026 11:07:17 ---
[DOCKER STATS]
[HOST RAM]
               total        used        free      shared  buff/cache   available
Mem:            62Gi       1,3Gi        20Gi       5,0Mi        41Gi        60Gi
Swap:           14Gi       5,0Mi        14Gi
[LOOP DEVICES]
/dev/loop1: []: (/var/lib/snapd/snaps/snapd_26382.snap)
/dev/loop19: []: (/ewf1), offset 33619968, sizelimit 855638016
/dev/loop75: []: (/var/lib/snapd/snaps/firefox_8191.snap)
/dev/loop17: []: (/ewf1), offset 33619968, sizelimit 855638016
/dev/loop45: []: (/var/lib/snapd/snaps/snapd-desktop-integration_361.snap)
/dev/loop73: []: (/ewf1), offset 33619968, sizelimit 855638016
/dev/loop8: []: (/var/lib/snapd/snaps/gnome-3-38-2004_143.snap)
/dev/loop35: []: (/var/lib/snapd/snaps/snapd-desktop-integration_357.snap)
/dev/loop15: []: (/var/lib/snapd/snaps/core22_2411.snap)
/dev/loop43: []: (/var/lib/snapd/snaps/firefox_8107.snap)
/dev/loop6: []: (/var/lib/snapd/snaps/core24_1499.snap)
/dev/loop23: []: (/ewf1), offset 33619968, sizelimit 855638016
/dev/loop13: []: (/var/lib/snapd/snaps/snap-store_1113.snap)
/dev/loop4: []: (/var/lib/snapd/snaps/core22_2045.snap)
/dev/loop31: []: (/var/lib/snapd/snaps/core24_1587.snap)
/dev/loop21: []: (/var/lib/snapd/snaps/mesa-2404_1165.snap)
/dev/loop11: []: (/var/lib/snapd/snaps/gtk-common-themes_1534.snap)
/dev/loop2: []: (/ewf1), offset 33619968, sizelimit 855638016
/dev/loop58: []: (/var/lib/snapd/snaps/snapd_26865.snap)
/dev/loop0: []: (/var/lib/snapd/snaps/bare_5.snap)
/dev/loop18: []: (/ewf1), offset 33619968, sizelimit 855638016
/dev/loop9: []: (/var/lib/snapd/snaps/core20_2769.snap)
/dev/loop16: []: (/ewf1), offset 33619968, sizelimit 855638016
/dev/loop7: []: (/var/lib/snapd/snaps/gnome-3-38-2004_140.snap)
/dev/loop14: []: (/var/lib/snapd/snaps/snap-store_1216.snap)
/dev/loop5: []: (/var/lib/snapd/snaps/core20_2717.snap)
/dev/loop22: []: (/var/lib/snapd/snaps/gnome-46-2404_153.snap)
/dev/loop12: []: (/var/lib/snapd/snaps/gtk-common-themes_1535.snap)
/dev/loop3: []: (/var/lib/snapd/snaps/gnome-42-2204_247.snap)
/dev/loop20: []: (/var/lib/snapd/snaps/firefox_8054.snap)
/dev/loop10: []: (/var/lib/snapd/snaps/gnome-42-2204_202.snap)
[KERNEL ERRORS]
----------------------------------------------------------

--- CHECKPOINT: 11/05/2026 11:12:18 ---
[DOCKER STATS]
[HOST RAM]
               total        used        free      shared  buff/cache   available
Mem:            62Gi       1,3Gi        20Gi       5,0Mi        41Gi        60Gi
Swap:           14Gi       5,0Mi        14Gi
[LOOP DEVICES]
/dev/loop1: []: (/var/lib/snapd/snaps/snapd_26382.snap)
/dev/loop19: []: (/ewf1), offset 33619968, sizelimit 855638016
/dev/loop75: []: (/var/lib/snapd/snaps/firefox_8191.snap)
/dev/loop17: []: (/ewf1), offset 33619968, sizelimit 855638016
/dev/loop45: []: (/var/lib/snapd/snaps/snapd-desktop-integration_361.snap)
/dev/loop73: []: (/ewf1), offset 33619968, sizelimit 855638016
/dev/loop8: []: (/var/lib/snapd/snaps/gnome-3-38-2004_143.snap)
/dev/loop35: []: (/var/lib/snapd/snaps/snapd-desktop-integration_357.snap)
/dev/loop15: []: (/var/lib/snapd/snaps/core22_2411.snap)
/dev/loop43: []: (/var/lib/snapd/snaps/firefox_8107.snap)
/dev/loop6: []: (/var/lib/snapd/snaps/core24_1499.snap)
/dev/loop23: []: (/ewf1), offset 33619968, sizelimit 855638016
/dev/loop13: []: (/var/lib/snapd/snaps/snap-store_1113.snap)
/dev/loop4: []: (/var/lib/snapd/snaps/core22_2045.snap)
/dev/loop31: []: (/var/lib/snapd/snaps/core24_1587.snap)
/dev/loop21: []: (/var/lib/snapd/snaps/mesa-2404_1165.snap)
/dev/loop11: []: (/var/lib/snapd/snaps/gtk-common-themes_1534.snap)
/dev/loop2: []: (/ewf1), offset 33619968, sizelimit 855638016
/dev/loop58: []: (/var/lib/snapd/snaps/snapd_26865.snap)
/dev/loop0: []: (/var/lib/snapd/snaps/bare_5.snap)
/dev/loop18: []: (/ewf1), offset 33619968, sizelimit 855638016
/dev/loop9: []: (/var/lib/snapd/snaps/core20_2769.snap)
/dev/loop16: []: (/ewf1), offset 33619968, sizelimit 855638016
/dev/loop7: []: (/var/lib/snapd/snaps/gnome-3-38-2004_140.snap)
/dev/loop14: []: (/var/lib/snapd/snaps/snap-store_1216.snap)
/dev/loop5: []: (/var/lib/snapd/snaps/core20_2717.snap)
/dev/loop22: []: (/var/lib/snapd/snaps/gnome-46-2404_153.snap)
/dev/loop12: []: (/var/lib/snapd/snaps/gtk-common-themes_1535.snap)
/dev/loop3: []: (/var/lib/snapd/snaps/gnome-42-2204_247.snap)
/dev/loop20: []: (/var/lib/snapd/snaps/firefox_8054.snap)
/dev/loop10: []: (/var/lib/snapd/snaps/gnome-42-2204_202.snap)
[KERNEL ERRORS]
----------------------------------------------------------

--- CHECKPOINT: 11/05/2026 11:17:18 ---
[DOCKER STATS]
[HOST RAM]
               total        used        free      shared  buff/cache   available
Mem:            62Gi       1,3Gi        20Gi       5,0Mi        41Gi        60Gi
Swap:           14Gi       5,0Mi        14Gi
[LOOP DEVICES]
/dev/loop1: []: (/var/lib/snapd/snaps/snapd_26382.snap)
/dev/loop19: []: (/ewf1), offset 33619968, sizelimit 855638016
/dev/loop75: []: (/var/lib/snapd/snaps/firefox_8191.snap)
/dev/loop17: []: (/ewf1), offset 33619968, sizelimit 855638016
/dev/loop45: []: (/var/lib/snapd/snaps/snapd-desktop-integration_361.snap)
/dev/loop73: []: (/ewf1), offset 33619968, sizelimit 855638016
/dev/loop8: []: (/var/lib/snapd/snaps/gnome-3-38-2004_143.snap)
/dev/loop35: []: (/var/lib/snapd/snaps/snapd-desktop-integration_357.snap)
/dev/loop15: []: (/var/lib/snapd/snaps/core22_2411.snap)
/dev/loop43: []: (/var/lib/snapd/snaps/firefox_8107.snap)
/dev/loop6: []: (/var/lib/snapd/snaps/core24_1499.snap)
/dev/loop23: []: (/ewf1), offset 33619968, sizelimit 855638016
/dev/loop13: []: (/var/lib/snapd/snaps/snap-store_1113.snap)
/dev/loop4: []: (/var/lib/snapd/snaps/core22_2045.snap)
/dev/loop31: []: (/var/lib/snapd/snaps/core24_1587.snap)
/dev/loop21: []: (/var/lib/snapd/snaps/mesa-2404_1165.snap)
/dev/loop11: []: (/var/lib/snapd/snaps/gtk-common-themes_1534.snap)
/dev/loop2: []: (/ewf1), offset 33619968, sizelimit 855638016
/dev/loop58: []: (/var/lib/snapd/snaps/snapd_26865.snap)
/dev/loop0: []: (/var/lib/snapd/snaps/bare_5.snap)
/dev/loop18: []: (/ewf1), offset 33619968, sizelimit 855638016
/dev/loop9: []: (/var/lib/snapd/snaps/core20_2769.snap)
/dev/loop16: []: (/ewf1), offset 33619968, sizelimit 855638016
/dev/loop7: []: (/var/lib/snapd/snaps/gnome-3-38-2004_140.snap)
/dev/loop14: []: (/var/lib/snapd/snaps/snap-store_1216.snap)
/dev/loop5: []: (/var/lib/snapd/snaps/core20_2717.snap)
/dev/loop22: []: (/var/lib/snapd/snaps/gnome-46-2404_153.snap)
/dev/loop12: []: (/var/lib/snapd/snaps/gtk-common-themes_1535.snap)
/dev/loop3: []: (/var/lib/snapd/snaps/gnome-42-2204_247.snap)
/dev/loop20: []: (/var/lib/snapd/snaps/firefox_8054.snap)
/dev/loop10: []: (/var/lib/snapd/snaps/gnome-42-2204_202.snap)
[KERNEL ERRORS]
----------------------------------------------------------

--- CHECKPOINT: 11/05/2026 11:22:18 ---
[DOCKER STATS]
[HOST RAM]
               total        used        free      shared  buff/cache   available
Mem:            62Gi       1,3Gi        20Gi       5,0Mi        41Gi        60Gi
Swap:           14Gi       5,0Mi        14Gi
[LOOP DEVICES]
/dev/loop1: []: (/var/lib/snapd/snaps/snapd_26382.snap)
/dev/loop19: []: (/ewf1), offset 33619968, sizelimit 855638016
/dev/loop75: []: (/var/lib/snapd/snaps/firefox_8191.snap)
/dev/loop17: []: (/ewf1), offset 33619968, sizelimit 855638016
/dev/loop45: []: (/var/lib/snapd/snaps/snapd-desktop-integration_361.snap)
/dev/loop73: []: (/ewf1), offset 33619968, sizelimit 855638016
/dev/loop8: []: (/var/lib/snapd/snaps/gnome-3-38-2004_143.snap)
/dev/loop35: []: (/var/lib/snapd/snaps/snapd-desktop-integration_357.snap)
/dev/loop15: []: (/var/lib/snapd/snaps/core22_2411.snap)
/dev/loop43: []: (/var/lib/snapd/snaps/firefox_8107.snap)
/dev/loop6: []: (/var/lib/snapd/snaps/core24_1499.snap)
/dev/loop23: []: (/ewf1), offset 33619968, sizelimit 855638016
/dev/loop13: []: (/var/lib/snapd/snaps/snap-store_1113.snap)
/dev/loop4: []: (/var/lib/snapd/snaps/core22_2045.snap)
/dev/loop31: []: (/var/lib/snapd/snaps/core24_1587.snap)
/dev/loop21: []: (/var/lib/snapd/snaps/mesa-2404_1165.snap)
/dev/loop11: []: (/var/lib/snapd/snaps/gtk-common-themes_1534.snap)
/dev/loop2: []: (/ewf1), offset 33619968, sizelimit 855638016
/dev/loop58: []: (/var/lib/snapd/snaps/snapd_26865.snap)
/dev/loop0: []: (/var/lib/snapd/snaps/bare_5.snap)
/dev/loop18: []: (/ewf1), offset 33619968, sizelimit 855638016
/dev/loop9: []: (/var/lib/snapd/snaps/core20_2769.snap)
/dev/loop16: []: (/ewf1), offset 33619968, sizelimit 855638016
/dev/loop7: []: (/var/lib/snapd/snaps/gnome-3-38-2004_140.snap)
/dev/loop14: []: (/var/lib/snapd/snaps/snap-store_1216.snap)
/dev/loop5: []: (/var/lib/snapd/snaps/core20_2717.snap)
/dev/loop22: []: (/var/lib/snapd/snaps/gnome-46-2404_153.snap)
/dev/loop12: []: (/var/lib/snapd/snaps/gtk-common-themes_1535.snap)
/dev/loop3: []: (/var/lib/snapd/snaps/gnome-42-2204_247.snap)
/dev/loop20: []: (/var/lib/snapd/snaps/firefox_8054.snap)
/dev/loop10: []: (/var/lib/snapd/snaps/gnome-42-2204_202.snap)
[KERNEL ERRORS]
----------------------------------------------------------

--- CHECKPOINT: 11/05/2026 11:27:18 ---
[DOCKER STATS]
[HOST RAM]
               total        used        free      shared  buff/cache   available
Mem:            62Gi       1,3Gi        20Gi       5,0Mi        41Gi        60Gi
Swap:           14Gi       5,0Mi        14Gi
[LOOP DEVICES]
/dev/loop1: []: (/var/lib/snapd/snaps/snapd_26382.snap)
/dev/loop19: []: (/ewf1), offset 33619968, sizelimit 855638016
/dev/loop75: []: (/var/lib/snapd/snaps/firefox_8191.snap)
/dev/loop17: []: (/ewf1), offset 33619968, sizelimit 855638016
/dev/loop45: []: (/var/lib/snapd/snaps/snapd-desktop-integration_361.snap)
/dev/loop73: []: (/ewf1), offset 33619968, sizelimit 855638016
/dev/loop8: []: (/var/lib/snapd/snaps/gnome-3-38-2004_143.snap)
/dev/loop35: []: (/var/lib/snapd/snaps/snapd-desktop-integration_357.snap)
/dev/loop15: []: (/var/lib/snapd/snaps/core22_2411.snap)
/dev/loop43: []: (/var/lib/snapd/snaps/firefox_8107.snap)
/dev/loop6: []: (/var/lib/snapd/snaps/core24_1499.snap)
/dev/loop23: []: (/ewf1), offset 33619968, sizelimit 855638016
/dev/loop13: []: (/var/lib/snapd/snaps/snap-store_1113.snap)
/dev/loop4: []: (/var/lib/snapd/snaps/core22_2045.snap)
/dev/loop31: []: (/var/lib/snapd/snaps/core24_1587.snap)
/dev/loop21: []: (/var/lib/snapd/snaps/mesa-2404_1165.snap)
/dev/loop11: []: (/var/lib/snapd/snaps/gtk-common-themes_1534.snap)
/dev/loop2: []: (/ewf1), offset 33619968, sizelimit 855638016
/dev/loop58: []: (/var/lib/snapd/snaps/snapd_26865.snap)
/dev/loop0: []: (/var/lib/snapd/snaps/bare_5.snap)
/dev/loop18: []: (/ewf1), offset 33619968, sizelimit 855638016
/dev/loop9: []: (/var/lib/snapd/snaps/core20_2769.snap)
/dev/loop16: []: (/ewf1), offset 33619968, sizelimit 855638016
/dev/loop7: []: (/var/lib/snapd/snaps/gnome-3-38-2004_140.snap)
/dev/loop14: []: (/var/lib/snapd/snaps/snap-store_1216.snap)
/dev/loop5: []: (/var/lib/snapd/snaps/core20_2717.snap)
/dev/loop22: []: (/var/lib/snapd/snaps/gnome-46-2404_153.snap)
/dev/loop12: []: (/var/lib/snapd/snaps/gtk-common-themes_1535.snap)
/dev/loop3: []: (/var/lib/snapd/snaps/gnome-42-2204_247.snap)
/dev/loop20: []: (/var/lib/snapd/snaps/firefox_8054.snap)
/dev/loop10: []: (/var/lib/snapd/snaps/gnome-42-2204_202.snap)
[KERNEL ERRORS]
----------------------------------------------------------

--- CHECKPOINT: 11/05/2026 11:32:18 ---
[DOCKER STATS]
[HOST RAM]
               total        used        free      shared  buff/cache   available
Mem:            62Gi       1,3Gi        20Gi       5,0Mi        41Gi        60Gi
Swap:           14Gi       5,0Mi        14Gi
[LOOP DEVICES]
/dev/loop1: []: (/var/lib/snapd/snaps/snapd_26382.snap)
/dev/loop19: []: (/ewf1), offset 33619968, sizelimit 855638016
/dev/loop75: []: (/var/lib/snapd/snaps/firefox_8191.snap)
/dev/loop17: []: (/ewf1), offset 33619968, sizelimit 855638016
/dev/loop45: []: (/var/lib/snapd/snaps/snapd-desktop-integration_361.snap)
/dev/loop73: []: (/ewf1), offset 33619968, sizelimit 855638016
/dev/loop8: []: (/var/lib/snapd/snaps/gnome-3-38-2004_143.snap)
/dev/loop35: []: (/var/lib/snapd/snaps/snapd-desktop-integration_357.snap)
/dev/loop15: []: (/var/lib/snapd/snaps/core22_2411.snap)
/dev/loop43: []: (/var/lib/snapd/snaps/firefox_8107.snap)
/dev/loop6: []: (/var/lib/snapd/snaps/core24_1499.snap)
/dev/loop23: []: (/ewf1), offset 33619968, sizelimit 855638016
/dev/loop13: []: (/var/lib/snapd/snaps/snap-store_1113.snap)
/dev/loop4: []: (/var/lib/snapd/snaps/core22_2045.snap)
/dev/loop31: []: (/var/lib/snapd/snaps/core24_1587.snap)
/dev/loop21: []: (/var/lib/snapd/snaps/mesa-2404_1165.snap)
/dev/loop11: []: (/var/lib/snapd/snaps/gtk-common-themes_1534.snap)
/dev/loop2: []: (/ewf1), offset 33619968, sizelimit 855638016
/dev/loop58: []: (/var/lib/snapd/snaps/snapd_26865.snap)
/dev/loop0: []: (/var/lib/snapd/snaps/bare_5.snap)
/dev/loop18: []: (/ewf1), offset 33619968, sizelimit 855638016
/dev/loop9: []: (/var/lib/snapd/snaps/core20_2769.snap)
/dev/loop16: []: (/ewf1), offset 33619968, sizelimit 855638016
/dev/loop7: []: (/var/lib/snapd/snaps/gnome-3-38-2004_140.snap)
/dev/loop14: []: (/var/lib/snapd/snaps/snap-store_1216.snap)
/dev/loop5: []: (/var/lib/snapd/snaps/core20_2717.snap)
/dev/loop22: []: (/var/lib/snapd/snaps/gnome-46-2404_153.snap)
/dev/loop12: []: (/var/lib/snapd/snaps/gtk-common-themes_1535.snap)
/dev/loop3: []: (/var/lib/snapd/snaps/gnome-42-2204_247.snap)
/dev/loop20: []: (/var/lib/snapd/snaps/firefox_8054.snap)
/dev/loop10: []: (/var/lib/snapd/snaps/gnome-42-2204_202.snap)
[KERNEL ERRORS]
----------------------------------------------------------

--- CHECKPOINT: 11/05/2026 11:37:18 ---
[DOCKER STATS]
[HOST RAM]
               total        used        free      shared  buff/cache   available
Mem:            62Gi       1,3Gi        20Gi       5,0Mi        41Gi        60Gi
Swap:           14Gi       5,0Mi        14Gi
[LOOP DEVICES]
/dev/loop1: []: (/var/lib/snapd/snaps/snapd_26382.snap)
/dev/loop19: []: (/ewf1), offset 33619968, sizelimit 855638016
/dev/loop75: []: (/var/lib/snapd/snaps/firefox_8191.snap)
/dev/loop17: []: (/ewf1), offset 33619968, sizelimit 855638016
/dev/loop45: []: (/var/lib/snapd/snaps/snapd-desktop-integration_361.snap)
/dev/loop73: []: (/ewf1), offset 33619968, sizelimit 855638016
/dev/loop8: []: (/var/lib/snapd/snaps/gnome-3-38-2004_143.snap)
/dev/loop35: []: (/var/lib/snapd/snaps/snapd-desktop-integration_357.snap)
/dev/loop15: []: (/var/lib/snapd/snaps/core22_2411.snap)
/dev/loop43: []: (/var/lib/snapd/snaps/firefox_8107.snap)
/dev/loop6: []: (/var/lib/snapd/snaps/core24_1499.snap)
/dev/loop23: []: (/ewf1), offset 33619968, sizelimit 855638016
/dev/loop13: []: (/var/lib/snapd/snaps/snap-store_1113.snap)
/dev/loop4: []: (/var/lib/snapd/snaps/core22_2045.snap)
/dev/loop31: []: (/var/lib/snapd/snaps/core24_1587.snap)
/dev/loop21: []: (/var/lib/snapd/snaps/mesa-2404_1165.snap)
/dev/loop11: []: (/var/lib/snapd/snaps/gtk-common-themes_1534.snap)
/dev/loop2: []: (/ewf1), offset 33619968, sizelimit 855638016
/dev/loop58: []: (/var/lib/snapd/snaps/snapd_26865.snap)
/dev/loop0: []: (/var/lib/snapd/snaps/bare_5.snap)
/dev/loop18: []: (/ewf1), offset 33619968, sizelimit 855638016
/dev/loop9: []: (/var/lib/snapd/snaps/core20_2769.snap)
/dev/loop16: []: (/ewf1), offset 33619968, sizelimit 855638016
/dev/loop7: []: (/var/lib/snapd/snaps/gnome-3-38-2004_140.snap)
/dev/loop14: []: (/var/lib/snapd/snaps/snap-store_1216.snap)
/dev/loop5: []: (/var/lib/snapd/snaps/core20_2717.snap)
/dev/loop22: []: (/var/lib/snapd/snaps/gnome-46-2404_153.snap)
/dev/loop12: []: (/var/lib/snapd/snaps/gtk-common-themes_1535.snap)
/dev/loop3: []: (/var/lib/snapd/snaps/gnome-42-2204_247.snap)
/dev/loop20: []: (/var/lib/snapd/snaps/firefox_8054.snap)
/dev/loop10: []: (/var/lib/snapd/snaps/gnome-42-2204_202.snap)
[KERNEL ERRORS]
----------------------------------------------------------

--- CHECKPOINT: 11/05/2026 11:42:18 ---
[DOCKER STATS]
[HOST RAM]
               total        used        free      shared  buff/cache   available
Mem:            62Gi       1,3Gi        20Gi       5,0Mi        41Gi        60Gi
Swap:           14Gi       5,0Mi        14Gi
[LOOP DEVICES]
/dev/loop1: []: (/var/lib/snapd/snaps/snapd_26382.snap)
/dev/loop19: []: (/ewf1), offset 33619968, sizelimit 855638016
/dev/loop75: []: (/var/lib/snapd/snaps/firefox_8191.snap)
/dev/loop17: []: (/ewf1), offset 33619968, sizelimit 855638016
/dev/loop45: []: (/var/lib/snapd/snaps/snapd-desktop-integration_361.snap)
/dev/loop73: []: (/ewf1), offset 33619968, sizelimit 855638016
/dev/loop8: []: (/var/lib/snapd/snaps/gnome-3-38-2004_143.snap)
/dev/loop35: []: (/var/lib/snapd/snaps/snapd-desktop-integration_357.snap)
/dev/loop15: []: (/var/lib/snapd/snaps/core22_2411.snap)
/dev/loop43: []: (/var/lib/snapd/snaps/firefox_8107.snap)
/dev/loop6: []: (/var/lib/snapd/snaps/core24_1499.snap)
/dev/loop23: []: (/ewf1), offset 33619968, sizelimit 855638016
/dev/loop13: []: (/var/lib/snapd/snaps/snap-store_1113.snap)
/dev/loop4: []: (/var/lib/snapd/snaps/core22_2045.snap)
/dev/loop31: []: (/var/lib/snapd/snaps/core24_1587.snap)
/dev/loop21: []: (/var/lib/snapd/snaps/mesa-2404_1165.snap)
/dev/loop11: []: (/var/lib/snapd/snaps/gtk-common-themes_1534.snap)
/dev/loop2: []: (/ewf1), offset 33619968, sizelimit 855638016
/dev/loop58: []: (/var/lib/snapd/snaps/snapd_26865.snap)
/dev/loop0: []: (/var/lib/snapd/snaps/bare_5.snap)
/dev/loop18: []: (/ewf1), offset 33619968, sizelimit 855638016
/dev/loop9: []: (/var/lib/snapd/snaps/core20_2769.snap)
/dev/loop16: []: (/ewf1), offset 33619968, sizelimit 855638016
/dev/loop7: []: (/var/lib/snapd/snaps/gnome-3-38-2004_140.snap)
/dev/loop14: []: (/var/lib/snapd/snaps/snap-store_1216.snap)
/dev/loop5: []: (/var/lib/snapd/snaps/core20_2717.snap)
/dev/loop22: []: (/var/lib/snapd/snaps/gnome-46-2404_153.snap)
/dev/loop12: []: (/var/lib/snapd/snaps/gtk-common-themes_1535.snap)
/dev/loop3: []: (/var/lib/snapd/snaps/gnome-42-2204_247.snap)
/dev/loop20: []: (/var/lib/snapd/snaps/firefox_8054.snap)
/dev/loop10: []: (/var/lib/snapd/snaps/gnome-42-2204_202.snap)
[KERNEL ERRORS]
----------------------------------------------------------

--- CHECKPOINT: 11/05/2026 11:47:18 ---
[DOCKER STATS]
[HOST RAM]
               total        used        free      shared  buff/cache   available
Mem:            62Gi       1,3Gi        20Gi       5,0Mi        41Gi        60Gi
Swap:           14Gi       5,0Mi        14Gi
[LOOP DEVICES]
/dev/loop1: []: (/var/lib/snapd/snaps/snapd_26382.snap)
/dev/loop19: []: (/ewf1), offset 33619968, sizelimit 855638016
/dev/loop75: []: (/var/lib/snapd/snaps/firefox_8191.snap)
/dev/loop17: []: (/ewf1), offset 33619968, sizelimit 855638016
/dev/loop45: []: (/var/lib/snapd/snaps/snapd-desktop-integration_361.snap)
/dev/loop73: []: (/ewf1), offset 33619968, sizelimit 855638016
/dev/loop8: []: (/var/lib/snapd/snaps/gnome-3-38-2004_143.snap)
/dev/loop35: []: (/var/lib/snapd/snaps/snapd-desktop-integration_357.snap)
/dev/loop15: []: (/var/lib/snapd/snaps/core22_2411.snap)
/dev/loop43: []: (/var/lib/snapd/snaps/firefox_8107.snap)
/dev/loop6: []: (/var/lib/snapd/snaps/core24_1499.snap)
/dev/loop23: []: (/ewf1), offset 33619968, sizelimit 855638016
/dev/loop13: []: (/var/lib/snapd/snaps/snap-store_1113.snap)
/dev/loop4: []: (/var/lib/snapd/snaps/core22_2045.snap)
/dev/loop31: []: (/var/lib/snapd/snaps/core24_1587.snap)
/dev/loop21: []: (/var/lib/snapd/snaps/mesa-2404_1165.snap)
/dev/loop11: []: (/var/lib/snapd/snaps/gtk-common-themes_1534.snap)
/dev/loop2: []: (/ewf1), offset 33619968, sizelimit 855638016
/dev/loop58: []: (/var/lib/snapd/snaps/snapd_26865.snap)
/dev/loop0: []: (/var/lib/snapd/snaps/bare_5.snap)
/dev/loop18: []: (/ewf1), offset 33619968, sizelimit 855638016
/dev/loop9: []: (/var/lib/snapd/snaps/core20_2769.snap)
/dev/loop16: []: (/ewf1), offset 33619968, sizelimit 855638016
/dev/loop7: []: (/var/lib/snapd/snaps/gnome-3-38-2004_140.snap)
/dev/loop14: []: (/var/lib/snapd/snaps/snap-store_1216.snap)
/dev/loop5: []: (/var/lib/snapd/snaps/core20_2717.snap)
/dev/loop22: []: (/var/lib/snapd/snaps/gnome-46-2404_153.snap)
/dev/loop12: []: (/var/lib/snapd/snaps/gtk-common-themes_1535.snap)
/dev/loop3: []: (/var/lib/snapd/snaps/gnome-42-2204_247.snap)
/dev/loop20: []: (/var/lib/snapd/snaps/firefox_8054.snap)
/dev/loop10: []: (/var/lib/snapd/snaps/gnome-42-2204_202.snap)
[KERNEL ERRORS]
----------------------------------------------------------

--- CHECKPOINT: 11/05/2026 11:52:18 ---
[DOCKER STATS]
[HOST RAM]
               total        used        free      shared  buff/cache   available
Mem:            62Gi       1,3Gi        20Gi       5,0Mi        41Gi        60Gi
Swap:           14Gi       5,0Mi        14Gi
[LOOP DEVICES]
/dev/loop1: []: (/var/lib/snapd/snaps/snapd_26382.snap)
/dev/loop19: []: (/ewf1), offset 33619968, sizelimit 855638016
/dev/loop75: []: (/var/lib/snapd/snaps/firefox_8191.snap)
/dev/loop17: []: (/ewf1), offset 33619968, sizelimit 855638016
/dev/loop45: []: (/var/lib/snapd/snaps/snapd-desktop-integration_361.snap)
/dev/loop73: []: (/ewf1), offset 33619968, sizelimit 855638016
/dev/loop8: []: (/var/lib/snapd/snaps/gnome-3-38-2004_143.snap)
/dev/loop35: []: (/var/lib/snapd/snaps/snapd-desktop-integration_357.snap)
/dev/loop15: []: (/var/lib/snapd/snaps/core22_2411.snap)
/dev/loop43: []: (/var/lib/snapd/snaps/firefox_8107.snap)
/dev/loop6: []: (/var/lib/snapd/snaps/core24_1499.snap)
/dev/loop23: []: (/ewf1), offset 33619968, sizelimit 855638016
/dev/loop13: []: (/var/lib/snapd/snaps/snap-store_1113.snap)
/dev/loop4: []: (/var/lib/snapd/snaps/core22_2045.snap)
/dev/loop31: []: (/var/lib/snapd/snaps/core24_1587.snap)
/dev/loop21: []: (/var/lib/snapd/snaps/mesa-2404_1165.snap)
/dev/loop11: []: (/var/lib/snapd/snaps/gtk-common-themes_1534.snap)
/dev/loop2: []: (/ewf1), offset 33619968, sizelimit 855638016
/dev/loop58: []: (/var/lib/snapd/snaps/snapd_26865.snap)
/dev/loop0: []: (/var/lib/snapd/snaps/bare_5.snap)
/dev/loop18: []: (/ewf1), offset 33619968, sizelimit 855638016
/dev/loop9: []: (/var/lib/snapd/snaps/core20_2769.snap)
/dev/loop16: []: (/ewf1), offset 33619968, sizelimit 855638016
/dev/loop7: []: (/var/lib/snapd/snaps/gnome-3-38-2004_140.snap)
/dev/loop14: []: (/var/lib/snapd/snaps/snap-store_1216.snap)
/dev/loop5: []: (/var/lib/snapd/snaps/core20_2717.snap)
/dev/loop22: []: (/var/lib/snapd/snaps/gnome-46-2404_153.snap)
/dev/loop12: []: (/var/lib/snapd/snaps/gtk-common-themes_1535.snap)
/dev/loop3: []: (/var/lib/snapd/snaps/gnome-42-2204_247.snap)
/dev/loop20: []: (/var/lib/snapd/snaps/firefox_8054.snap)
/dev/loop10: []: (/var/lib/snapd/snaps/gnome-42-2204_202.snap)
[KERNEL ERRORS]
----------------------------------------------------------

--- CHECKPOINT: 11/05/2026 11:57:18 ---
[DOCKER STATS]
[HOST RAM]
               total        used        free      shared  buff/cache   available
Mem:            62Gi       1,3Gi        20Gi       5,0Mi        41Gi        60Gi
Swap:           14Gi       5,0Mi        14Gi
[LOOP DEVICES]
/dev/loop1: []: (/var/lib/snapd/snaps/snapd_26382.snap)
/dev/loop19: []: (/ewf1), offset 33619968, sizelimit 855638016
/dev/loop75: []: (/var/lib/snapd/snaps/firefox_8191.snap)
/dev/loop17: []: (/ewf1), offset 33619968, sizelimit 855638016
/dev/loop45: []: (/var/lib/snapd/snaps/snapd-desktop-integration_361.snap)
/dev/loop73: []: (/ewf1), offset 33619968, sizelimit 855638016
/dev/loop8: []: (/var/lib/snapd/snaps/gnome-3-38-2004_143.snap)
/dev/loop35: []: (/var/lib/snapd/snaps/snapd-desktop-integration_357.snap)
/dev/loop15: []: (/var/lib/snapd/snaps/core22_2411.snap)
/dev/loop43: []: (/var/lib/snapd/snaps/firefox_8107.snap)
/dev/loop6: []: (/var/lib/snapd/snaps/core24_1499.snap)
/dev/loop23: []: (/ewf1), offset 33619968, sizelimit 855638016
/dev/loop13: []: (/var/lib/snapd/snaps/snap-store_1113.snap)
/dev/loop4: []: (/var/lib/snapd/snaps/core22_2045.snap)
/dev/loop31: []: (/var/lib/snapd/snaps/core24_1587.snap)
/dev/loop21: []: (/var/lib/snapd/snaps/mesa-2404_1165.snap)
/dev/loop11: []: (/var/lib/snapd/snaps/gtk-common-themes_1534.snap)
/dev/loop2: []: (/ewf1), offset 33619968, sizelimit 855638016
/dev/loop58: []: (/var/lib/snapd/snaps/snapd_26865.snap)
/dev/loop0: []: (/var/lib/snapd/snaps/bare_5.snap)
/dev/loop18: []: (/ewf1), offset 33619968, sizelimit 855638016
/dev/loop9: []: (/var/lib/snapd/snaps/core20_2769.snap)
/dev/loop16: []: (/ewf1), offset 33619968, sizelimit 855638016
/dev/loop7: []: (/var/lib/snapd/snaps/gnome-3-38-2004_140.snap)
/dev/loop14: []: (/var/lib/snapd/snaps/snap-store_1216.snap)
/dev/loop5: []: (/var/lib/snapd/snaps/core20_2717.snap)
/dev/loop22: []: (/var/lib/snapd/snaps/gnome-46-2404_153.snap)
/dev/loop12: []: (/var/lib/snapd/snaps/gtk-common-themes_1535.snap)
/dev/loop3: []: (/var/lib/snapd/snaps/gnome-42-2204_247.snap)
/dev/loop20: []: (/var/lib/snapd/snaps/firefox_8054.snap)
/dev/loop10: []: (/var/lib/snapd/snaps/gnome-42-2204_202.snap)
[KERNEL ERRORS]
----------------------------------------------------------

--- CHECKPOINT: 11/05/2026 12:02:18 ---
[DOCKER STATS]
[HOST RAM]
               total        used        free      shared  buff/cache   available
Mem:            62Gi       1,3Gi        20Gi       5,0Mi        41Gi        60Gi
Swap:           14Gi       5,0Mi        14Gi
[LOOP DEVICES]
/dev/loop1: []: (/var/lib/snapd/snaps/snapd_26382.snap)
/dev/loop19: []: (/ewf1), offset 33619968, sizelimit 855638016
/dev/loop75: []: (/var/lib/snapd/snaps/firefox_8191.snap)
/dev/loop17: []: (/ewf1), offset 33619968, sizelimit 855638016
/dev/loop45: []: (/var/lib/snapd/snaps/snapd-desktop-integration_361.snap)
/dev/loop73: []: (/ewf1), offset 33619968, sizelimit 855638016
/dev/loop8: []: (/var/lib/snapd/snaps/gnome-3-38-2004_143.snap)
/dev/loop35: []: (/var/lib/snapd/snaps/snapd-desktop-integration_357.snap)
/dev/loop15: []: (/var/lib/snapd/snaps/core22_2411.snap)
/dev/loop43: []: (/var/lib/snapd/snaps/firefox_8107.snap)
/dev/loop6: []: (/var/lib/snapd/snaps/core24_1499.snap)
/dev/loop23: []: (/ewf1), offset 33619968, sizelimit 855638016
/dev/loop13: []: (/var/lib/snapd/snaps/snap-store_1113.snap)
/dev/loop4: []: (/var/lib/snapd/snaps/core22_2045.snap)
/dev/loop31: []: (/var/lib/snapd/snaps/core24_1587.snap)
/dev/loop21: []: (/var/lib/snapd/snaps/mesa-2404_1165.snap)
/dev/loop11: []: (/var/lib/snapd/snaps/gtk-common-themes_1534.snap)
/dev/loop2: []: (/ewf1), offset 33619968, sizelimit 855638016
/dev/loop58: []: (/var/lib/snapd/snaps/snapd_26865.snap)
/dev/loop0: []: (/var/lib/snapd/snaps/bare_5.snap)
/dev/loop18: []: (/ewf1), offset 33619968, sizelimit 855638016
/dev/loop9: []: (/var/lib/snapd/snaps/core20_2769.snap)
/dev/loop16: []: (/ewf1), offset 33619968, sizelimit 855638016
/dev/loop7: []: (/var/lib/snapd/snaps/gnome-3-38-2004_140.snap)
/dev/loop14: []: (/var/lib/snapd/snaps/snap-store_1216.snap)
/dev/loop5: []: (/var/lib/snapd/snaps/core20_2717.snap)
/dev/loop22: []: (/var/lib/snapd/snaps/gnome-46-2404_153.snap)
/dev/loop12: []: (/var/lib/snapd/snaps/gtk-common-themes_1535.snap)
/dev/loop3: []: (/var/lib/snapd/snaps/gnome-42-2204_247.snap)
/dev/loop20: []: (/var/lib/snapd/snaps/firefox_8054.snap)
/dev/loop10: []: (/var/lib/snapd/snaps/gnome-42-2204_202.snap)
[KERNEL ERRORS]
----------------------------------------------------------

--- CHECKPOINT: 11/05/2026 12:07:18 ---
[DOCKER STATS]
[HOST RAM]
               total        used        free      shared  buff/cache   available
Mem:            62Gi       1,3Gi        20Gi       5,0Mi        41Gi        60Gi
Swap:           14Gi       5,0Mi        14Gi
[LOOP DEVICES]
/dev/loop1: []: (/var/lib/snapd/snaps/snapd_26382.snap)
/dev/loop19: []: (/ewf1), offset 33619968, sizelimit 855638016
/dev/loop75: []: (/var/lib/snapd/snaps/firefox_8191.snap)
/dev/loop17: []: (/ewf1), offset 33619968, sizelimit 855638016
/dev/loop45: []: (/var/lib/snapd/snaps/snapd-desktop-integration_361.snap)
/dev/loop73: []: (/ewf1), offset 33619968, sizelimit 855638016
/dev/loop8: []: (/var/lib/snapd/snaps/gnome-3-38-2004_143.snap)
/dev/loop35: []: (/var/lib/snapd/snaps/snapd-desktop-integration_357.snap)
/dev/loop15: []: (/var/lib/snapd/snaps/core22_2411.snap)
/dev/loop43: []: (/var/lib/snapd/snaps/firefox_8107.snap)
/dev/loop6: []: (/var/lib/snapd/snaps/core24_1499.snap)
/dev/loop23: []: (/ewf1), offset 33619968, sizelimit 855638016
/dev/loop13: []: (/var/lib/snapd/snaps/snap-store_1113.snap)
/dev/loop4: []: (/var/lib/snapd/snaps/core22_2045.snap)
/dev/loop31: []: (/var/lib/snapd/snaps/core24_1587.snap)
/dev/loop21: []: (/var/lib/snapd/snaps/mesa-2404_1165.snap)
/dev/loop11: []: (/var/lib/snapd/snaps/gtk-common-themes_1534.snap)
/dev/loop2: []: (/ewf1), offset 33619968, sizelimit 855638016
/dev/loop58: []: (/var/lib/snapd/snaps/snapd_26865.snap)
/dev/loop0: []: (/var/lib/snapd/snaps/bare_5.snap)
/dev/loop18: []: (/ewf1), offset 33619968, sizelimit 855638016
/dev/loop9: []: (/var/lib/snapd/snaps/core20_2769.snap)
/dev/loop16: []: (/ewf1), offset 33619968, sizelimit 855638016
/dev/loop7: []: (/var/lib/snapd/snaps/gnome-3-38-2004_140.snap)
/dev/loop14: []: (/var/lib/snapd/snaps/snap-store_1216.snap)
/dev/loop5: []: (/var/lib/snapd/snaps/core20_2717.snap)
/dev/loop22: []: (/var/lib/snapd/snaps/gnome-46-2404_153.snap)
/dev/loop12: []: (/var/lib/snapd/snaps/gtk-common-themes_1535.snap)
/dev/loop3: []: (/var/lib/snapd/snaps/gnome-42-2204_247.snap)
/dev/loop20: []: (/var/lib/snapd/snaps/firefox_8054.snap)
/dev/loop10: []: (/var/lib/snapd/snaps/gnome-42-2204_202.snap)
[KERNEL ERRORS]
----------------------------------------------------------

--- CHECKPOINT: 11/05/2026 12:12:18 ---
[DOCKER STATS]
[HOST RAM]
               total        used        free      shared  buff/cache   available
Mem:            62Gi       1,3Gi        20Gi       5,0Mi        41Gi        60Gi
Swap:           14Gi       5,0Mi        14Gi
[LOOP DEVICES]
/dev/loop1: []: (/var/lib/snapd/snaps/snapd_26382.snap)
/dev/loop19: []: (/ewf1), offset 33619968, sizelimit 855638016
/dev/loop75: []: (/var/lib/snapd/snaps/firefox_8191.snap)
/dev/loop17: []: (/ewf1), offset 33619968, sizelimit 855638016
/dev/loop45: []: (/var/lib/snapd/snaps/snapd-desktop-integration_361.snap)
/dev/loop73: []: (/ewf1), offset 33619968, sizelimit 855638016
/dev/loop8: []: (/var/lib/snapd/snaps/gnome-3-38-2004_143.snap)
/dev/loop35: []: (/var/lib/snapd/snaps/snapd-desktop-integration_357.snap)
/dev/loop15: []: (/var/lib/snapd/snaps/core22_2411.snap)
/dev/loop43: []: (/var/lib/snapd/snaps/firefox_8107.snap)
/dev/loop6: []: (/var/lib/snapd/snaps/core24_1499.snap)
/dev/loop23: []: (/ewf1), offset 33619968, sizelimit 855638016
/dev/loop13: []: (/var/lib/snapd/snaps/snap-store_1113.snap)
/dev/loop4: []: (/var/lib/snapd/snaps/core22_2045.snap)
/dev/loop31: []: (/var/lib/snapd/snaps/core24_1587.snap)
/dev/loop21: []: (/var/lib/snapd/snaps/mesa-2404_1165.snap)
/dev/loop11: []: (/var/lib/snapd/snaps/gtk-common-themes_1534.snap)
/dev/loop2: []: (/ewf1), offset 33619968, sizelimit 855638016
/dev/loop58: []: (/var/lib/snapd/snaps/snapd_26865.snap)
/dev/loop0: []: (/var/lib/snapd/snaps/bare_5.snap)
/dev/loop18: []: (/ewf1), offset 33619968, sizelimit 855638016
/dev/loop9: []: (/var/lib/snapd/snaps/core20_2769.snap)
/dev/loop16: []: (/ewf1), offset 33619968, sizelimit 855638016
/dev/loop7: []: (/var/lib/snapd/snaps/gnome-3-38-2004_140.snap)
/dev/loop14: []: (/var/lib/snapd/snaps/snap-store_1216.snap)
/dev/loop5: []: (/var/lib/snapd/snaps/core20_2717.snap)
/dev/loop22: []: (/var/lib/snapd/snaps/gnome-46-2404_153.snap)
/dev/loop12: []: (/var/lib/snapd/snaps/gtk-common-themes_1535.snap)
/dev/loop3: []: (/var/lib/snapd/snaps/gnome-42-2204_247.snap)
/dev/loop20: []: (/var/lib/snapd/snaps/firefox_8054.snap)
/dev/loop10: []: (/var/lib/snapd/snaps/gnome-42-2204_202.snap)
[KERNEL ERRORS]
----------------------------------------------------------

--- CHECKPOINT: 11/05/2026 12:17:18 ---
[DOCKER STATS]
[HOST RAM]
               total        used        free      shared  buff/cache   available
Mem:            62Gi       1,3Gi        20Gi       5,0Mi        41Gi        60Gi
Swap:           14Gi       5,0Mi        14Gi
[LOOP DEVICES]
/dev/loop1: []: (/var/lib/snapd/snaps/snapd_26382.snap)
/dev/loop19: []: (/ewf1), offset 33619968, sizelimit 855638016
/dev/loop75: []: (/var/lib/snapd/snaps/firefox_8191.snap)
/dev/loop17: []: (/ewf1), offset 33619968, sizelimit 855638016
/dev/loop45: []: (/var/lib/snapd/snaps/snapd-desktop-integration_361.snap)
/dev/loop73: []: (/ewf1), offset 33619968, sizelimit 855638016
/dev/loop8: []: (/var/lib/snapd/snaps/gnome-3-38-2004_143.snap)
/dev/loop35: []: (/var/lib/snapd/snaps/snapd-desktop-integration_357.snap)
/dev/loop15: []: (/var/lib/snapd/snaps/core22_2411.snap)
/dev/loop43: []: (/var/lib/snapd/snaps/firefox_8107.snap)
/dev/loop6: []: (/var/lib/snapd/snaps/core24_1499.snap)
/dev/loop23: []: (/ewf1), offset 33619968, sizelimit 855638016
/dev/loop13: []: (/var/lib/snapd/snaps/snap-store_1113.snap)
/dev/loop4: []: (/var/lib/snapd/snaps/core22_2045.snap)
/dev/loop31: []: (/var/lib/snapd/snaps/core24_1587.snap)
/dev/loop21: []: (/var/lib/snapd/snaps/mesa-2404_1165.snap)
/dev/loop11: []: (/var/lib/snapd/snaps/gtk-common-themes_1534.snap)
/dev/loop2: []: (/ewf1), offset 33619968, sizelimit 855638016
/dev/loop58: []: (/var/lib/snapd/snaps/snapd_26865.snap)
/dev/loop0: []: (/var/lib/snapd/snaps/bare_5.snap)
/dev/loop18: []: (/ewf1), offset 33619968, sizelimit 855638016
/dev/loop9: []: (/var/lib/snapd/snaps/core20_2769.snap)
/dev/loop16: []: (/ewf1), offset 33619968, sizelimit 855638016
/dev/loop7: []: (/var/lib/snapd/snaps/gnome-3-38-2004_140.snap)
/dev/loop14: []: (/var/lib/snapd/snaps/snap-store_1216.snap)
/dev/loop5: []: (/var/lib/snapd/snaps/core20_2717.snap)
/dev/loop22: []: (/var/lib/snapd/snaps/gnome-46-2404_153.snap)
/dev/loop12: []: (/var/lib/snapd/snaps/gtk-common-themes_1535.snap)
/dev/loop3: []: (/var/lib/snapd/snaps/gnome-42-2204_247.snap)
/dev/loop20: []: (/var/lib/snapd/snaps/firefox_8054.snap)
/dev/loop10: []: (/var/lib/snapd/snaps/gnome-42-2204_202.snap)
[KERNEL ERRORS]
----------------------------------------------------------

--- CHECKPOINT: 11/05/2026 12:22:18 ---
[DOCKER STATS]
[HOST RAM]
               total        used        free      shared  buff/cache   available
Mem:            62Gi       1,3Gi        20Gi       5,0Mi        41Gi        60Gi
Swap:           14Gi       5,0Mi        14Gi
[LOOP DEVICES]
/dev/loop1: []: (/var/lib/snapd/snaps/snapd_26382.snap)
/dev/loop19: []: (/ewf1), offset 33619968, sizelimit 855638016
/dev/loop75: []: (/var/lib/snapd/snaps/firefox_8191.snap)
/dev/loop17: []: (/ewf1), offset 33619968, sizelimit 855638016
/dev/loop45: []: (/var/lib/snapd/snaps/snapd-desktop-integration_361.snap)
/dev/loop73: []: (/ewf1), offset 33619968, sizelimit 855638016
/dev/loop8: []: (/var/lib/snapd/snaps/gnome-3-38-2004_143.snap)
/dev/loop35: []: (/var/lib/snapd/snaps/snapd-desktop-integration_357.snap)
/dev/loop15: []: (/var/lib/snapd/snaps/core22_2411.snap)
/dev/loop43: []: (/var/lib/snapd/snaps/firefox_8107.snap)
/dev/loop6: []: (/var/lib/snapd/snaps/core24_1499.snap)
/dev/loop23: []: (/ewf1), offset 33619968, sizelimit 855638016
/dev/loop13: []: (/var/lib/snapd/snaps/snap-store_1113.snap)
/dev/loop4: []: (/var/lib/snapd/snaps/core22_2045.snap)
/dev/loop31: []: (/var/lib/snapd/snaps/core24_1587.snap)
/dev/loop21: []: (/var/lib/snapd/snaps/mesa-2404_1165.snap)
/dev/loop11: []: (/var/lib/snapd/snaps/gtk-common-themes_1534.snap)
/dev/loop2: []: (/ewf1), offset 33619968, sizelimit 855638016
/dev/loop58: []: (/var/lib/snapd/snaps/snapd_26865.snap)
/dev/loop0: []: (/var/lib/snapd/snaps/bare_5.snap)
/dev/loop18: []: (/ewf1), offset 33619968, sizelimit 855638016
/dev/loop9: []: (/var/lib/snapd/snaps/core20_2769.snap)
/dev/loop16: []: (/ewf1), offset 33619968, sizelimit 855638016
/dev/loop7: []: (/var/lib/snapd/snaps/gnome-3-38-2004_140.snap)
/dev/loop14: []: (/var/lib/snapd/snaps/snap-store_1216.snap)
/dev/loop5: []: (/var/lib/snapd/snaps/core20_2717.snap)
/dev/loop22: []: (/var/lib/snapd/snaps/gnome-46-2404_153.snap)
/dev/loop12: []: (/var/lib/snapd/snaps/gtk-common-themes_1535.snap)
/dev/loop3: []: (/var/lib/snapd/snaps/gnome-42-2204_247.snap)
/dev/loop20: []: (/var/lib/snapd/snaps/firefox_8054.snap)
/dev/loop10: []: (/var/lib/snapd/snaps/gnome-42-2204_202.snap)
[KERNEL ERRORS]
----------------------------------------------------------

--- CHECKPOINT: 11/05/2026 12:27:19 ---
[DOCKER STATS]
[HOST RAM]
               total        used        free      shared  buff/cache   available
Mem:            62Gi       1,3Gi        20Gi       5,0Mi        41Gi        60Gi
Swap:           14Gi       5,0Mi        14Gi
[LOOP DEVICES]
/dev/loop1: []: (/var/lib/snapd/snaps/snapd_26382.snap)
/dev/loop19: []: (/ewf1), offset 33619968, sizelimit 855638016
/dev/loop75: []: (/var/lib/snapd/snaps/firefox_8191.snap)
/dev/loop17: []: (/ewf1), offset 33619968, sizelimit 855638016
/dev/loop45: []: (/var/lib/snapd/snaps/snapd-desktop-integration_361.snap)
/dev/loop73: []: (/ewf1), offset 33619968, sizelimit 855638016
/dev/loop8: []: (/var/lib/snapd/snaps/gnome-3-38-2004_143.snap)
/dev/loop35: []: (/var/lib/snapd/snaps/snapd-desktop-integration_357.snap)
/dev/loop15: []: (/var/lib/snapd/snaps/core22_2411.snap)
/dev/loop43: []: (/var/lib/snapd/snaps/firefox_8107.snap)
/dev/loop6: []: (/var/lib/snapd/snaps/core24_1499.snap)
/dev/loop23: []: (/ewf1), offset 33619968, sizelimit 855638016
/dev/loop13: []: (/var/lib/snapd/snaps/snap-store_1113.snap)
/dev/loop4: []: (/var/lib/snapd/snaps/core22_2045.snap)
/dev/loop31: []: (/var/lib/snapd/snaps/core24_1587.snap)
/dev/loop21: []: (/var/lib/snapd/snaps/mesa-2404_1165.snap)
/dev/loop11: []: (/var/lib/snapd/snaps/gtk-common-themes_1534.snap)
/dev/loop2: []: (/ewf1), offset 33619968, sizelimit 855638016
/dev/loop58: []: (/var/lib/snapd/snaps/snapd_26865.snap)
/dev/loop0: []: (/var/lib/snapd/snaps/bare_5.snap)
/dev/loop18: []: (/ewf1), offset 33619968, sizelimit 855638016
/dev/loop9: []: (/var/lib/snapd/snaps/core20_2769.snap)
/dev/loop16: []: (/ewf1), offset 33619968, sizelimit 855638016
/dev/loop7: []: (/var/lib/snapd/snaps/gnome-3-38-2004_140.snap)
/dev/loop14: []: (/var/lib/snapd/snaps/snap-store_1216.snap)
/dev/loop5: []: (/var/lib/snapd/snaps/core20_2717.snap)
/dev/loop22: []: (/var/lib/snapd/snaps/gnome-46-2404_153.snap)
/dev/loop12: []: (/var/lib/snapd/snaps/gtk-common-themes_1535.snap)
/dev/loop3: []: (/var/lib/snapd/snaps/gnome-42-2204_247.snap)
/dev/loop20: []: (/var/lib/snapd/snaps/firefox_8054.snap)
/dev/loop10: []: (/var/lib/snapd/snaps/gnome-42-2204_202.snap)
[KERNEL ERRORS]
----------------------------------------------------------

--- CHECKPOINT: 11/05/2026 12:32:19 ---
[DOCKER STATS]
[HOST RAM]
               total        used        free      shared  buff/cache   available
Mem:            62Gi       1,3Gi        20Gi       5,0Mi        41Gi        60Gi
Swap:           14Gi       5,0Mi        14Gi
[LOOP DEVICES]
/dev/loop1: []: (/var/lib/snapd/snaps/snapd_26382.snap)
/dev/loop19: []: (/ewf1), offset 33619968, sizelimit 855638016
/dev/loop75: []: (/var/lib/snapd/snaps/firefox_8191.snap)
/dev/loop17: []: (/ewf1), offset 33619968, sizelimit 855638016
/dev/loop45: []: (/var/lib/snapd/snaps/snapd-desktop-integration_361.snap)
/dev/loop73: []: (/ewf1), offset 33619968, sizelimit 855638016
/dev/loop8: []: (/var/lib/snapd/snaps/gnome-3-38-2004_143.snap)
/dev/loop35: []: (/var/lib/snapd/snaps/snapd-desktop-integration_357.snap)
/dev/loop15: []: (/var/lib/snapd/snaps/core22_2411.snap)
/dev/loop43: []: (/var/lib/snapd/snaps/firefox_8107.snap)
/dev/loop6: []: (/var/lib/snapd/snaps/core24_1499.snap)
/dev/loop23: []: (/ewf1), offset 33619968, sizelimit 855638016
/dev/loop13: []: (/var/lib/snapd/snaps/snap-store_1113.snap)
/dev/loop4: []: (/var/lib/snapd/snaps/core22_2045.snap)
/dev/loop31: []: (/var/lib/snapd/snaps/core24_1587.snap)
/dev/loop21: []: (/var/lib/snapd/snaps/mesa-2404_1165.snap)
/dev/loop11: []: (/var/lib/snapd/snaps/gtk-common-themes_1534.snap)
/dev/loop2: []: (/ewf1), offset 33619968, sizelimit 855638016
/dev/loop58: []: (/var/lib/snapd/snaps/snapd_26865.snap)
/dev/loop0: []: (/var/lib/snapd/snaps/bare_5.snap)
/dev/loop18: []: (/ewf1), offset 33619968, sizelimit 855638016
/dev/loop9: []: (/var/lib/snapd/snaps/core20_2769.snap)
/dev/loop16: []: (/ewf1), offset 33619968, sizelimit 855638016
/dev/loop7: []: (/var/lib/snapd/snaps/gnome-3-38-2004_140.snap)
/dev/loop14: []: (/var/lib/snapd/snaps/snap-store_1216.snap)
/dev/loop5: []: (/var/lib/snapd/snaps/core20_2717.snap)
/dev/loop22: []: (/var/lib/snapd/snaps/gnome-46-2404_153.snap)
/dev/loop12: []: (/var/lib/snapd/snaps/gtk-common-themes_1535.snap)
/dev/loop3: []: (/var/lib/snapd/snaps/gnome-42-2204_247.snap)
/dev/loop20: []: (/var/lib/snapd/snaps/firefox_8054.snap)
/dev/loop10: []: (/var/lib/snapd/snaps/gnome-42-2204_202.snap)
[KERNEL ERRORS]
----------------------------------------------------------

--- CHECKPOINT: 11/05/2026 12:37:19 ---
[DOCKER STATS]
[HOST RAM]
               total        used        free      shared  buff/cache   available
Mem:            62Gi       1,3Gi        20Gi       5,0Mi        41Gi        60Gi
Swap:           14Gi       5,0Mi        14Gi
[LOOP DEVICES]
/dev/loop1: []: (/var/lib/snapd/snaps/snapd_26382.snap)
/dev/loop19: []: (/ewf1), offset 33619968, sizelimit 855638016
/dev/loop75: []: (/var/lib/snapd/snaps/firefox_8191.snap)
/dev/loop17: []: (/ewf1), offset 33619968, sizelimit 855638016
/dev/loop45: []: (/var/lib/snapd/snaps/snapd-desktop-integration_361.snap)
/dev/loop73: []: (/ewf1), offset 33619968, sizelimit 855638016
/dev/loop8: []: (/var/lib/snapd/snaps/gnome-3-38-2004_143.snap)
/dev/loop35: []: (/var/lib/snapd/snaps/snapd-desktop-integration_357.snap)
/dev/loop15: []: (/var/lib/snapd/snaps/core22_2411.snap)
/dev/loop43: []: (/var/lib/snapd/snaps/firefox_8107.snap)
/dev/loop6: []: (/var/lib/snapd/snaps/core24_1499.snap)
/dev/loop23: []: (/ewf1), offset 33619968, sizelimit 855638016
/dev/loop13: []: (/var/lib/snapd/snaps/snap-store_1113.snap)
/dev/loop4: []: (/var/lib/snapd/snaps/core22_2045.snap)
/dev/loop31: []: (/var/lib/snapd/snaps/core24_1587.snap)
/dev/loop21: []: (/var/lib/snapd/snaps/mesa-2404_1165.snap)
/dev/loop11: []: (/var/lib/snapd/snaps/gtk-common-themes_1534.snap)
/dev/loop2: []: (/ewf1), offset 33619968, sizelimit 855638016
/dev/loop58: []: (/var/lib/snapd/snaps/snapd_26865.snap)
/dev/loop0: []: (/var/lib/snapd/snaps/bare_5.snap)
/dev/loop18: []: (/ewf1), offset 33619968, sizelimit 855638016
/dev/loop9: []: (/var/lib/snapd/snaps/core20_2769.snap)
/dev/loop16: []: (/ewf1), offset 33619968, sizelimit 855638016
/dev/loop7: []: (/var/lib/snapd/snaps/gnome-3-38-2004_140.snap)
/dev/loop14: []: (/var/lib/snapd/snaps/snap-store_1216.snap)
/dev/loop5: []: (/var/lib/snapd/snaps/core20_2717.snap)
/dev/loop22: []: (/var/lib/snapd/snaps/gnome-46-2404_153.snap)
/dev/loop12: []: (/var/lib/snapd/snaps/gtk-common-themes_1535.snap)
/dev/loop3: []: (/var/lib/snapd/snaps/gnome-42-2204_247.snap)
/dev/loop20: []: (/var/lib/snapd/snaps/firefox_8054.snap)
/dev/loop10: []: (/var/lib/snapd/snaps/gnome-42-2204_202.snap)
[KERNEL ERRORS]
----------------------------------------------------------

--- CHECKPOINT: 11/05/2026 12:42:19 ---
[DOCKER STATS]
[HOST RAM]
               total        used        free      shared  buff/cache   available
Mem:            62Gi       1,3Gi        20Gi       5,0Mi        41Gi        60Gi
Swap:           14Gi       5,0Mi        14Gi
[LOOP DEVICES]
/dev/loop1: []: (/var/lib/snapd/snaps/snapd_26382.snap)
/dev/loop19: []: (/ewf1), offset 33619968, sizelimit 855638016
/dev/loop75: []: (/var/lib/snapd/snaps/firefox_8191.snap)
/dev/loop17: []: (/ewf1), offset 33619968, sizelimit 855638016
/dev/loop45: []: (/var/lib/snapd/snaps/snapd-desktop-integration_361.snap)
/dev/loop73: []: (/ewf1), offset 33619968, sizelimit 855638016
/dev/loop8: []: (/var/lib/snapd/snaps/gnome-3-38-2004_143.snap)
/dev/loop35: []: (/var/lib/snapd/snaps/snapd-desktop-integration_357.snap)
/dev/loop15: []: (/var/lib/snapd/snaps/core22_2411.snap)
/dev/loop43: []: (/var/lib/snapd/snaps/firefox_8107.snap)
/dev/loop6: []: (/var/lib/snapd/snaps/core24_1499.snap)
/dev/loop23: []: (/ewf1), offset 33619968, sizelimit 855638016
/dev/loop13: []: (/var/lib/snapd/snaps/snap-store_1113.snap)
/dev/loop4: []: (/var/lib/snapd/snaps/core22_2045.snap)
/dev/loop31: []: (/var/lib/snapd/snaps/core24_1587.snap)
/dev/loop21: []: (/var/lib/snapd/snaps/mesa-2404_1165.snap)
/dev/loop11: []: (/var/lib/snapd/snaps/gtk-common-themes_1534.snap)
/dev/loop2: []: (/ewf1), offset 33619968, sizelimit 855638016
/dev/loop58: []: (/var/lib/snapd/snaps/snapd_26865.snap)
/dev/loop0: []: (/var/lib/snapd/snaps/bare_5.snap)
/dev/loop18: []: (/ewf1), offset 33619968, sizelimit 855638016
/dev/loop9: []: (/var/lib/snapd/snaps/core20_2769.snap)
/dev/loop16: []: (/ewf1), offset 33619968, sizelimit 855638016
/dev/loop7: []: (/var/lib/snapd/snaps/gnome-3-38-2004_140.snap)
/dev/loop14: []: (/var/lib/snapd/snaps/snap-store_1216.snap)
/dev/loop5: []: (/var/lib/snapd/snaps/core20_2717.snap)
/dev/loop22: []: (/var/lib/snapd/snaps/gnome-46-2404_153.snap)
/dev/loop12: []: (/var/lib/snapd/snaps/gtk-common-themes_1535.snap)
/dev/loop3: []: (/var/lib/snapd/snaps/gnome-42-2204_247.snap)
/dev/loop20: []: (/var/lib/snapd/snaps/firefox_8054.snap)
/dev/loop10: []: (/var/lib/snapd/snaps/gnome-42-2204_202.snap)
[KERNEL ERRORS]
----------------------------------------------------------

--- CHECKPOINT: 11/05/2026 12:47:19 ---
[DOCKER STATS]
[HOST RAM]
               total        used        free      shared  buff/cache   available
Mem:            62Gi       1,3Gi        20Gi       5,0Mi        41Gi        60Gi
Swap:           14Gi       5,0Mi        14Gi
[LOOP DEVICES]
/dev/loop1: []: (/var/lib/snapd/snaps/snapd_26382.snap)
/dev/loop19: []: (/ewf1), offset 33619968, sizelimit 855638016
/dev/loop75: []: (/var/lib/snapd/snaps/firefox_8191.snap)
/dev/loop17: []: (/ewf1), offset 33619968, sizelimit 855638016
/dev/loop45: []: (/var/lib/snapd/snaps/snapd-desktop-integration_361.snap)
/dev/loop73: []: (/ewf1), offset 33619968, sizelimit 855638016
/dev/loop8: []: (/var/lib/snapd/snaps/gnome-3-38-2004_143.snap)
/dev/loop35: []: (/var/lib/snapd/snaps/snapd-desktop-integration_357.snap)
/dev/loop15: []: (/var/lib/snapd/snaps/core22_2411.snap)
/dev/loop43: []: (/var/lib/snapd/snaps/firefox_8107.snap)
/dev/loop6: []: (/var/lib/snapd/snaps/core24_1499.snap)
/dev/loop23: []: (/ewf1), offset 33619968, sizelimit 855638016
/dev/loop13: []: (/var/lib/snapd/snaps/snap-store_1113.snap)
/dev/loop4: []: (/var/lib/snapd/snaps/core22_2045.snap)
/dev/loop31: []: (/var/lib/snapd/snaps/core24_1587.snap)
/dev/loop21: []: (/var/lib/snapd/snaps/mesa-2404_1165.snap)
/dev/loop11: []: (/var/lib/snapd/snaps/gtk-common-themes_1534.snap)
/dev/loop2: []: (/ewf1), offset 33619968, sizelimit 855638016
/dev/loop58: []: (/var/lib/snapd/snaps/snapd_26865.snap)
/dev/loop0: []: (/var/lib/snapd/snaps/bare_5.snap)
/dev/loop18: []: (/ewf1), offset 33619968, sizelimit 855638016
/dev/loop9: []: (/var/lib/snapd/snaps/core20_2769.snap)
/dev/loop16: []: (/ewf1), offset 33619968, sizelimit 855638016
/dev/loop7: []: (/var/lib/snapd/snaps/gnome-3-38-2004_140.snap)
/dev/loop14: []: (/var/lib/snapd/snaps/snap-store_1216.snap)
/dev/loop5: []: (/var/lib/snapd/snaps/core20_2717.snap)
/dev/loop22: []: (/var/lib/snapd/snaps/gnome-46-2404_153.snap)
/dev/loop12: []: (/var/lib/snapd/snaps/gtk-common-themes_1535.snap)
/dev/loop3: []: (/var/lib/snapd/snaps/gnome-42-2204_247.snap)
/dev/loop20: []: (/var/lib/snapd/snaps/firefox_8054.snap)
/dev/loop10: []: (/var/lib/snapd/snaps/gnome-42-2204_202.snap)
[KERNEL ERRORS]
----------------------------------------------------------

--- CHECKPOINT: 11/05/2026 12:52:19 ---
[DOCKER STATS]
[HOST RAM]
               total        used        free      shared  buff/cache   available
Mem:            62Gi       1,3Gi        20Gi       5,0Mi        41Gi        60Gi
Swap:           14Gi       5,0Mi        14Gi
[LOOP DEVICES]
/dev/loop1: []: (/var/lib/snapd/snaps/snapd_26382.snap)
/dev/loop19: []: (/ewf1), offset 33619968, sizelimit 855638016
/dev/loop75: []: (/var/lib/snapd/snaps/firefox_8191.snap)
/dev/loop17: []: (/ewf1), offset 33619968, sizelimit 855638016
/dev/loop45: []: (/var/lib/snapd/snaps/snapd-desktop-integration_361.snap)
/dev/loop73: []: (/ewf1), offset 33619968, sizelimit 855638016
/dev/loop8: []: (/var/lib/snapd/snaps/gnome-3-38-2004_143.snap)
/dev/loop35: []: (/var/lib/snapd/snaps/snapd-desktop-integration_357.snap)
/dev/loop15: []: (/var/lib/snapd/snaps/core22_2411.snap)
/dev/loop43: []: (/var/lib/snapd/snaps/firefox_8107.snap)
/dev/loop6: []: (/var/lib/snapd/snaps/core24_1499.snap)
/dev/loop23: []: (/ewf1), offset 33619968, sizelimit 855638016
/dev/loop13: []: (/var/lib/snapd/snaps/snap-store_1113.snap)
/dev/loop4: []: (/var/lib/snapd/snaps/core22_2045.snap)
/dev/loop31: []: (/var/lib/snapd/snaps/core24_1587.snap)
/dev/loop21: []: (/var/lib/snapd/snaps/mesa-2404_1165.snap)
/dev/loop11: []: (/var/lib/snapd/snaps/gtk-common-themes_1534.snap)
/dev/loop2: []: (/ewf1), offset 33619968, sizelimit 855638016
/dev/loop58: []: (/var/lib/snapd/snaps/snapd_26865.snap)
/dev/loop0: []: (/var/lib/snapd/snaps/bare_5.snap)
/dev/loop18: []: (/ewf1), offset 33619968, sizelimit 855638016
/dev/loop9: []: (/var/lib/snapd/snaps/core20_2769.snap)
/dev/loop16: []: (/ewf1), offset 33619968, sizelimit 855638016
/dev/loop7: []: (/var/lib/snapd/snaps/gnome-3-38-2004_140.snap)
/dev/loop14: []: (/var/lib/snapd/snaps/snap-store_1216.snap)
/dev/loop5: []: (/var/lib/snapd/snaps/core20_2717.snap)
/dev/loop22: []: (/var/lib/snapd/snaps/gnome-46-2404_153.snap)
/dev/loop12: []: (/var/lib/snapd/snaps/gtk-common-themes_1535.snap)
/dev/loop3: []: (/var/lib/snapd/snaps/gnome-42-2204_247.snap)
/dev/loop20: []: (/var/lib/snapd/snaps/firefox_8054.snap)
/dev/loop10: []: (/var/lib/snapd/snaps/gnome-42-2204_202.snap)
[KERNEL ERRORS]
----------------------------------------------------------

--- CHECKPOINT: 11/05/2026 12:57:19 ---
[DOCKER STATS]
[HOST RAM]
               total        used        free      shared  buff/cache   available
Mem:            62Gi       1,3Gi        20Gi       5,0Mi        41Gi        60Gi
Swap:           14Gi       5,0Mi        14Gi
[LOOP DEVICES]
/dev/loop1: []: (/var/lib/snapd/snaps/snapd_26382.snap)
/dev/loop19: []: (/ewf1), offset 33619968, sizelimit 855638016
/dev/loop75: []: (/var/lib/snapd/snaps/firefox_8191.snap)
/dev/loop17: []: (/ewf1), offset 33619968, sizelimit 855638016
/dev/loop45: []: (/var/lib/snapd/snaps/snapd-desktop-integration_361.snap)
/dev/loop73: []: (/ewf1), offset 33619968, sizelimit 855638016
/dev/loop8: []: (/var/lib/snapd/snaps/gnome-3-38-2004_143.snap)
/dev/loop35: []: (/var/lib/snapd/snaps/snapd-desktop-integration_357.snap)
/dev/loop15: []: (/var/lib/snapd/snaps/core22_2411.snap)
/dev/loop43: []: (/var/lib/snapd/snaps/firefox_8107.snap)
/dev/loop6: []: (/var/lib/snapd/snaps/core24_1499.snap)
/dev/loop23: []: (/ewf1), offset 33619968, sizelimit 855638016
/dev/loop13: []: (/var/lib/snapd/snaps/snap-store_1113.snap)
/dev/loop4: []: (/var/lib/snapd/snaps/core22_2045.snap)
/dev/loop31: []: (/var/lib/snapd/snaps/core24_1587.snap)
/dev/loop21: []: (/var/lib/snapd/snaps/mesa-2404_1165.snap)
/dev/loop11: []: (/var/lib/snapd/snaps/gtk-common-themes_1534.snap)
/dev/loop2: []: (/ewf1), offset 33619968, sizelimit 855638016
/dev/loop58: []: (/var/lib/snapd/snaps/snapd_26865.snap)
/dev/loop0: []: (/var/lib/snapd/snaps/bare_5.snap)
/dev/loop18: []: (/ewf1), offset 33619968, sizelimit 855638016
/dev/loop9: []: (/var/lib/snapd/snaps/core20_2769.snap)
/dev/loop16: []: (/ewf1), offset 33619968, sizelimit 855638016
/dev/loop7: []: (/var/lib/snapd/snaps/gnome-3-38-2004_140.snap)
/dev/loop14: []: (/var/lib/snapd/snaps/snap-store_1216.snap)
/dev/loop5: []: (/var/lib/snapd/snaps/core20_2717.snap)
/dev/loop22: []: (/var/lib/snapd/snaps/gnome-46-2404_153.snap)
/dev/loop12: []: (/var/lib/snapd/snaps/gtk-common-themes_1535.snap)
/dev/loop3: []: (/var/lib/snapd/snaps/gnome-42-2204_247.snap)
/dev/loop20: []: (/var/lib/snapd/snaps/firefox_8054.snap)
/dev/loop10: []: (/var/lib/snapd/snaps/gnome-42-2204_202.snap)
[KERNEL ERRORS]
----------------------------------------------------------

--- CHECKPOINT: 11/05/2026 13:02:19 ---
[DOCKER STATS]
[HOST RAM]
               total        used        free      shared  buff/cache   available
Mem:            62Gi       1,3Gi        20Gi       5,0Mi        41Gi        60Gi
Swap:           14Gi       5,0Mi        14Gi
[LOOP DEVICES]
/dev/loop1: []: (/var/lib/snapd/snaps/snapd_26382.snap)
/dev/loop19: []: (/ewf1), offset 33619968, sizelimit 855638016
/dev/loop75: []: (/var/lib/snapd/snaps/firefox_8191.snap)
/dev/loop17: []: (/ewf1), offset 33619968, sizelimit 855638016
/dev/loop45: []: (/var/lib/snapd/snaps/snapd-desktop-integration_361.snap)
/dev/loop73: []: (/ewf1), offset 33619968, sizelimit 855638016
/dev/loop8: []: (/var/lib/snapd/snaps/gnome-3-38-2004_143.snap)
/dev/loop35: []: (/var/lib/snapd/snaps/snapd-desktop-integration_357.snap)
/dev/loop15: []: (/var/lib/snapd/snaps/core22_2411.snap)
/dev/loop43: []: (/var/lib/snapd/snaps/firefox_8107.snap)
/dev/loop6: []: (/var/lib/snapd/snaps/core24_1499.snap)
/dev/loop23: []: (/ewf1), offset 33619968, sizelimit 855638016
/dev/loop13: []: (/var/lib/snapd/snaps/snap-store_1113.snap)
/dev/loop4: []: (/var/lib/snapd/snaps/core22_2045.snap)
/dev/loop31: []: (/var/lib/snapd/snaps/core24_1587.snap)
/dev/loop21: []: (/var/lib/snapd/snaps/mesa-2404_1165.snap)
/dev/loop11: []: (/var/lib/snapd/snaps/gtk-common-themes_1534.snap)
/dev/loop2: []: (/ewf1), offset 33619968, sizelimit 855638016
/dev/loop58: []: (/var/lib/snapd/snaps/snapd_26865.snap)
/dev/loop0: []: (/var/lib/snapd/snaps/bare_5.snap)
/dev/loop18: []: (/ewf1), offset 33619968, sizelimit 855638016
/dev/loop9: []: (/var/lib/snapd/snaps/core20_2769.snap)
/dev/loop16: []: (/ewf1), offset 33619968, sizelimit 855638016
/dev/loop7: []: (/var/lib/snapd/snaps/gnome-3-38-2004_140.snap)
/dev/loop14: []: (/var/lib/snapd/snaps/snap-store_1216.snap)
/dev/loop5: []: (/var/lib/snapd/snaps/core20_2717.snap)
/dev/loop22: []: (/var/lib/snapd/snaps/gnome-46-2404_153.snap)
/dev/loop12: []: (/var/lib/snapd/snaps/gtk-common-themes_1535.snap)
/dev/loop3: []: (/var/lib/snapd/snaps/gnome-42-2204_247.snap)
/dev/loop20: []: (/var/lib/snapd/snaps/firefox_8054.snap)
/dev/loop10: []: (/var/lib/snapd/snaps/gnome-42-2204_202.snap)
[KERNEL ERRORS]
----------------------------------------------------------

--- CHECKPOINT: 11/05/2026 13:07:19 ---
[DOCKER STATS]
[HOST RAM]
               total        used        free      shared  buff/cache   available
Mem:            62Gi       1,3Gi        20Gi       5,0Mi        41Gi        60Gi
Swap:           14Gi       5,0Mi        14Gi
[LOOP DEVICES]
/dev/loop1: []: (/var/lib/snapd/snaps/snapd_26382.snap)
/dev/loop19: []: (/ewf1), offset 33619968, sizelimit 855638016
/dev/loop75: []: (/var/lib/snapd/snaps/firefox_8191.snap)
/dev/loop17: []: (/ewf1), offset 33619968, sizelimit 855638016
/dev/loop45: []: (/var/lib/snapd/snaps/snapd-desktop-integration_361.snap)
/dev/loop73: []: (/ewf1), offset 33619968, sizelimit 855638016
/dev/loop8: []: (/var/lib/snapd/snaps/gnome-3-38-2004_143.snap)
/dev/loop35: []: (/var/lib/snapd/snaps/snapd-desktop-integration_357.snap)
/dev/loop15: []: (/var/lib/snapd/snaps/core22_2411.snap)
/dev/loop43: []: (/var/lib/snapd/snaps/firefox_8107.snap)
/dev/loop6: []: (/var/lib/snapd/snaps/core24_1499.snap)
/dev/loop23: []: (/ewf1), offset 33619968, sizelimit 855638016
/dev/loop13: []: (/var/lib/snapd/snaps/snap-store_1113.snap)
/dev/loop4: []: (/var/lib/snapd/snaps/core22_2045.snap)
/dev/loop31: []: (/var/lib/snapd/snaps/core24_1587.snap)
/dev/loop21: []: (/var/lib/snapd/snaps/mesa-2404_1165.snap)
/dev/loop11: []: (/var/lib/snapd/snaps/gtk-common-themes_1534.snap)
/dev/loop2: []: (/ewf1), offset 33619968, sizelimit 855638016
/dev/loop58: []: (/var/lib/snapd/snaps/snapd_26865.snap)
/dev/loop0: []: (/var/lib/snapd/snaps/bare_5.snap)
/dev/loop18: []: (/ewf1), offset 33619968, sizelimit 855638016
/dev/loop9: []: (/var/lib/snapd/snaps/core20_2769.snap)
/dev/loop16: []: (/ewf1), offset 33619968, sizelimit 855638016
/dev/loop7: []: (/var/lib/snapd/snaps/gnome-3-38-2004_140.snap)
/dev/loop14: []: (/var/lib/snapd/snaps/snap-store_1216.snap)
/dev/loop5: []: (/var/lib/snapd/snaps/core20_2717.snap)
/dev/loop22: []: (/var/lib/snapd/snaps/gnome-46-2404_153.snap)
/dev/loop12: []: (/var/lib/snapd/snaps/gtk-common-themes_1535.snap)
/dev/loop3: []: (/var/lib/snapd/snaps/gnome-42-2204_247.snap)
/dev/loop20: []: (/var/lib/snapd/snaps/firefox_8054.snap)
/dev/loop10: []: (/var/lib/snapd/snaps/gnome-42-2204_202.snap)
[KERNEL ERRORS]
----------------------------------------------------------

--- CHECKPOINT: 11/05/2026 13:12:19 ---
[DOCKER STATS]
[HOST RAM]
               total        used        free      shared  buff/cache   available
Mem:            62Gi       1,3Gi        20Gi       5,0Mi        41Gi        60Gi
Swap:           14Gi       5,0Mi        14Gi
[LOOP DEVICES]
/dev/loop1: []: (/var/lib/snapd/snaps/snapd_26382.snap)
/dev/loop19: []: (/ewf1), offset 33619968, sizelimit 855638016
/dev/loop75: []: (/var/lib/snapd/snaps/firefox_8191.snap)
/dev/loop17: []: (/ewf1), offset 33619968, sizelimit 855638016
/dev/loop45: []: (/var/lib/snapd/snaps/snapd-desktop-integration_361.snap)
/dev/loop73: []: (/ewf1), offset 33619968, sizelimit 855638016
/dev/loop8: []: (/var/lib/snapd/snaps/gnome-3-38-2004_143.snap)
/dev/loop35: []: (/var/lib/snapd/snaps/snapd-desktop-integration_357.snap)
/dev/loop15: []: (/var/lib/snapd/snaps/core22_2411.snap)
/dev/loop43: []: (/var/lib/snapd/snaps/firefox_8107.snap)
/dev/loop6: []: (/var/lib/snapd/snaps/core24_1499.snap)
/dev/loop23: []: (/ewf1), offset 33619968, sizelimit 855638016
/dev/loop13: []: (/var/lib/snapd/snaps/snap-store_1113.snap)
/dev/loop4: []: (/var/lib/snapd/snaps/core22_2045.snap)
/dev/loop31: []: (/var/lib/snapd/snaps/core24_1587.snap)
/dev/loop21: []: (/var/lib/snapd/snaps/mesa-2404_1165.snap)
/dev/loop11: []: (/var/lib/snapd/snaps/gtk-common-themes_1534.snap)
/dev/loop2: []: (/ewf1), offset 33619968, sizelimit 855638016
/dev/loop58: []: (/var/lib/snapd/snaps/snapd_26865.snap)
/dev/loop0: []: (/var/lib/snapd/snaps/bare_5.snap)
/dev/loop18: []: (/ewf1), offset 33619968, sizelimit 855638016
/dev/loop9: []: (/var/lib/snapd/snaps/core20_2769.snap)
/dev/loop16: []: (/ewf1), offset 33619968, sizelimit 855638016
/dev/loop7: []: (/var/lib/snapd/snaps/gnome-3-38-2004_140.snap)
/dev/loop14: []: (/var/lib/snapd/snaps/snap-store_1216.snap)
/dev/loop5: []: (/var/lib/snapd/snaps/core20_2717.snap)
/dev/loop22: []: (/var/lib/snapd/snaps/gnome-46-2404_153.snap)
/dev/loop12: []: (/var/lib/snapd/snaps/gtk-common-themes_1535.snap)
/dev/loop3: []: (/var/lib/snapd/snaps/gnome-42-2204_247.snap)
/dev/loop20: []: (/var/lib/snapd/snaps/firefox_8054.snap)
/dev/loop10: []: (/var/lib/snapd/snaps/gnome-42-2204_202.snap)
[KERNEL ERRORS]
----------------------------------------------------------

--- CHECKPOINT: 11/05/2026 13:17:19 ---
[DOCKER STATS]
[HOST RAM]
               total        used        free      shared  buff/cache   available
Mem:            62Gi       1,3Gi        20Gi       5,0Mi        41Gi        60Gi
Swap:           14Gi       5,0Mi        14Gi
[LOOP DEVICES]
/dev/loop1: []: (/var/lib/snapd/snaps/snapd_26382.snap)
/dev/loop19: []: (/ewf1), offset 33619968, sizelimit 855638016
/dev/loop75: []: (/var/lib/snapd/snaps/firefox_8191.snap)
/dev/loop17: []: (/ewf1), offset 33619968, sizelimit 855638016
/dev/loop45: []: (/var/lib/snapd/snaps/snapd-desktop-integration_361.snap)
/dev/loop73: []: (/ewf1), offset 33619968, sizelimit 855638016
/dev/loop8: []: (/var/lib/snapd/snaps/gnome-3-38-2004_143.snap)
/dev/loop35: []: (/var/lib/snapd/snaps/snapd-desktop-integration_357.snap)
/dev/loop15: []: (/var/lib/snapd/snaps/core22_2411.snap)
/dev/loop43: []: (/var/lib/snapd/snaps/firefox_8107.snap)
/dev/loop6: []: (/var/lib/snapd/snaps/core24_1499.snap)
/dev/loop23: []: (/ewf1), offset 33619968, sizelimit 855638016
/dev/loop13: []: (/var/lib/snapd/snaps/snap-store_1113.snap)
/dev/loop4: []: (/var/lib/snapd/snaps/core22_2045.snap)
/dev/loop31: []: (/var/lib/snapd/snaps/core24_1587.snap)
/dev/loop21: []: (/var/lib/snapd/snaps/mesa-2404_1165.snap)
/dev/loop11: []: (/var/lib/snapd/snaps/gtk-common-themes_1534.snap)
/dev/loop2: []: (/ewf1), offset 33619968, sizelimit 855638016
/dev/loop58: []: (/var/lib/snapd/snaps/snapd_26865.snap)
/dev/loop0: []: (/var/lib/snapd/snaps/bare_5.snap)
/dev/loop18: []: (/ewf1), offset 33619968, sizelimit 855638016
/dev/loop9: []: (/var/lib/snapd/snaps/core20_2769.snap)
/dev/loop16: []: (/ewf1), offset 33619968, sizelimit 855638016
/dev/loop7: []: (/var/lib/snapd/snaps/gnome-3-38-2004_140.snap)
/dev/loop14: []: (/var/lib/snapd/snaps/snap-store_1216.snap)
/dev/loop5: []: (/var/lib/snapd/snaps/core20_2717.snap)
/dev/loop22: []: (/var/lib/snapd/snaps/gnome-46-2404_153.snap)
/dev/loop12: []: (/var/lib/snapd/snaps/gtk-common-themes_1535.snap)
/dev/loop3: []: (/var/lib/snapd/snaps/gnome-42-2204_247.snap)
/dev/loop20: []: (/var/lib/snapd/snaps/firefox_8054.snap)
/dev/loop10: []: (/var/lib/snapd/snaps/gnome-42-2204_202.snap)
[KERNEL ERRORS]
----------------------------------------------------------

--- CHECKPOINT: 11/05/2026 13:22:19 ---
[DOCKER STATS]
[HOST RAM]
               total        used        free      shared  buff/cache   available
Mem:            62Gi       1,3Gi        20Gi       5,0Mi        41Gi        60Gi
Swap:           14Gi       5,0Mi        14Gi
[LOOP DEVICES]
/dev/loop1: []: (/var/lib/snapd/snaps/snapd_26382.snap)
/dev/loop19: []: (/ewf1), offset 33619968, sizelimit 855638016
/dev/loop75: []: (/var/lib/snapd/snaps/firefox_8191.snap)
/dev/loop17: []: (/ewf1), offset 33619968, sizelimit 855638016
/dev/loop45: []: (/var/lib/snapd/snaps/snapd-desktop-integration_361.snap)
/dev/loop73: []: (/ewf1), offset 33619968, sizelimit 855638016
/dev/loop8: []: (/var/lib/snapd/snaps/gnome-3-38-2004_143.snap)
/dev/loop35: []: (/var/lib/snapd/snaps/snapd-desktop-integration_357.snap)
/dev/loop15: []: (/var/lib/snapd/snaps/core22_2411.snap)
/dev/loop43: []: (/var/lib/snapd/snaps/firefox_8107.snap)
/dev/loop6: []: (/var/lib/snapd/snaps/core24_1499.snap)
/dev/loop23: []: (/ewf1), offset 33619968, sizelimit 855638016
/dev/loop13: []: (/var/lib/snapd/snaps/snap-store_1113.snap)
/dev/loop4: []: (/var/lib/snapd/snaps/core22_2045.snap)
/dev/loop31: []: (/var/lib/snapd/snaps/core24_1587.snap)
/dev/loop21: []: (/var/lib/snapd/snaps/mesa-2404_1165.snap)
/dev/loop11: []: (/var/lib/snapd/snaps/gtk-common-themes_1534.snap)
/dev/loop2: []: (/ewf1), offset 33619968, sizelimit 855638016
/dev/loop58: []: (/var/lib/snapd/snaps/snapd_26865.snap)
/dev/loop0: []: (/var/lib/snapd/snaps/bare_5.snap)
/dev/loop18: []: (/ewf1), offset 33619968, sizelimit 855638016
/dev/loop9: []: (/var/lib/snapd/snaps/core20_2769.snap)
/dev/loop16: []: (/ewf1), offset 33619968, sizelimit 855638016
/dev/loop7: []: (/var/lib/snapd/snaps/gnome-3-38-2004_140.snap)
/dev/loop14: []: (/var/lib/snapd/snaps/snap-store_1216.snap)
/dev/loop5: []: (/var/lib/snapd/snaps/core20_2717.snap)
/dev/loop22: []: (/var/lib/snapd/snaps/gnome-46-2404_153.snap)
/dev/loop12: []: (/var/lib/snapd/snaps/gtk-common-themes_1535.snap)
/dev/loop3: []: (/var/lib/snapd/snaps/gnome-42-2204_247.snap)
/dev/loop20: []: (/var/lib/snapd/snaps/firefox_8054.snap)
/dev/loop10: []: (/var/lib/snapd/snaps/gnome-42-2204_202.snap)
[KERNEL ERRORS]
----------------------------------------------------------

--- CHECKPOINT: 11/05/2026 13:27:19 ---
[DOCKER STATS]
[HOST RAM]
               total        used        free      shared  buff/cache   available
Mem:            62Gi       1,3Gi        20Gi       5,0Mi        41Gi        60Gi
Swap:           14Gi       5,0Mi        14Gi
[LOOP DEVICES]
/dev/loop1: []: (/var/lib/snapd/snaps/snapd_26382.snap)
/dev/loop19: []: (/ewf1), offset 33619968, sizelimit 855638016
/dev/loop75: []: (/var/lib/snapd/snaps/firefox_8191.snap)
/dev/loop17: []: (/ewf1), offset 33619968, sizelimit 855638016
/dev/loop45: []: (/var/lib/snapd/snaps/snapd-desktop-integration_361.snap)
/dev/loop73: []: (/ewf1), offset 33619968, sizelimit 855638016
/dev/loop8: []: (/var/lib/snapd/snaps/gnome-3-38-2004_143.snap)
/dev/loop35: []: (/var/lib/snapd/snaps/snapd-desktop-integration_357.snap)
/dev/loop15: []: (/var/lib/snapd/snaps/core22_2411.snap)
/dev/loop43: []: (/var/lib/snapd/snaps/firefox_8107.snap)
/dev/loop6: []: (/var/lib/snapd/snaps/core24_1499.snap)
/dev/loop23: []: (/ewf1), offset 33619968, sizelimit 855638016
/dev/loop13: []: (/var/lib/snapd/snaps/snap-store_1113.snap)
/dev/loop4: []: (/var/lib/snapd/snaps/core22_2045.snap)
/dev/loop31: []: (/var/lib/snapd/snaps/core24_1587.snap)
/dev/loop21: []: (/var/lib/snapd/snaps/mesa-2404_1165.snap)
/dev/loop11: []: (/var/lib/snapd/snaps/gtk-common-themes_1534.snap)
/dev/loop2: []: (/ewf1), offset 33619968, sizelimit 855638016
/dev/loop58: []: (/var/lib/snapd/snaps/snapd_26865.snap)
/dev/loop0: []: (/var/lib/snapd/snaps/bare_5.snap)
/dev/loop18: []: (/ewf1), offset 33619968, sizelimit 855638016
/dev/loop9: []: (/var/lib/snapd/snaps/core20_2769.snap)
/dev/loop16: []: (/ewf1), offset 33619968, sizelimit 855638016
/dev/loop7: []: (/var/lib/snapd/snaps/gnome-3-38-2004_140.snap)
/dev/loop14: []: (/var/lib/snapd/snaps/snap-store_1216.snap)
/dev/loop5: []: (/var/lib/snapd/snaps/core20_2717.snap)
/dev/loop22: []: (/var/lib/snapd/snaps/gnome-46-2404_153.snap)
/dev/loop12: []: (/var/lib/snapd/snaps/gtk-common-themes_1535.snap)
/dev/loop3: []: (/var/lib/snapd/snaps/gnome-42-2204_247.snap)
/dev/loop20: []: (/var/lib/snapd/snaps/firefox_8054.snap)
/dev/loop10: []: (/var/lib/snapd/snaps/gnome-42-2204_202.snap)
[KERNEL ERRORS]
----------------------------------------------------------

--- CHECKPOINT: 11/05/2026 13:32:19 ---
[DOCKER STATS]
[HOST RAM]
               total        used        free      shared  buff/cache   available
Mem:            62Gi       1,3Gi        20Gi       5,0Mi        41Gi        60Gi
Swap:           14Gi       5,0Mi        14Gi
[LOOP DEVICES]
/dev/loop1: []: (/var/lib/snapd/snaps/snapd_26382.snap)
/dev/loop19: []: (/ewf1), offset 33619968, sizelimit 855638016
/dev/loop75: []: (/var/lib/snapd/snaps/firefox_8191.snap)
/dev/loop17: []: (/ewf1), offset 33619968, sizelimit 855638016
/dev/loop45: []: (/var/lib/snapd/snaps/snapd-desktop-integration_361.snap)
/dev/loop73: []: (/ewf1), offset 33619968, sizelimit 855638016
/dev/loop8: []: (/var/lib/snapd/snaps/gnome-3-38-2004_143.snap)
/dev/loop35: []: (/var/lib/snapd/snaps/snapd-desktop-integration_357.snap)
/dev/loop15: []: (/var/lib/snapd/snaps/core22_2411.snap)
/dev/loop43: []: (/var/lib/snapd/snaps/firefox_8107.snap)
/dev/loop6: []: (/var/lib/snapd/snaps/core24_1499.snap)
/dev/loop23: []: (/ewf1), offset 33619968, sizelimit 855638016
/dev/loop13: []: (/var/lib/snapd/snaps/snap-store_1113.snap)
/dev/loop4: []: (/var/lib/snapd/snaps/core22_2045.snap)
/dev/loop31: []: (/var/lib/snapd/snaps/core24_1587.snap)
/dev/loop21: []: (/var/lib/snapd/snaps/mesa-2404_1165.snap)
/dev/loop11: []: (/var/lib/snapd/snaps/gtk-common-themes_1534.snap)
/dev/loop2: []: (/ewf1), offset 33619968, sizelimit 855638016
/dev/loop58: []: (/var/lib/snapd/snaps/snapd_26865.snap)
/dev/loop0: []: (/var/lib/snapd/snaps/bare_5.snap)
/dev/loop18: []: (/ewf1), offset 33619968, sizelimit 855638016
/dev/loop9: []: (/var/lib/snapd/snaps/core20_2769.snap)
/dev/loop16: []: (/ewf1), offset 33619968, sizelimit 855638016
/dev/loop7: []: (/var/lib/snapd/snaps/gnome-3-38-2004_140.snap)
/dev/loop14: []: (/var/lib/snapd/snaps/snap-store_1216.snap)
/dev/loop5: []: (/var/lib/snapd/snaps/core20_2717.snap)
/dev/loop22: []: (/var/lib/snapd/snaps/gnome-46-2404_153.snap)
/dev/loop12: []: (/var/lib/snapd/snaps/gtk-common-themes_1535.snap)
/dev/loop3: []: (/var/lib/snapd/snaps/gnome-42-2204_247.snap)
/dev/loop20: []: (/var/lib/snapd/snaps/firefox_8054.snap)
/dev/loop10: []: (/var/lib/snapd/snaps/gnome-42-2204_202.snap)
[KERNEL ERRORS]
----------------------------------------------------------

--- CHECKPOINT: 11/05/2026 13:37:19 ---
[DOCKER STATS]
[HOST RAM]
               total        used        free      shared  buff/cache   available
Mem:            62Gi       1,3Gi        20Gi       5,0Mi        41Gi        60Gi
Swap:           14Gi       5,0Mi        14Gi
[LOOP DEVICES]
/dev/loop1: []: (/var/lib/snapd/snaps/snapd_26382.snap)
/dev/loop19: []: (/ewf1), offset 33619968, sizelimit 855638016
/dev/loop75: []: (/var/lib/snapd/snaps/firefox_8191.snap)
/dev/loop17: []: (/ewf1), offset 33619968, sizelimit 855638016
/dev/loop45: []: (/var/lib/snapd/snaps/snapd-desktop-integration_361.snap)
/dev/loop73: []: (/ewf1), offset 33619968, sizelimit 855638016
/dev/loop8: []: (/var/lib/snapd/snaps/gnome-3-38-2004_143.snap)
/dev/loop35: []: (/var/lib/snapd/snaps/snapd-desktop-integration_357.snap)
/dev/loop15: []: (/var/lib/snapd/snaps/core22_2411.snap)
/dev/loop43: []: (/var/lib/snapd/snaps/firefox_8107.snap)
/dev/loop6: []: (/var/lib/snapd/snaps/core24_1499.snap)
/dev/loop23: []: (/ewf1), offset 33619968, sizelimit 855638016
/dev/loop13: []: (/var/lib/snapd/snaps/snap-store_1113.snap)
/dev/loop4: []: (/var/lib/snapd/snaps/core22_2045.snap)
/dev/loop31: []: (/var/lib/snapd/snaps/core24_1587.snap)
/dev/loop21: []: (/var/lib/snapd/snaps/mesa-2404_1165.snap)
/dev/loop11: []: (/var/lib/snapd/snaps/gtk-common-themes_1534.snap)
/dev/loop2: []: (/ewf1), offset 33619968, sizelimit 855638016
/dev/loop58: []: (/var/lib/snapd/snaps/snapd_26865.snap)
/dev/loop0: []: (/var/lib/snapd/snaps/bare_5.snap)
/dev/loop18: []: (/ewf1), offset 33619968, sizelimit 855638016
/dev/loop9: []: (/var/lib/snapd/snaps/core20_2769.snap)
/dev/loop16: []: (/ewf1), offset 33619968, sizelimit 855638016
/dev/loop7: []: (/var/lib/snapd/snaps/gnome-3-38-2004_140.snap)
/dev/loop14: []: (/var/lib/snapd/snaps/snap-store_1216.snap)
/dev/loop5: []: (/var/lib/snapd/snaps/core20_2717.snap)
/dev/loop22: []: (/var/lib/snapd/snaps/gnome-46-2404_153.snap)
/dev/loop12: []: (/var/lib/snapd/snaps/gtk-common-themes_1535.snap)
/dev/loop3: []: (/var/lib/snapd/snaps/gnome-42-2204_247.snap)
/dev/loop20: []: (/var/lib/snapd/snaps/firefox_8054.snap)
/dev/loop10: []: (/var/lib/snapd/snaps/gnome-42-2204_202.snap)
[KERNEL ERRORS]
----------------------------------------------------------

--- CHECKPOINT: 11/05/2026 13:42:20 ---
[DOCKER STATS]
[HOST RAM]
               total        used        free      shared  buff/cache   available
Mem:            62Gi       1,3Gi        20Gi       5,0Mi        41Gi        60Gi
Swap:           14Gi       5,0Mi        14Gi
[LOOP DEVICES]
/dev/loop1: []: (/var/lib/snapd/snaps/snapd_26382.snap)
/dev/loop19: []: (/ewf1), offset 33619968, sizelimit 855638016
/dev/loop75: []: (/var/lib/snapd/snaps/firefox_8191.snap)
/dev/loop17: []: (/ewf1), offset 33619968, sizelimit 855638016
/dev/loop45: []: (/var/lib/snapd/snaps/snapd-desktop-integration_361.snap)
/dev/loop73: []: (/ewf1), offset 33619968, sizelimit 855638016
/dev/loop8: []: (/var/lib/snapd/snaps/gnome-3-38-2004_143.snap)
/dev/loop35: []: (/var/lib/snapd/snaps/snapd-desktop-integration_357.snap)
/dev/loop15: []: (/var/lib/snapd/snaps/core22_2411.snap)
/dev/loop43: []: (/var/lib/snapd/snaps/firefox_8107.snap)
/dev/loop6: []: (/var/lib/snapd/snaps/core24_1499.snap)
/dev/loop23: []: (/ewf1), offset 33619968, sizelimit 855638016
/dev/loop13: []: (/var/lib/snapd/snaps/snap-store_1113.snap)
/dev/loop4: []: (/var/lib/snapd/snaps/core22_2045.snap)
/dev/loop31: []: (/var/lib/snapd/snaps/core24_1587.snap)
/dev/loop21: []: (/var/lib/snapd/snaps/mesa-2404_1165.snap)
/dev/loop11: []: (/var/lib/snapd/snaps/gtk-common-themes_1534.snap)
/dev/loop2: []: (/ewf1), offset 33619968, sizelimit 855638016
/dev/loop58: []: (/var/lib/snapd/snaps/snapd_26865.snap)
/dev/loop0: []: (/var/lib/snapd/snaps/bare_5.snap)
/dev/loop18: []: (/ewf1), offset 33619968, sizelimit 855638016
/dev/loop9: []: (/var/lib/snapd/snaps/core20_2769.snap)
/dev/loop16: []: (/ewf1), offset 33619968, sizelimit 855638016
/dev/loop7: []: (/var/lib/snapd/snaps/gnome-3-38-2004_140.snap)
/dev/loop14: []: (/var/lib/snapd/snaps/snap-store_1216.snap)
/dev/loop5: []: (/var/lib/snapd/snaps/core20_2717.snap)
/dev/loop22: []: (/var/lib/snapd/snaps/gnome-46-2404_153.snap)
/dev/loop12: []: (/var/lib/snapd/snaps/gtk-common-themes_1535.snap)
/dev/loop3: []: (/var/lib/snapd/snaps/gnome-42-2204_247.snap)
/dev/loop20: []: (/var/lib/snapd/snaps/firefox_8054.snap)
/dev/loop10: []: (/var/lib/snapd/snaps/gnome-42-2204_202.snap)
[KERNEL ERRORS]
----------------------------------------------------------

--- CHECKPOINT: 11/05/2026 13:47:20 ---
[DOCKER STATS]
[HOST RAM]
               total        used        free      shared  buff/cache   available
Mem:            62Gi       1,3Gi        20Gi       5,0Mi        41Gi        60Gi
Swap:           14Gi       5,0Mi        14Gi
[LOOP DEVICES]
/dev/loop1: []: (/var/lib/snapd/snaps/snapd_26382.snap)
/dev/loop19: []: (/ewf1), offset 33619968, sizelimit 855638016
/dev/loop75: []: (/var/lib/snapd/snaps/firefox_8191.snap)
/dev/loop17: []: (/ewf1), offset 33619968, sizelimit 855638016
/dev/loop45: []: (/var/lib/snapd/snaps/snapd-desktop-integration_361.snap)
/dev/loop73: []: (/ewf1), offset 33619968, sizelimit 855638016
/dev/loop8: []: (/var/lib/snapd/snaps/gnome-3-38-2004_143.snap)
/dev/loop35: []: (/var/lib/snapd/snaps/snapd-desktop-integration_357.snap)
/dev/loop15: []: (/var/lib/snapd/snaps/core22_2411.snap)
/dev/loop43: []: (/var/lib/snapd/snaps/firefox_8107.snap)
/dev/loop6: []: (/var/lib/snapd/snaps/core24_1499.snap)
/dev/loop23: []: (/ewf1), offset 33619968, sizelimit 855638016
/dev/loop13: []: (/var/lib/snapd/snaps/snap-store_1113.snap)
/dev/loop4: []: (/var/lib/snapd/snaps/core22_2045.snap)
/dev/loop31: []: (/var/lib/snapd/snaps/core24_1587.snap)
/dev/loop21: []: (/var/lib/snapd/snaps/mesa-2404_1165.snap)
/dev/loop11: []: (/var/lib/snapd/snaps/gtk-common-themes_1534.snap)
/dev/loop2: []: (/ewf1), offset 33619968, sizelimit 855638016
/dev/loop58: []: (/var/lib/snapd/snaps/snapd_26865.snap)
/dev/loop0: []: (/var/lib/snapd/snaps/bare_5.snap)
/dev/loop18: []: (/ewf1), offset 33619968, sizelimit 855638016
/dev/loop9: []: (/var/lib/snapd/snaps/core20_2769.snap)
/dev/loop16: []: (/ewf1), offset 33619968, sizelimit 855638016
/dev/loop7: []: (/var/lib/snapd/snaps/gnome-3-38-2004_140.snap)
/dev/loop14: []: (/var/lib/snapd/snaps/snap-store_1216.snap)
/dev/loop5: []: (/var/lib/snapd/snaps/core20_2717.snap)
/dev/loop22: []: (/var/lib/snapd/snaps/gnome-46-2404_153.snap)
/dev/loop12: []: (/var/lib/snapd/snaps/gtk-common-themes_1535.snap)
/dev/loop3: []: (/var/lib/snapd/snaps/gnome-42-2204_247.snap)
/dev/loop20: []: (/var/lib/snapd/snaps/firefox_8054.snap)
/dev/loop10: []: (/var/lib/snapd/snaps/gnome-42-2204_202.snap)
[KERNEL ERRORS]
----------------------------------------------------------

--- CHECKPOINT: 11/05/2026 13:52:20 ---
[DOCKER STATS]
[HOST RAM]
               total        used        free      shared  buff/cache   available
Mem:            62Gi       1,3Gi        20Gi       5,0Mi        41Gi        60Gi
Swap:           14Gi       5,0Mi        14Gi
[LOOP DEVICES]
/dev/loop1: []: (/var/lib/snapd/snaps/snapd_26382.snap)
/dev/loop19: []: (/ewf1), offset 33619968, sizelimit 855638016
/dev/loop75: []: (/var/lib/snapd/snaps/firefox_8191.snap)
/dev/loop17: []: (/ewf1), offset 33619968, sizelimit 855638016
/dev/loop45: []: (/var/lib/snapd/snaps/snapd-desktop-integration_361.snap)
/dev/loop73: []: (/ewf1), offset 33619968, sizelimit 855638016
/dev/loop8: []: (/var/lib/snapd/snaps/gnome-3-38-2004_143.snap)
/dev/loop35: []: (/var/lib/snapd/snaps/snapd-desktop-integration_357.snap)
/dev/loop15: []: (/var/lib/snapd/snaps/core22_2411.snap)
/dev/loop43: []: (/var/lib/snapd/snaps/firefox_8107.snap)
/dev/loop6: []: (/var/lib/snapd/snaps/core24_1499.snap)
/dev/loop23: []: (/ewf1), offset 33619968, sizelimit 855638016
/dev/loop13: []: (/var/lib/snapd/snaps/snap-store_1113.snap)
/dev/loop4: []: (/var/lib/snapd/snaps/core22_2045.snap)
/dev/loop31: []: (/var/lib/snapd/snaps/core24_1587.snap)
/dev/loop21: []: (/var/lib/snapd/snaps/mesa-2404_1165.snap)
/dev/loop11: []: (/var/lib/snapd/snaps/gtk-common-themes_1534.snap)
/dev/loop2: []: (/ewf1), offset 33619968, sizelimit 855638016
/dev/loop58: []: (/var/lib/snapd/snaps/snapd_26865.snap)
/dev/loop0: []: (/var/lib/snapd/snaps/bare_5.snap)
/dev/loop18: []: (/ewf1), offset 33619968, sizelimit 855638016
/dev/loop9: []: (/var/lib/snapd/snaps/core20_2769.snap)
/dev/loop16: []: (/ewf1), offset 33619968, sizelimit 855638016
/dev/loop7: []: (/var/lib/snapd/snaps/gnome-3-38-2004_140.snap)
/dev/loop14: []: (/var/lib/snapd/snaps/snap-store_1216.snap)
/dev/loop5: []: (/var/lib/snapd/snaps/core20_2717.snap)
/dev/loop22: []: (/var/lib/snapd/snaps/gnome-46-2404_153.snap)
/dev/loop12: []: (/var/lib/snapd/snaps/gtk-common-themes_1535.snap)
/dev/loop3: []: (/var/lib/snapd/snaps/gnome-42-2204_247.snap)
/dev/loop20: []: (/var/lib/snapd/snaps/firefox_8054.snap)
/dev/loop10: []: (/var/lib/snapd/snaps/gnome-42-2204_202.snap)
[KERNEL ERRORS]
----------------------------------------------------------

--- CHECKPOINT: 11/05/2026 13:57:20 ---
[DOCKER STATS]
[HOST RAM]
               total        used        free      shared  buff/cache   available
Mem:            62Gi       1,3Gi        20Gi       5,0Mi        41Gi        60Gi
Swap:           14Gi       5,0Mi        14Gi
[LOOP DEVICES]
/dev/loop1: []: (/var/lib/snapd/snaps/snapd_26382.snap)
/dev/loop19: []: (/ewf1), offset 33619968, sizelimit 855638016
/dev/loop75: []: (/var/lib/snapd/snaps/firefox_8191.snap)
/dev/loop17: []: (/ewf1), offset 33619968, sizelimit 855638016
/dev/loop45: []: (/var/lib/snapd/snaps/snapd-desktop-integration_361.snap)
/dev/loop73: []: (/ewf1), offset 33619968, sizelimit 855638016
/dev/loop8: []: (/var/lib/snapd/snaps/gnome-3-38-2004_143.snap)
/dev/loop35: []: (/var/lib/snapd/snaps/snapd-desktop-integration_357.snap)
/dev/loop15: []: (/var/lib/snapd/snaps/core22_2411.snap)
/dev/loop43: []: (/var/lib/snapd/snaps/firefox_8107.snap)
/dev/loop6: []: (/var/lib/snapd/snaps/core24_1499.snap)
/dev/loop23: []: (/ewf1), offset 33619968, sizelimit 855638016
/dev/loop13: []: (/var/lib/snapd/snaps/snap-store_1113.snap)
/dev/loop4: []: (/var/lib/snapd/snaps/core22_2045.snap)
/dev/loop31: []: (/var/lib/snapd/snaps/core24_1587.snap)
/dev/loop21: []: (/var/lib/snapd/snaps/mesa-2404_1165.snap)
/dev/loop11: []: (/var/lib/snapd/snaps/gtk-common-themes_1534.snap)
/dev/loop2: []: (/ewf1), offset 33619968, sizelimit 855638016
/dev/loop58: []: (/var/lib/snapd/snaps/snapd_26865.snap)
/dev/loop0: []: (/var/lib/snapd/snaps/bare_5.snap)
/dev/loop18: []: (/ewf1), offset 33619968, sizelimit 855638016
/dev/loop9: []: (/var/lib/snapd/snaps/core20_2769.snap)
/dev/loop16: []: (/ewf1), offset 33619968, sizelimit 855638016
/dev/loop7: []: (/var/lib/snapd/snaps/gnome-3-38-2004_140.snap)
/dev/loop14: []: (/var/lib/snapd/snaps/snap-store_1216.snap)
/dev/loop5: []: (/var/lib/snapd/snaps/core20_2717.snap)
/dev/loop22: []: (/var/lib/snapd/snaps/gnome-46-2404_153.snap)
/dev/loop12: []: (/var/lib/snapd/snaps/gtk-common-themes_1535.snap)
/dev/loop3: []: (/var/lib/snapd/snaps/gnome-42-2204_247.snap)
/dev/loop20: []: (/var/lib/snapd/snaps/firefox_8054.snap)
/dev/loop10: []: (/var/lib/snapd/snaps/gnome-42-2204_202.snap)
[KERNEL ERRORS]
----------------------------------------------------------

--- CHECKPOINT: 11/05/2026 14:02:20 ---
[DOCKER STATS]
[HOST RAM]
               total        used        free      shared  buff/cache   available
Mem:            62Gi       1,3Gi        20Gi       5,0Mi        41Gi        60Gi
Swap:           14Gi       5,0Mi        14Gi
[LOOP DEVICES]
/dev/loop1: []: (/var/lib/snapd/snaps/snapd_26382.snap)
/dev/loop19: []: (/ewf1), offset 33619968, sizelimit 855638016
/dev/loop75: []: (/var/lib/snapd/snaps/firefox_8191.snap)
/dev/loop17: []: (/ewf1), offset 33619968, sizelimit 855638016
/dev/loop45: []: (/var/lib/snapd/snaps/snapd-desktop-integration_361.snap)
/dev/loop73: []: (/ewf1), offset 33619968, sizelimit 855638016
/dev/loop8: []: (/var/lib/snapd/snaps/gnome-3-38-2004_143.snap)
/dev/loop35: []: (/var/lib/snapd/snaps/snapd-desktop-integration_357.snap)
/dev/loop15: []: (/var/lib/snapd/snaps/core22_2411.snap)
/dev/loop43: []: (/var/lib/snapd/snaps/firefox_8107.snap)
/dev/loop6: []: (/var/lib/snapd/snaps/core24_1499.snap)
/dev/loop23: []: (/ewf1), offset 33619968, sizelimit 855638016
/dev/loop13: []: (/var/lib/snapd/snaps/snap-store_1113.snap)
/dev/loop4: []: (/var/lib/snapd/snaps/core22_2045.snap)
/dev/loop31: []: (/var/lib/snapd/snaps/core24_1587.snap)
/dev/loop21: []: (/var/lib/snapd/snaps/mesa-2404_1165.snap)
/dev/loop11: []: (/var/lib/snapd/snaps/gtk-common-themes_1534.snap)
/dev/loop2: []: (/ewf1), offset 33619968, sizelimit 855638016
/dev/loop58: []: (/var/lib/snapd/snaps/snapd_26865.snap)
/dev/loop0: []: (/var/lib/snapd/snaps/bare_5.snap)
/dev/loop18: []: (/ewf1), offset 33619968, sizelimit 855638016
/dev/loop9: []: (/var/lib/snapd/snaps/core20_2769.snap)
/dev/loop16: []: (/ewf1), offset 33619968, sizelimit 855638016
/dev/loop7: []: (/var/lib/snapd/snaps/gnome-3-38-2004_140.snap)
/dev/loop14: []: (/var/lib/snapd/snaps/snap-store_1216.snap)
/dev/loop5: []: (/var/lib/snapd/snaps/core20_2717.snap)
/dev/loop22: []: (/var/lib/snapd/snaps/gnome-46-2404_153.snap)
/dev/loop12: []: (/var/lib/snapd/snaps/gtk-common-themes_1535.snap)
/dev/loop3: []: (/var/lib/snapd/snaps/gnome-42-2204_247.snap)
/dev/loop20: []: (/var/lib/snapd/snaps/firefox_8054.snap)
/dev/loop10: []: (/var/lib/snapd/snaps/gnome-42-2204_202.snap)
[KERNEL ERRORS]
----------------------------------------------------------

--- CHECKPOINT: 11/05/2026 14:07:20 ---
[DOCKER STATS]
[HOST RAM]
               total        used        free      shared  buff/cache   available
Mem:            62Gi       1,3Gi        20Gi       5,0Mi        41Gi        60Gi
Swap:           14Gi       5,0Mi        14Gi
[LOOP DEVICES]
/dev/loop1: []: (/var/lib/snapd/snaps/snapd_26382.snap)
/dev/loop19: []: (/ewf1), offset 33619968, sizelimit 855638016
/dev/loop75: []: (/var/lib/snapd/snaps/firefox_8191.snap)
/dev/loop17: []: (/ewf1), offset 33619968, sizelimit 855638016
/dev/loop45: []: (/var/lib/snapd/snaps/snapd-desktop-integration_361.snap)
/dev/loop73: []: (/ewf1), offset 33619968, sizelimit 855638016
/dev/loop8: []: (/var/lib/snapd/snaps/gnome-3-38-2004_143.snap)
/dev/loop35: []: (/var/lib/snapd/snaps/snapd-desktop-integration_357.snap)
/dev/loop15: []: (/var/lib/snapd/snaps/core22_2411.snap)
/dev/loop43: []: (/var/lib/snapd/snaps/firefox_8107.snap)
/dev/loop6: []: (/var/lib/snapd/snaps/core24_1499.snap)
/dev/loop23: []: (/ewf1), offset 33619968, sizelimit 855638016
/dev/loop13: []: (/var/lib/snapd/snaps/snap-store_1113.snap)
/dev/loop4: []: (/var/lib/snapd/snaps/core22_2045.snap)
/dev/loop31: []: (/var/lib/snapd/snaps/core24_1587.snap)
/dev/loop21: []: (/var/lib/snapd/snaps/mesa-2404_1165.snap)
/dev/loop11: []: (/var/lib/snapd/snaps/gtk-common-themes_1534.snap)
/dev/loop2: []: (/ewf1), offset 33619968, sizelimit 855638016
/dev/loop58: []: (/var/lib/snapd/snaps/snapd_26865.snap)
/dev/loop0: []: (/var/lib/snapd/snaps/bare_5.snap)
/dev/loop18: []: (/ewf1), offset 33619968, sizelimit 855638016
/dev/loop9: []: (/var/lib/snapd/snaps/core20_2769.snap)
/dev/loop16: []: (/ewf1), offset 33619968, sizelimit 855638016
/dev/loop7: []: (/var/lib/snapd/snaps/gnome-3-38-2004_140.snap)
/dev/loop14: []: (/var/lib/snapd/snaps/snap-store_1216.snap)
/dev/loop5: []: (/var/lib/snapd/snaps/core20_2717.snap)
/dev/loop22: []: (/var/lib/snapd/snaps/gnome-46-2404_153.snap)
/dev/loop12: []: (/var/lib/snapd/snaps/gtk-common-themes_1535.snap)
/dev/loop3: []: (/var/lib/snapd/snaps/gnome-42-2204_247.snap)
/dev/loop20: []: (/var/lib/snapd/snaps/firefox_8054.snap)
/dev/loop10: []: (/var/lib/snapd/snaps/gnome-42-2204_202.snap)
[KERNEL ERRORS]
----------------------------------------------------------

--- CHECKPOINT: 11/05/2026 14:12:20 ---
[DOCKER STATS]
[HOST RAM]
               total        used        free      shared  buff/cache   available
Mem:            62Gi       1,3Gi        20Gi       5,0Mi        41Gi        60Gi
Swap:           14Gi       5,0Mi        14Gi
[LOOP DEVICES]
/dev/loop1: []: (/var/lib/snapd/snaps/snapd_26382.snap)
/dev/loop19: []: (/ewf1), offset 33619968, sizelimit 855638016
/dev/loop75: []: (/var/lib/snapd/snaps/firefox_8191.snap)
/dev/loop17: []: (/ewf1), offset 33619968, sizelimit 855638016
/dev/loop45: []: (/var/lib/snapd/snaps/snapd-desktop-integration_361.snap)
/dev/loop73: []: (/ewf1), offset 33619968, sizelimit 855638016
/dev/loop8: []: (/var/lib/snapd/snaps/gnome-3-38-2004_143.snap)
/dev/loop35: []: (/var/lib/snapd/snaps/snapd-desktop-integration_357.snap)
/dev/loop15: []: (/var/lib/snapd/snaps/core22_2411.snap)
/dev/loop43: []: (/var/lib/snapd/snaps/firefox_8107.snap)
/dev/loop6: []: (/var/lib/snapd/snaps/core24_1499.snap)
/dev/loop23: []: (/ewf1), offset 33619968, sizelimit 855638016
/dev/loop13: []: (/var/lib/snapd/snaps/snap-store_1113.snap)
/dev/loop4: []: (/var/lib/snapd/snaps/core22_2045.snap)
/dev/loop31: []: (/var/lib/snapd/snaps/core24_1587.snap)
/dev/loop21: []: (/var/lib/snapd/snaps/mesa-2404_1165.snap)
/dev/loop11: []: (/var/lib/snapd/snaps/gtk-common-themes_1534.snap)
/dev/loop2: []: (/ewf1), offset 33619968, sizelimit 855638016
/dev/loop58: []: (/var/lib/snapd/snaps/snapd_26865.snap)
/dev/loop0: []: (/var/lib/snapd/snaps/bare_5.snap)
/dev/loop18: []: (/ewf1), offset 33619968, sizelimit 855638016
/dev/loop9: []: (/var/lib/snapd/snaps/core20_2769.snap)
/dev/loop16: []: (/ewf1), offset 33619968, sizelimit 855638016
/dev/loop7: []: (/var/lib/snapd/snaps/gnome-3-38-2004_140.snap)
/dev/loop14: []: (/var/lib/snapd/snaps/snap-store_1216.snap)
/dev/loop5: []: (/var/lib/snapd/snaps/core20_2717.snap)
/dev/loop22: []: (/var/lib/snapd/snaps/gnome-46-2404_153.snap)
/dev/loop12: []: (/var/lib/snapd/snaps/gtk-common-themes_1535.snap)
/dev/loop3: []: (/var/lib/snapd/snaps/gnome-42-2204_247.snap)
/dev/loop20: []: (/var/lib/snapd/snaps/firefox_8054.snap)
/dev/loop10: []: (/var/lib/snapd/snaps/gnome-42-2204_202.snap)
[KERNEL ERRORS]
----------------------------------------------------------

--- CHECKPOINT: 11/05/2026 14:17:20 ---
[DOCKER STATS]
[HOST RAM]
               total        used        free      shared  buff/cache   available
Mem:            62Gi       1,3Gi        20Gi       5,0Mi        41Gi        60Gi
Swap:           14Gi       5,0Mi        14Gi
[LOOP DEVICES]
/dev/loop1: []: (/var/lib/snapd/snaps/snapd_26382.snap)
/dev/loop19: []: (/ewf1), offset 33619968, sizelimit 855638016
/dev/loop75: []: (/var/lib/snapd/snaps/firefox_8191.snap)
/dev/loop17: []: (/ewf1), offset 33619968, sizelimit 855638016
/dev/loop45: []: (/var/lib/snapd/snaps/snapd-desktop-integration_361.snap)
/dev/loop73: []: (/ewf1), offset 33619968, sizelimit 855638016
/dev/loop8: []: (/var/lib/snapd/snaps/gnome-3-38-2004_143.snap)
/dev/loop35: []: (/var/lib/snapd/snaps/snapd-desktop-integration_357.snap)
/dev/loop15: []: (/var/lib/snapd/snaps/core22_2411.snap)
/dev/loop43: []: (/var/lib/snapd/snaps/firefox_8107.snap)
/dev/loop6: []: (/var/lib/snapd/snaps/core24_1499.snap)
/dev/loop23: []: (/ewf1), offset 33619968, sizelimit 855638016
/dev/loop13: []: (/var/lib/snapd/snaps/snap-store_1113.snap)
/dev/loop4: []: (/var/lib/snapd/snaps/core22_2045.snap)
/dev/loop31: []: (/var/lib/snapd/snaps/core24_1587.snap)
/dev/loop21: []: (/var/lib/snapd/snaps/mesa-2404_1165.snap)
/dev/loop11: []: (/var/lib/snapd/snaps/gtk-common-themes_1534.snap)
/dev/loop2: []: (/ewf1), offset 33619968, sizelimit 855638016
/dev/loop58: []: (/var/lib/snapd/snaps/snapd_26865.snap)
/dev/loop0: []: (/var/lib/snapd/snaps/bare_5.snap)
/dev/loop18: []: (/ewf1), offset 33619968, sizelimit 855638016
/dev/loop9: []: (/var/lib/snapd/snaps/core20_2769.snap)
/dev/loop16: []: (/ewf1), offset 33619968, sizelimit 855638016
/dev/loop7: []: (/var/lib/snapd/snaps/gnome-3-38-2004_140.snap)
/dev/loop14: []: (/var/lib/snapd/snaps/snap-store_1216.snap)
/dev/loop5: []: (/var/lib/snapd/snaps/core20_2717.snap)
/dev/loop22: []: (/var/lib/snapd/snaps/gnome-46-2404_153.snap)
/dev/loop12: []: (/var/lib/snapd/snaps/gtk-common-themes_1535.snap)
/dev/loop3: []: (/var/lib/snapd/snaps/gnome-42-2204_247.snap)
/dev/loop20: []: (/var/lib/snapd/snaps/firefox_8054.snap)
/dev/loop10: []: (/var/lib/snapd/snaps/gnome-42-2204_202.snap)
[KERNEL ERRORS]
----------------------------------------------------------

--- CHECKPOINT: 11/05/2026 14:22:20 ---
[DOCKER STATS]
[HOST RAM]
               total        used        free      shared  buff/cache   available
Mem:            62Gi       1,3Gi        20Gi       5,0Mi        41Gi        60Gi
Swap:           14Gi       5,0Mi        14Gi
[LOOP DEVICES]
/dev/loop1: []: (/var/lib/snapd/snaps/snapd_26382.snap)
/dev/loop19: []: (/ewf1), offset 33619968, sizelimit 855638016
/dev/loop75: []: (/var/lib/snapd/snaps/firefox_8191.snap)
/dev/loop17: []: (/ewf1), offset 33619968, sizelimit 855638016
/dev/loop45: []: (/var/lib/snapd/snaps/snapd-desktop-integration_361.snap)
/dev/loop73: []: (/ewf1), offset 33619968, sizelimit 855638016
/dev/loop8: []: (/var/lib/snapd/snaps/gnome-3-38-2004_143.snap)
/dev/loop35: []: (/var/lib/snapd/snaps/snapd-desktop-integration_357.snap)
/dev/loop15: []: (/var/lib/snapd/snaps/core22_2411.snap)
/dev/loop43: []: (/var/lib/snapd/snaps/firefox_8107.snap)
/dev/loop6: []: (/var/lib/snapd/snaps/core24_1499.snap)
/dev/loop23: []: (/ewf1), offset 33619968, sizelimit 855638016
/dev/loop13: []: (/var/lib/snapd/snaps/snap-store_1113.snap)
/dev/loop4: []: (/var/lib/snapd/snaps/core22_2045.snap)
/dev/loop31: []: (/var/lib/snapd/snaps/core24_1587.snap)
/dev/loop21: []: (/var/lib/snapd/snaps/mesa-2404_1165.snap)
/dev/loop11: []: (/var/lib/snapd/snaps/gtk-common-themes_1534.snap)
/dev/loop2: []: (/ewf1), offset 33619968, sizelimit 855638016
/dev/loop58: []: (/var/lib/snapd/snaps/snapd_26865.snap)
/dev/loop0: []: (/var/lib/snapd/snaps/bare_5.snap)
/dev/loop18: []: (/ewf1), offset 33619968, sizelimit 855638016
/dev/loop9: []: (/var/lib/snapd/snaps/core20_2769.snap)
/dev/loop16: []: (/ewf1), offset 33619968, sizelimit 855638016
/dev/loop7: []: (/var/lib/snapd/snaps/gnome-3-38-2004_140.snap)
/dev/loop14: []: (/var/lib/snapd/snaps/snap-store_1216.snap)
/dev/loop5: []: (/var/lib/snapd/snaps/core20_2717.snap)
/dev/loop22: []: (/var/lib/snapd/snaps/gnome-46-2404_153.snap)
/dev/loop12: []: (/var/lib/snapd/snaps/gtk-common-themes_1535.snap)
/dev/loop3: []: (/var/lib/snapd/snaps/gnome-42-2204_247.snap)
/dev/loop20: []: (/var/lib/snapd/snaps/firefox_8054.snap)
/dev/loop10: []: (/var/lib/snapd/snaps/gnome-42-2204_202.snap)
[KERNEL ERRORS]
----------------------------------------------------------

--- CHECKPOINT: 11/05/2026 14:27:20 ---
[DOCKER STATS]
[HOST RAM]
               total        used        free      shared  buff/cache   available
Mem:            62Gi       1,3Gi        20Gi       5,0Mi        41Gi        60Gi
Swap:           14Gi       5,0Mi        14Gi
[LOOP DEVICES]
/dev/loop1: []: (/var/lib/snapd/snaps/snapd_26382.snap)
/dev/loop19: []: (/ewf1), offset 33619968, sizelimit 855638016
/dev/loop75: []: (/var/lib/snapd/snaps/firefox_8191.snap)
/dev/loop17: []: (/ewf1), offset 33619968, sizelimit 855638016
/dev/loop45: []: (/var/lib/snapd/snaps/snapd-desktop-integration_361.snap)
/dev/loop73: []: (/ewf1), offset 33619968, sizelimit 855638016
/dev/loop8: []: (/var/lib/snapd/snaps/gnome-3-38-2004_143.snap)
/dev/loop35: []: (/var/lib/snapd/snaps/snapd-desktop-integration_357.snap)
/dev/loop15: []: (/var/lib/snapd/snaps/core22_2411.snap)
/dev/loop43: []: (/var/lib/snapd/snaps/firefox_8107.snap)
/dev/loop6: []: (/var/lib/snapd/snaps/core24_1499.snap)
/dev/loop23: []: (/ewf1), offset 33619968, sizelimit 855638016
/dev/loop13: []: (/var/lib/snapd/snaps/snap-store_1113.snap)
/dev/loop4: []: (/var/lib/snapd/snaps/core22_2045.snap)
/dev/loop31: []: (/var/lib/snapd/snaps/core24_1587.snap)
/dev/loop21: []: (/var/lib/snapd/snaps/mesa-2404_1165.snap)
/dev/loop11: []: (/var/lib/snapd/snaps/gtk-common-themes_1534.snap)
/dev/loop2: []: (/ewf1), offset 33619968, sizelimit 855638016
/dev/loop58: []: (/var/lib/snapd/snaps/snapd_26865.snap)
/dev/loop0: []: (/var/lib/snapd/snaps/bare_5.snap)
/dev/loop18: []: (/ewf1), offset 33619968, sizelimit 855638016
/dev/loop9: []: (/var/lib/snapd/snaps/core20_2769.snap)
/dev/loop16: []: (/ewf1), offset 33619968, sizelimit 855638016
/dev/loop7: []: (/var/lib/snapd/snaps/gnome-3-38-2004_140.snap)
/dev/loop14: []: (/var/lib/snapd/snaps/snap-store_1216.snap)
/dev/loop5: []: (/var/lib/snapd/snaps/core20_2717.snap)
/dev/loop22: []: (/var/lib/snapd/snaps/gnome-46-2404_153.snap)
/dev/loop12: []: (/var/lib/snapd/snaps/gtk-common-themes_1535.snap)
/dev/loop3: []: (/var/lib/snapd/snaps/gnome-42-2204_247.snap)
/dev/loop20: []: (/var/lib/snapd/snaps/firefox_8054.snap)
/dev/loop10: []: (/var/lib/snapd/snaps/gnome-42-2204_202.snap)
[KERNEL ERRORS]
----------------------------------------------------------

--- CHECKPOINT: 11/05/2026 14:32:20 ---
[DOCKER STATS]
[HOST RAM]
               total        used        free      shared  buff/cache   available
Mem:            62Gi       1,3Gi        20Gi       5,0Mi        41Gi        60Gi
Swap:           14Gi       5,0Mi        14Gi
[LOOP DEVICES]
/dev/loop1: []: (/var/lib/snapd/snaps/snapd_26382.snap)
/dev/loop19: []: (/ewf1), offset 33619968, sizelimit 855638016
/dev/loop75: []: (/var/lib/snapd/snaps/firefox_8191.snap)
/dev/loop17: []: (/ewf1), offset 33619968, sizelimit 855638016
/dev/loop45: []: (/var/lib/snapd/snaps/snapd-desktop-integration_361.snap)
/dev/loop73: []: (/ewf1), offset 33619968, sizelimit 855638016
/dev/loop8: []: (/var/lib/snapd/snaps/gnome-3-38-2004_143.snap)
/dev/loop35: []: (/var/lib/snapd/snaps/snapd-desktop-integration_357.snap)
/dev/loop15: []: (/var/lib/snapd/snaps/core22_2411.snap)
/dev/loop43: []: (/var/lib/snapd/snaps/firefox_8107.snap)
/dev/loop6: []: (/var/lib/snapd/snaps/core24_1499.snap)
/dev/loop23: []: (/ewf1), offset 33619968, sizelimit 855638016
/dev/loop13: []: (/var/lib/snapd/snaps/snap-store_1113.snap)
/dev/loop4: []: (/var/lib/snapd/snaps/core22_2045.snap)
/dev/loop31: []: (/var/lib/snapd/snaps/core24_1587.snap)
/dev/loop21: []: (/var/lib/snapd/snaps/mesa-2404_1165.snap)
/dev/loop11: []: (/var/lib/snapd/snaps/gtk-common-themes_1534.snap)
/dev/loop2: []: (/ewf1), offset 33619968, sizelimit 855638016
/dev/loop58: []: (/var/lib/snapd/snaps/snapd_26865.snap)
/dev/loop0: []: (/var/lib/snapd/snaps/bare_5.snap)
/dev/loop18: []: (/ewf1), offset 33619968, sizelimit 855638016
/dev/loop9: []: (/var/lib/snapd/snaps/core20_2769.snap)
/dev/loop16: []: (/ewf1), offset 33619968, sizelimit 855638016
/dev/loop7: []: (/var/lib/snapd/snaps/gnome-3-38-2004_140.snap)
/dev/loop14: []: (/var/lib/snapd/snaps/snap-store_1216.snap)
/dev/loop5: []: (/var/lib/snapd/snaps/core20_2717.snap)
/dev/loop22: []: (/var/lib/snapd/snaps/gnome-46-2404_153.snap)
/dev/loop12: []: (/var/lib/snapd/snaps/gtk-common-themes_1535.snap)
/dev/loop3: []: (/var/lib/snapd/snaps/gnome-42-2204_247.snap)
/dev/loop20: []: (/var/lib/snapd/snaps/firefox_8054.snap)
/dev/loop10: []: (/var/lib/snapd/snaps/gnome-42-2204_202.snap)
[KERNEL ERRORS]
----------------------------------------------------------

--- CHECKPOINT: 11/05/2026 14:37:20 ---
[DOCKER STATS]
[HOST RAM]
               total        used        free      shared  buff/cache   available
Mem:            62Gi       1,3Gi        20Gi       5,0Mi        41Gi        60Gi
Swap:           14Gi       5,0Mi        14Gi
[LOOP DEVICES]
/dev/loop1: []: (/var/lib/snapd/snaps/snapd_26382.snap)
/dev/loop19: []: (/ewf1), offset 33619968, sizelimit 855638016
/dev/loop75: []: (/var/lib/snapd/snaps/firefox_8191.snap)
/dev/loop17: []: (/ewf1), offset 33619968, sizelimit 855638016
/dev/loop45: []: (/var/lib/snapd/snaps/snapd-desktop-integration_361.snap)
/dev/loop73: []: (/ewf1), offset 33619968, sizelimit 855638016
/dev/loop8: []: (/var/lib/snapd/snaps/gnome-3-38-2004_143.snap)
/dev/loop35: []: (/var/lib/snapd/snaps/snapd-desktop-integration_357.snap)
/dev/loop15: []: (/var/lib/snapd/snaps/core22_2411.snap)
/dev/loop43: []: (/var/lib/snapd/snaps/firefox_8107.snap)
/dev/loop6: []: (/var/lib/snapd/snaps/core24_1499.snap)
/dev/loop23: []: (/ewf1), offset 33619968, sizelimit 855638016
/dev/loop13: []: (/var/lib/snapd/snaps/snap-store_1113.snap)
/dev/loop4: []: (/var/lib/snapd/snaps/core22_2045.snap)
/dev/loop31: []: (/var/lib/snapd/snaps/core24_1587.snap)
/dev/loop21: []: (/var/lib/snapd/snaps/mesa-2404_1165.snap)
/dev/loop11: []: (/var/lib/snapd/snaps/gtk-common-themes_1534.snap)
/dev/loop2: []: (/ewf1), offset 33619968, sizelimit 855638016
/dev/loop58: []: (/var/lib/snapd/snaps/snapd_26865.snap)
/dev/loop0: []: (/var/lib/snapd/snaps/bare_5.snap)
/dev/loop18: []: (/ewf1), offset 33619968, sizelimit 855638016
/dev/loop9: []: (/var/lib/snapd/snaps/core20_2769.snap)
/dev/loop16: []: (/ewf1), offset 33619968, sizelimit 855638016
/dev/loop7: []: (/var/lib/snapd/snaps/gnome-3-38-2004_140.snap)
/dev/loop14: []: (/var/lib/snapd/snaps/snap-store_1216.snap)
/dev/loop5: []: (/var/lib/snapd/snaps/core20_2717.snap)
/dev/loop22: []: (/var/lib/snapd/snaps/gnome-46-2404_153.snap)
/dev/loop12: []: (/var/lib/snapd/snaps/gtk-common-themes_1535.snap)
/dev/loop3: []: (/var/lib/snapd/snaps/gnome-42-2204_247.snap)
/dev/loop20: []: (/var/lib/snapd/snaps/firefox_8054.snap)
/dev/loop10: []: (/var/lib/snapd/snaps/gnome-42-2204_202.snap)
[KERNEL ERRORS]
----------------------------------------------------------

--- CHECKPOINT: 11/05/2026 14:42:20 ---
[DOCKER STATS]
[HOST RAM]
               total        used        free      shared  buff/cache   available
Mem:            62Gi       1,3Gi        20Gi       5,0Mi        41Gi        60Gi
Swap:           14Gi       5,0Mi        14Gi
[LOOP DEVICES]
/dev/loop1: []: (/var/lib/snapd/snaps/snapd_26382.snap)
/dev/loop19: []: (/ewf1), offset 33619968, sizelimit 855638016
/dev/loop75: []: (/var/lib/snapd/snaps/firefox_8191.snap)
/dev/loop17: []: (/ewf1), offset 33619968, sizelimit 855638016
/dev/loop45: []: (/var/lib/snapd/snaps/snapd-desktop-integration_361.snap)
/dev/loop73: []: (/ewf1), offset 33619968, sizelimit 855638016
/dev/loop8: []: (/var/lib/snapd/snaps/gnome-3-38-2004_143.snap)
/dev/loop35: []: (/var/lib/snapd/snaps/snapd-desktop-integration_357.snap)
/dev/loop15: []: (/var/lib/snapd/snaps/core22_2411.snap)
/dev/loop43: []: (/var/lib/snapd/snaps/firefox_8107.snap)
/dev/loop6: []: (/var/lib/snapd/snaps/core24_1499.snap)
/dev/loop23: []: (/ewf1), offset 33619968, sizelimit 855638016
/dev/loop13: []: (/var/lib/snapd/snaps/snap-store_1113.snap)
/dev/loop4: []: (/var/lib/snapd/snaps/core22_2045.snap)
/dev/loop31: []: (/var/lib/snapd/snaps/core24_1587.snap)
/dev/loop21: []: (/var/lib/snapd/snaps/mesa-2404_1165.snap)
/dev/loop11: []: (/var/lib/snapd/snaps/gtk-common-themes_1534.snap)
/dev/loop2: []: (/ewf1), offset 33619968, sizelimit 855638016
/dev/loop58: []: (/var/lib/snapd/snaps/snapd_26865.snap)
/dev/loop0: []: (/var/lib/snapd/snaps/bare_5.snap)
/dev/loop18: []: (/ewf1), offset 33619968, sizelimit 855638016
/dev/loop9: []: (/var/lib/snapd/snaps/core20_2769.snap)
/dev/loop16: []: (/ewf1), offset 33619968, sizelimit 855638016
/dev/loop7: []: (/var/lib/snapd/snaps/gnome-3-38-2004_140.snap)
/dev/loop14: []: (/var/lib/snapd/snaps/snap-store_1216.snap)
/dev/loop5: []: (/var/lib/snapd/snaps/core20_2717.snap)
/dev/loop22: []: (/var/lib/snapd/snaps/gnome-46-2404_153.snap)
/dev/loop12: []: (/var/lib/snapd/snaps/gtk-common-themes_1535.snap)
/dev/loop3: []: (/var/lib/snapd/snaps/gnome-42-2204_247.snap)
/dev/loop20: []: (/var/lib/snapd/snaps/firefox_8054.snap)
/dev/loop10: []: (/var/lib/snapd/snaps/gnome-42-2204_202.snap)
[KERNEL ERRORS]
----------------------------------------------------------

--- CHECKPOINT: 11/05/2026 14:47:20 ---
[DOCKER STATS]
[HOST RAM]
               total        used        free      shared  buff/cache   available
Mem:            62Gi       1,3Gi        20Gi       5,0Mi        41Gi        60Gi
Swap:           14Gi       5,0Mi        14Gi
[LOOP DEVICES]
/dev/loop1: []: (/var/lib/snapd/snaps/snapd_26382.snap)
/dev/loop19: []: (/ewf1), offset 33619968, sizelimit 855638016
/dev/loop75: []: (/var/lib/snapd/snaps/firefox_8191.snap)
/dev/loop17: []: (/ewf1), offset 33619968, sizelimit 855638016
/dev/loop45: []: (/var/lib/snapd/snaps/snapd-desktop-integration_361.snap)
/dev/loop73: []: (/ewf1), offset 33619968, sizelimit 855638016
/dev/loop8: []: (/var/lib/snapd/snaps/gnome-3-38-2004_143.snap)
/dev/loop35: []: (/var/lib/snapd/snaps/snapd-desktop-integration_357.snap)
/dev/loop15: []: (/var/lib/snapd/snaps/core22_2411.snap)
/dev/loop43: []: (/var/lib/snapd/snaps/firefox_8107.snap)
/dev/loop6: []: (/var/lib/snapd/snaps/core24_1499.snap)
/dev/loop23: []: (/ewf1), offset 33619968, sizelimit 855638016
/dev/loop13: []: (/var/lib/snapd/snaps/snap-store_1113.snap)
/dev/loop4: []: (/var/lib/snapd/snaps/core22_2045.snap)
/dev/loop31: []: (/var/lib/snapd/snaps/core24_1587.snap)
/dev/loop21: []: (/var/lib/snapd/snaps/mesa-2404_1165.snap)
/dev/loop11: []: (/var/lib/snapd/snaps/gtk-common-themes_1534.snap)
/dev/loop2: []: (/ewf1), offset 33619968, sizelimit 855638016
/dev/loop58: []: (/var/lib/snapd/snaps/snapd_26865.snap)
/dev/loop0: []: (/var/lib/snapd/snaps/bare_5.snap)
/dev/loop18: []: (/ewf1), offset 33619968, sizelimit 855638016
/dev/loop9: []: (/var/lib/snapd/snaps/core20_2769.snap)
/dev/loop16: []: (/ewf1), offset 33619968, sizelimit 855638016
/dev/loop7: []: (/var/lib/snapd/snaps/gnome-3-38-2004_140.snap)
/dev/loop14: []: (/var/lib/snapd/snaps/snap-store_1216.snap)
/dev/loop5: []: (/var/lib/snapd/snaps/core20_2717.snap)
/dev/loop22: []: (/var/lib/snapd/snaps/gnome-46-2404_153.snap)
/dev/loop12: []: (/var/lib/snapd/snaps/gtk-common-themes_1535.snap)
/dev/loop3: []: (/var/lib/snapd/snaps/gnome-42-2204_247.snap)
/dev/loop20: []: (/var/lib/snapd/snaps/firefox_8054.snap)
/dev/loop10: []: (/var/lib/snapd/snaps/gnome-42-2204_202.snap)
[KERNEL ERRORS]
----------------------------------------------------------

--- CHECKPOINT: 11/05/2026 14:52:20 ---
[DOCKER STATS]
[HOST RAM]
               total        used        free      shared  buff/cache   available
Mem:            62Gi       1,3Gi        20Gi       5,0Mi        41Gi        60Gi
Swap:           14Gi       5,0Mi        14Gi
[LOOP DEVICES]
/dev/loop1: []: (/var/lib/snapd/snaps/snapd_26382.snap)
/dev/loop19: []: (/ewf1), offset 33619968, sizelimit 855638016
/dev/loop75: []: (/var/lib/snapd/snaps/firefox_8191.snap)
/dev/loop17: []: (/ewf1), offset 33619968, sizelimit 855638016
/dev/loop45: []: (/var/lib/snapd/snaps/snapd-desktop-integration_361.snap)
/dev/loop73: []: (/ewf1), offset 33619968, sizelimit 855638016
/dev/loop8: []: (/var/lib/snapd/snaps/gnome-3-38-2004_143.snap)
/dev/loop35: []: (/var/lib/snapd/snaps/snapd-desktop-integration_357.snap)
/dev/loop15: []: (/var/lib/snapd/snaps/core22_2411.snap)
/dev/loop43: []: (/var/lib/snapd/snaps/firefox_8107.snap)
/dev/loop6: []: (/var/lib/snapd/snaps/core24_1499.snap)
/dev/loop23: []: (/ewf1), offset 33619968, sizelimit 855638016
/dev/loop13: []: (/var/lib/snapd/snaps/snap-store_1113.snap)
/dev/loop4: []: (/var/lib/snapd/snaps/core22_2045.snap)
/dev/loop31: []: (/var/lib/snapd/snaps/core24_1587.snap)
/dev/loop21: []: (/var/lib/snapd/snaps/mesa-2404_1165.snap)
/dev/loop11: []: (/var/lib/snapd/snaps/gtk-common-themes_1534.snap)
/dev/loop2: []: (/ewf1), offset 33619968, sizelimit 855638016
/dev/loop58: []: (/var/lib/snapd/snaps/snapd_26865.snap)
/dev/loop0: []: (/var/lib/snapd/snaps/bare_5.snap)
/dev/loop18: []: (/ewf1), offset 33619968, sizelimit 855638016
/dev/loop9: []: (/var/lib/snapd/snaps/core20_2769.snap)
/dev/loop16: []: (/ewf1), offset 33619968, sizelimit 855638016
/dev/loop7: []: (/var/lib/snapd/snaps/gnome-3-38-2004_140.snap)
/dev/loop14: []: (/var/lib/snapd/snaps/snap-store_1216.snap)
/dev/loop5: []: (/var/lib/snapd/snaps/core20_2717.snap)
/dev/loop22: []: (/var/lib/snapd/snaps/gnome-46-2404_153.snap)
/dev/loop12: []: (/var/lib/snapd/snaps/gtk-common-themes_1535.snap)
/dev/loop3: []: (/var/lib/snapd/snaps/gnome-42-2204_247.snap)
/dev/loop20: []: (/var/lib/snapd/snaps/firefox_8054.snap)
/dev/loop10: []: (/var/lib/snapd/snaps/gnome-42-2204_202.snap)
[KERNEL ERRORS]
----------------------------------------------------------

--- CHECKPOINT: 11/05/2026 14:57:21 ---
[DOCKER STATS]
[HOST RAM]
               total        used        free      shared  buff/cache   available
Mem:            62Gi       1,3Gi        20Gi       5,0Mi        41Gi        60Gi
Swap:           14Gi       5,0Mi        14Gi
[LOOP DEVICES]
/dev/loop1: []: (/var/lib/snapd/snaps/snapd_26382.snap)
/dev/loop19: []: (/ewf1), offset 33619968, sizelimit 855638016
/dev/loop75: []: (/var/lib/snapd/snaps/firefox_8191.snap)
/dev/loop17: []: (/ewf1), offset 33619968, sizelimit 855638016
/dev/loop45: []: (/var/lib/snapd/snaps/snapd-desktop-integration_361.snap)
/dev/loop73: []: (/ewf1), offset 33619968, sizelimit 855638016
/dev/loop8: []: (/var/lib/snapd/snaps/gnome-3-38-2004_143.snap)
/dev/loop35: []: (/var/lib/snapd/snaps/snapd-desktop-integration_357.snap)
/dev/loop15: []: (/var/lib/snapd/snaps/core22_2411.snap)
/dev/loop43: []: (/var/lib/snapd/snaps/firefox_8107.snap)
/dev/loop6: []: (/var/lib/snapd/snaps/core24_1499.snap)
/dev/loop23: []: (/ewf1), offset 33619968, sizelimit 855638016
/dev/loop13: []: (/var/lib/snapd/snaps/snap-store_1113.snap)
/dev/loop4: []: (/var/lib/snapd/snaps/core22_2045.snap)
/dev/loop31: []: (/var/lib/snapd/snaps/core24_1587.snap)
/dev/loop21: []: (/var/lib/snapd/snaps/mesa-2404_1165.snap)
/dev/loop11: []: (/var/lib/snapd/snaps/gtk-common-themes_1534.snap)
/dev/loop2: []: (/ewf1), offset 33619968, sizelimit 855638016
/dev/loop58: []: (/var/lib/snapd/snaps/snapd_26865.snap)
/dev/loop0: []: (/var/lib/snapd/snaps/bare_5.snap)
/dev/loop18: []: (/ewf1), offset 33619968, sizelimit 855638016
/dev/loop9: []: (/var/lib/snapd/snaps/core20_2769.snap)
/dev/loop16: []: (/ewf1), offset 33619968, sizelimit 855638016
/dev/loop7: []: (/var/lib/snapd/snaps/gnome-3-38-2004_140.snap)
/dev/loop14: []: (/var/lib/snapd/snaps/snap-store_1216.snap)
/dev/loop5: []: (/var/lib/snapd/snaps/core20_2717.snap)
/dev/loop22: []: (/var/lib/snapd/snaps/gnome-46-2404_153.snap)
/dev/loop12: []: (/var/lib/snapd/snaps/gtk-common-themes_1535.snap)
/dev/loop3: []: (/var/lib/snapd/snaps/gnome-42-2204_247.snap)
/dev/loop20: []: (/var/lib/snapd/snaps/firefox_8054.snap)
/dev/loop10: []: (/var/lib/snapd/snaps/gnome-42-2204_202.snap)
[KERNEL ERRORS]
----------------------------------------------------------

--- CHECKPOINT: 11/05/2026 15:02:21 ---
[DOCKER STATS]
[HOST RAM]
               total        used        free      shared  buff/cache   available
Mem:            62Gi       1,3Gi        20Gi       5,0Mi        41Gi        60Gi
Swap:           14Gi       5,0Mi        14Gi
[LOOP DEVICES]
/dev/loop1: []: (/var/lib/snapd/snaps/snapd_26382.snap)
/dev/loop19: []: (/ewf1), offset 33619968, sizelimit 855638016
/dev/loop75: []: (/var/lib/snapd/snaps/firefox_8191.snap)
/dev/loop17: []: (/ewf1), offset 33619968, sizelimit 855638016
/dev/loop45: []: (/var/lib/snapd/snaps/snapd-desktop-integration_361.snap)
/dev/loop73: []: (/ewf1), offset 33619968, sizelimit 855638016
/dev/loop8: []: (/var/lib/snapd/snaps/gnome-3-38-2004_143.snap)
/dev/loop35: []: (/var/lib/snapd/snaps/snapd-desktop-integration_357.snap)
/dev/loop15: []: (/var/lib/snapd/snaps/core22_2411.snap)
/dev/loop43: []: (/var/lib/snapd/snaps/firefox_8107.snap)
/dev/loop6: []: (/var/lib/snapd/snaps/core24_1499.snap)
/dev/loop23: []: (/ewf1), offset 33619968, sizelimit 855638016
/dev/loop13: []: (/var/lib/snapd/snaps/snap-store_1113.snap)
/dev/loop4: []: (/var/lib/snapd/snaps/core22_2045.snap)
/dev/loop31: []: (/var/lib/snapd/snaps/core24_1587.snap)
/dev/loop21: []: (/var/lib/snapd/snaps/mesa-2404_1165.snap)
/dev/loop11: []: (/var/lib/snapd/snaps/gtk-common-themes_1534.snap)
/dev/loop2: []: (/ewf1), offset 33619968, sizelimit 855638016
/dev/loop58: []: (/var/lib/snapd/snaps/snapd_26865.snap)
/dev/loop0: []: (/var/lib/snapd/snaps/bare_5.snap)
/dev/loop18: []: (/ewf1), offset 33619968, sizelimit 855638016
/dev/loop9: []: (/var/lib/snapd/snaps/core20_2769.snap)
/dev/loop16: []: (/ewf1), offset 33619968, sizelimit 855638016
/dev/loop7: []: (/var/lib/snapd/snaps/gnome-3-38-2004_140.snap)
/dev/loop14: []: (/var/lib/snapd/snaps/snap-store_1216.snap)
/dev/loop5: []: (/var/lib/snapd/snaps/core20_2717.snap)
/dev/loop22: []: (/var/lib/snapd/snaps/gnome-46-2404_153.snap)
/dev/loop12: []: (/var/lib/snapd/snaps/gtk-common-themes_1535.snap)
/dev/loop3: []: (/var/lib/snapd/snaps/gnome-42-2204_247.snap)
/dev/loop20: []: (/var/lib/snapd/snaps/firefox_8054.snap)
/dev/loop10: []: (/var/lib/snapd/snaps/gnome-42-2204_202.snap)
[KERNEL ERRORS]
----------------------------------------------------------

--- CHECKPOINT: 11/05/2026 15:07:21 ---
[DOCKER STATS]
[HOST RAM]
               total        used        free      shared  buff/cache   available
Mem:            62Gi       1,3Gi        20Gi       5,0Mi        41Gi        60Gi
Swap:           14Gi       5,0Mi        14Gi
[LOOP DEVICES]
/dev/loop1: []: (/var/lib/snapd/snaps/snapd_26382.snap)
/dev/loop19: []: (/ewf1), offset 33619968, sizelimit 855638016
/dev/loop75: []: (/var/lib/snapd/snaps/firefox_8191.snap)
/dev/loop17: []: (/ewf1), offset 33619968, sizelimit 855638016
/dev/loop45: []: (/var/lib/snapd/snaps/snapd-desktop-integration_361.snap)
/dev/loop73: []: (/ewf1), offset 33619968, sizelimit 855638016
/dev/loop8: []: (/var/lib/snapd/snaps/gnome-3-38-2004_143.snap)
/dev/loop35: []: (/var/lib/snapd/snaps/snapd-desktop-integration_357.snap)
/dev/loop15: []: (/var/lib/snapd/snaps/core22_2411.snap)
/dev/loop43: []: (/var/lib/snapd/snaps/firefox_8107.snap)
/dev/loop6: []: (/var/lib/snapd/snaps/core24_1499.snap)
/dev/loop23: []: (/ewf1), offset 33619968, sizelimit 855638016
/dev/loop13: []: (/var/lib/snapd/snaps/snap-store_1113.snap)
/dev/loop4: []: (/var/lib/snapd/snaps/core22_2045.snap)
/dev/loop31: []: (/var/lib/snapd/snaps/core24_1587.snap)
/dev/loop21: []: (/var/lib/snapd/snaps/mesa-2404_1165.snap)
/dev/loop11: []: (/var/lib/snapd/snaps/gtk-common-themes_1534.snap)
/dev/loop2: []: (/ewf1), offset 33619968, sizelimit 855638016
/dev/loop58: []: (/var/lib/snapd/snaps/snapd_26865.snap)
/dev/loop0: []: (/var/lib/snapd/snaps/bare_5.snap)
/dev/loop18: []: (/ewf1), offset 33619968, sizelimit 855638016
/dev/loop9: []: (/var/lib/snapd/snaps/core20_2769.snap)
/dev/loop16: []: (/ewf1), offset 33619968, sizelimit 855638016
/dev/loop7: []: (/var/lib/snapd/snaps/gnome-3-38-2004_140.snap)
/dev/loop14: []: (/var/lib/snapd/snaps/snap-store_1216.snap)
/dev/loop5: []: (/var/lib/snapd/snaps/core20_2717.snap)
/dev/loop22: []: (/var/lib/snapd/snaps/gnome-46-2404_153.snap)
/dev/loop12: []: (/var/lib/snapd/snaps/gtk-common-themes_1535.snap)
/dev/loop3: []: (/var/lib/snapd/snaps/gnome-42-2204_247.snap)
/dev/loop20: []: (/var/lib/snapd/snaps/firefox_8054.snap)
/dev/loop10: []: (/var/lib/snapd/snaps/gnome-42-2204_202.snap)
[KERNEL ERRORS]
----------------------------------------------------------

--- CHECKPOINT: 11/05/2026 15:12:21 ---
[DOCKER STATS]
[HOST RAM]
               total        used        free      shared  buff/cache   available
Mem:            62Gi       1,3Gi        20Gi       5,0Mi        41Gi        60Gi
Swap:           14Gi       5,0Mi        14Gi
[LOOP DEVICES]
/dev/loop1: []: (/var/lib/snapd/snaps/snapd_26382.snap)
/dev/loop19: []: (/ewf1), offset 33619968, sizelimit 855638016
/dev/loop75: []: (/var/lib/snapd/snaps/firefox_8191.snap)
/dev/loop17: []: (/ewf1), offset 33619968, sizelimit 855638016
/dev/loop45: []: (/var/lib/snapd/snaps/snapd-desktop-integration_361.snap)
/dev/loop73: []: (/ewf1), offset 33619968, sizelimit 855638016
/dev/loop8: []: (/var/lib/snapd/snaps/gnome-3-38-2004_143.snap)
/dev/loop35: []: (/var/lib/snapd/snaps/snapd-desktop-integration_357.snap)
/dev/loop15: []: (/var/lib/snapd/snaps/core22_2411.snap)
/dev/loop43: []: (/var/lib/snapd/snaps/firefox_8107.snap)
/dev/loop6: []: (/var/lib/snapd/snaps/core24_1499.snap)
/dev/loop23: []: (/ewf1), offset 33619968, sizelimit 855638016
/dev/loop13: []: (/var/lib/snapd/snaps/snap-store_1113.snap)
/dev/loop4: []: (/var/lib/snapd/snaps/core22_2045.snap)
/dev/loop31: []: (/var/lib/snapd/snaps/core24_1587.snap)
/dev/loop21: []: (/var/lib/snapd/snaps/mesa-2404_1165.snap)
/dev/loop11: []: (/var/lib/snapd/snaps/gtk-common-themes_1534.snap)
/dev/loop2: []: (/ewf1), offset 33619968, sizelimit 855638016
/dev/loop58: []: (/var/lib/snapd/snaps/snapd_26865.snap)
/dev/loop0: []: (/var/lib/snapd/snaps/bare_5.snap)
/dev/loop18: []: (/ewf1), offset 33619968, sizelimit 855638016
/dev/loop9: []: (/var/lib/snapd/snaps/core20_2769.snap)
/dev/loop16: []: (/ewf1), offset 33619968, sizelimit 855638016
/dev/loop7: []: (/var/lib/snapd/snaps/gnome-3-38-2004_140.snap)
/dev/loop14: []: (/var/lib/snapd/snaps/snap-store_1216.snap)
/dev/loop5: []: (/var/lib/snapd/snaps/core20_2717.snap)
/dev/loop22: []: (/var/lib/snapd/snaps/gnome-46-2404_153.snap)
/dev/loop12: []: (/var/lib/snapd/snaps/gtk-common-themes_1535.snap)
/dev/loop3: []: (/var/lib/snapd/snaps/gnome-42-2204_247.snap)
/dev/loop20: []: (/var/lib/snapd/snaps/firefox_8054.snap)
/dev/loop10: []: (/var/lib/snapd/snaps/gnome-42-2204_202.snap)
[KERNEL ERRORS]
----------------------------------------------------------

--- CHECKPOINT: 11/05/2026 15:17:21 ---
[DOCKER STATS]
[HOST RAM]
               total        used        free      shared  buff/cache   available
Mem:            62Gi       1,3Gi        20Gi       5,0Mi        41Gi        60Gi
Swap:           14Gi       5,0Mi        14Gi
[LOOP DEVICES]
/dev/loop1: []: (/var/lib/snapd/snaps/snapd_26382.snap)
/dev/loop19: []: (/ewf1), offset 33619968, sizelimit 855638016
/dev/loop75: []: (/var/lib/snapd/snaps/firefox_8191.snap)
/dev/loop17: []: (/ewf1), offset 33619968, sizelimit 855638016
/dev/loop45: []: (/var/lib/snapd/snaps/snapd-desktop-integration_361.snap)
/dev/loop73: []: (/ewf1), offset 33619968, sizelimit 855638016
/dev/loop8: []: (/var/lib/snapd/snaps/gnome-3-38-2004_143.snap)
/dev/loop35: []: (/var/lib/snapd/snaps/snapd-desktop-integration_357.snap)
/dev/loop15: []: (/var/lib/snapd/snaps/core22_2411.snap)
/dev/loop43: []: (/var/lib/snapd/snaps/firefox_8107.snap)
/dev/loop6: []: (/var/lib/snapd/snaps/core24_1499.snap)
/dev/loop23: []: (/ewf1), offset 33619968, sizelimit 855638016
/dev/loop13: []: (/var/lib/snapd/snaps/snap-store_1113.snap)
/dev/loop4: []: (/var/lib/snapd/snaps/core22_2045.snap)
/dev/loop31: []: (/var/lib/snapd/snaps/core24_1587.snap)
/dev/loop21: []: (/var/lib/snapd/snaps/mesa-2404_1165.snap)
/dev/loop11: []: (/var/lib/snapd/snaps/gtk-common-themes_1534.snap)
/dev/loop2: []: (/ewf1), offset 33619968, sizelimit 855638016
/dev/loop58: []: (/var/lib/snapd/snaps/snapd_26865.snap)
/dev/loop0: []: (/var/lib/snapd/snaps/bare_5.snap)
/dev/loop18: []: (/ewf1), offset 33619968, sizelimit 855638016
/dev/loop9: []: (/var/lib/snapd/snaps/core20_2769.snap)
/dev/loop16: []: (/ewf1), offset 33619968, sizelimit 855638016
/dev/loop7: []: (/var/lib/snapd/snaps/gnome-3-38-2004_140.snap)
/dev/loop14: []: (/var/lib/snapd/snaps/snap-store_1216.snap)
/dev/loop5: []: (/var/lib/snapd/snaps/core20_2717.snap)
/dev/loop22: []: (/var/lib/snapd/snaps/gnome-46-2404_153.snap)
/dev/loop12: []: (/var/lib/snapd/snaps/gtk-common-themes_1535.snap)
/dev/loop3: []: (/var/lib/snapd/snaps/gnome-42-2204_247.snap)
/dev/loop20: []: (/var/lib/snapd/snaps/firefox_8054.snap)
/dev/loop10: []: (/var/lib/snapd/snaps/gnome-42-2204_202.snap)
[KERNEL ERRORS]
----------------------------------------------------------

--- CHECKPOINT: 11/05/2026 15:22:21 ---
[DOCKER STATS]
[HOST RAM]
               total        used        free      shared  buff/cache   available
Mem:            62Gi       1,3Gi        20Gi       5,0Mi        41Gi        60Gi
Swap:           14Gi       5,0Mi        14Gi
[LOOP DEVICES]
/dev/loop1: []: (/var/lib/snapd/snaps/snapd_26382.snap)
/dev/loop19: []: (/ewf1), offset 33619968, sizelimit 855638016
/dev/loop75: []: (/var/lib/snapd/snaps/firefox_8191.snap)
/dev/loop17: []: (/ewf1), offset 33619968, sizelimit 855638016
/dev/loop45: []: (/var/lib/snapd/snaps/snapd-desktop-integration_361.snap)
/dev/loop73: []: (/ewf1), offset 33619968, sizelimit 855638016
/dev/loop8: []: (/var/lib/snapd/snaps/gnome-3-38-2004_143.snap)
/dev/loop35: []: (/var/lib/snapd/snaps/snapd-desktop-integration_357.snap)
/dev/loop15: []: (/var/lib/snapd/snaps/core22_2411.snap)
/dev/loop43: []: (/var/lib/snapd/snaps/firefox_8107.snap)
/dev/loop6: []: (/var/lib/snapd/snaps/core24_1499.snap)
/dev/loop23: []: (/ewf1), offset 33619968, sizelimit 855638016
/dev/loop13: []: (/var/lib/snapd/snaps/snap-store_1113.snap)
/dev/loop4: []: (/var/lib/snapd/snaps/core22_2045.snap)
/dev/loop31: []: (/var/lib/snapd/snaps/core24_1587.snap)
/dev/loop21: []: (/var/lib/snapd/snaps/mesa-2404_1165.snap)
/dev/loop11: []: (/var/lib/snapd/snaps/gtk-common-themes_1534.snap)
/dev/loop2: []: (/ewf1), offset 33619968, sizelimit 855638016
/dev/loop58: []: (/var/lib/snapd/snaps/snapd_26865.snap)
/dev/loop0: []: (/var/lib/snapd/snaps/bare_5.snap)
/dev/loop18: []: (/ewf1), offset 33619968, sizelimit 855638016
/dev/loop9: []: (/var/lib/snapd/snaps/core20_2769.snap)
/dev/loop16: []: (/ewf1), offset 33619968, sizelimit 855638016
/dev/loop7: []: (/var/lib/snapd/snaps/gnome-3-38-2004_140.snap)
/dev/loop14: []: (/var/lib/snapd/snaps/snap-store_1216.snap)
/dev/loop5: []: (/var/lib/snapd/snaps/core20_2717.snap)
/dev/loop22: []: (/var/lib/snapd/snaps/gnome-46-2404_153.snap)
/dev/loop12: []: (/var/lib/snapd/snaps/gtk-common-themes_1535.snap)
/dev/loop3: []: (/var/lib/snapd/snaps/gnome-42-2204_247.snap)
/dev/loop20: []: (/var/lib/snapd/snaps/firefox_8054.snap)
/dev/loop10: []: (/var/lib/snapd/snaps/gnome-42-2204_202.snap)
[KERNEL ERRORS]
----------------------------------------------------------

--- CHECKPOINT: 11/05/2026 15:27:21 ---
[DOCKER STATS]
[HOST RAM]
               total        used        free      shared  buff/cache   available
Mem:            62Gi       1,3Gi        20Gi       5,0Mi        41Gi        60Gi
Swap:           14Gi       5,0Mi        14Gi
[LOOP DEVICES]
/dev/loop1: []: (/var/lib/snapd/snaps/snapd_26382.snap)
/dev/loop19: []: (/ewf1), offset 33619968, sizelimit 855638016
/dev/loop75: []: (/var/lib/snapd/snaps/firefox_8191.snap)
/dev/loop17: []: (/ewf1), offset 33619968, sizelimit 855638016
/dev/loop45: []: (/var/lib/snapd/snaps/snapd-desktop-integration_361.snap)
/dev/loop73: []: (/ewf1), offset 33619968, sizelimit 855638016
/dev/loop8: []: (/var/lib/snapd/snaps/gnome-3-38-2004_143.snap)
/dev/loop35: []: (/var/lib/snapd/snaps/snapd-desktop-integration_357.snap)
/dev/loop15: []: (/var/lib/snapd/snaps/core22_2411.snap)
/dev/loop43: []: (/var/lib/snapd/snaps/firefox_8107.snap)
/dev/loop6: []: (/var/lib/snapd/snaps/core24_1499.snap)
/dev/loop23: []: (/ewf1), offset 33619968, sizelimit 855638016
/dev/loop13: []: (/var/lib/snapd/snaps/snap-store_1113.snap)
/dev/loop4: []: (/var/lib/snapd/snaps/core22_2045.snap)
/dev/loop31: []: (/var/lib/snapd/snaps/core24_1587.snap)
/dev/loop21: []: (/var/lib/snapd/snaps/mesa-2404_1165.snap)
/dev/loop11: []: (/var/lib/snapd/snaps/gtk-common-themes_1534.snap)
/dev/loop2: []: (/ewf1), offset 33619968, sizelimit 855638016
/dev/loop58: []: (/var/lib/snapd/snaps/snapd_26865.snap)
/dev/loop0: []: (/var/lib/snapd/snaps/bare_5.snap)
/dev/loop18: []: (/ewf1), offset 33619968, sizelimit 855638016
/dev/loop9: []: (/var/lib/snapd/snaps/core20_2769.snap)
/dev/loop16: []: (/ewf1), offset 33619968, sizelimit 855638016
/dev/loop7: []: (/var/lib/snapd/snaps/gnome-3-38-2004_140.snap)
/dev/loop14: []: (/var/lib/snapd/snaps/snap-store_1216.snap)
/dev/loop5: []: (/var/lib/snapd/snaps/core20_2717.snap)
/dev/loop22: []: (/var/lib/snapd/snaps/gnome-46-2404_153.snap)
/dev/loop12: []: (/var/lib/snapd/snaps/gtk-common-themes_1535.snap)
/dev/loop3: []: (/var/lib/snapd/snaps/gnome-42-2204_247.snap)
/dev/loop20: []: (/var/lib/snapd/snaps/firefox_8054.snap)
/dev/loop10: []: (/var/lib/snapd/snaps/gnome-42-2204_202.snap)
[KERNEL ERRORS]
----------------------------------------------------------

--- CHECKPOINT: 11/05/2026 15:32:21 ---
[DOCKER STATS]
[HOST RAM]
               total        used        free      shared  buff/cache   available
Mem:            62Gi       1,3Gi        20Gi       5,0Mi        41Gi        60Gi
Swap:           14Gi       5,0Mi        14Gi
[LOOP DEVICES]
/dev/loop1: []: (/var/lib/snapd/snaps/snapd_26382.snap)
/dev/loop19: []: (/ewf1), offset 33619968, sizelimit 855638016
/dev/loop75: []: (/var/lib/snapd/snaps/firefox_8191.snap)
/dev/loop17: []: (/ewf1), offset 33619968, sizelimit 855638016
/dev/loop45: []: (/var/lib/snapd/snaps/snapd-desktop-integration_361.snap)
/dev/loop73: []: (/ewf1), offset 33619968, sizelimit 855638016
/dev/loop8: []: (/var/lib/snapd/snaps/gnome-3-38-2004_143.snap)
/dev/loop35: []: (/var/lib/snapd/snaps/snapd-desktop-integration_357.snap)
/dev/loop15: []: (/var/lib/snapd/snaps/core22_2411.snap)
/dev/loop43: []: (/var/lib/snapd/snaps/firefox_8107.snap)
/dev/loop6: []: (/var/lib/snapd/snaps/core24_1499.snap)
/dev/loop23: []: (/ewf1), offset 33619968, sizelimit 855638016
/dev/loop13: []: (/var/lib/snapd/snaps/snap-store_1113.snap)
/dev/loop4: []: (/var/lib/snapd/snaps/core22_2045.snap)
/dev/loop31: []: (/var/lib/snapd/snaps/core24_1587.snap)
/dev/loop21: []: (/var/lib/snapd/snaps/mesa-2404_1165.snap)
/dev/loop11: []: (/var/lib/snapd/snaps/gtk-common-themes_1534.snap)
/dev/loop2: []: (/ewf1), offset 33619968, sizelimit 855638016
/dev/loop58: []: (/var/lib/snapd/snaps/snapd_26865.snap)
/dev/loop0: []: (/var/lib/snapd/snaps/bare_5.snap)
/dev/loop18: []: (/ewf1), offset 33619968, sizelimit 855638016
/dev/loop9: []: (/var/lib/snapd/snaps/core20_2769.snap)
/dev/loop16: []: (/ewf1), offset 33619968, sizelimit 855638016
/dev/loop7: []: (/var/lib/snapd/snaps/gnome-3-38-2004_140.snap)
/dev/loop14: []: (/var/lib/snapd/snaps/snap-store_1216.snap)
/dev/loop5: []: (/var/lib/snapd/snaps/core20_2717.snap)
/dev/loop22: []: (/var/lib/snapd/snaps/gnome-46-2404_153.snap)
/dev/loop12: []: (/var/lib/snapd/snaps/gtk-common-themes_1535.snap)
/dev/loop3: []: (/var/lib/snapd/snaps/gnome-42-2204_247.snap)
/dev/loop20: []: (/var/lib/snapd/snaps/firefox_8054.snap)
/dev/loop10: []: (/var/lib/snapd/snaps/gnome-42-2204_202.snap)
[KERNEL ERRORS]
----------------------------------------------------------

--- CHECKPOINT: 11/05/2026 15:37:21 ---
[DOCKER STATS]
[HOST RAM]
               total        used        free      shared  buff/cache   available
Mem:            62Gi       1,3Gi        20Gi       5,0Mi        41Gi        60Gi
Swap:           14Gi       5,0Mi        14Gi
[LOOP DEVICES]
/dev/loop1: []: (/var/lib/snapd/snaps/snapd_26382.snap)
/dev/loop19: []: (/ewf1), offset 33619968, sizelimit 855638016
/dev/loop75: []: (/var/lib/snapd/snaps/firefox_8191.snap)
/dev/loop17: []: (/ewf1), offset 33619968, sizelimit 855638016
/dev/loop45: []: (/var/lib/snapd/snaps/snapd-desktop-integration_361.snap)
/dev/loop73: []: (/ewf1), offset 33619968, sizelimit 855638016
/dev/loop8: []: (/var/lib/snapd/snaps/gnome-3-38-2004_143.snap)
/dev/loop35: []: (/var/lib/snapd/snaps/snapd-desktop-integration_357.snap)
/dev/loop15: []: (/var/lib/snapd/snaps/core22_2411.snap)
/dev/loop43: []: (/var/lib/snapd/snaps/firefox_8107.snap)
/dev/loop6: []: (/var/lib/snapd/snaps/core24_1499.snap)
/dev/loop23: []: (/ewf1), offset 33619968, sizelimit 855638016
/dev/loop13: []: (/var/lib/snapd/snaps/snap-store_1113.snap)
/dev/loop4: []: (/var/lib/snapd/snaps/core22_2045.snap)
/dev/loop31: []: (/var/lib/snapd/snaps/core24_1587.snap)
/dev/loop21: []: (/var/lib/snapd/snaps/mesa-2404_1165.snap)
/dev/loop11: []: (/var/lib/snapd/snaps/gtk-common-themes_1534.snap)
/dev/loop2: []: (/ewf1), offset 33619968, sizelimit 855638016
/dev/loop58: []: (/var/lib/snapd/snaps/snapd_26865.snap)
/dev/loop0: []: (/var/lib/snapd/snaps/bare_5.snap)
/dev/loop18: []: (/ewf1), offset 33619968, sizelimit 855638016
/dev/loop9: []: (/var/lib/snapd/snaps/core20_2769.snap)
/dev/loop16: []: (/ewf1), offset 33619968, sizelimit 855638016
/dev/loop7: []: (/var/lib/snapd/snaps/gnome-3-38-2004_140.snap)
/dev/loop14: []: (/var/lib/snapd/snaps/snap-store_1216.snap)
/dev/loop5: []: (/var/lib/snapd/snaps/core20_2717.snap)
/dev/loop22: []: (/var/lib/snapd/snaps/gnome-46-2404_153.snap)
/dev/loop12: []: (/var/lib/snapd/snaps/gtk-common-themes_1535.snap)
/dev/loop3: []: (/var/lib/snapd/snaps/gnome-42-2204_247.snap)
/dev/loop20: []: (/var/lib/snapd/snaps/firefox_8054.snap)
/dev/loop10: []: (/var/lib/snapd/snaps/gnome-42-2204_202.snap)
[KERNEL ERRORS]
----------------------------------------------------------

--- CHECKPOINT: 11/05/2026 15:42:21 ---
[DOCKER STATS]
[HOST RAM]
               total        used        free      shared  buff/cache   available
Mem:            62Gi       1,3Gi        20Gi       5,0Mi        41Gi        60Gi
Swap:           14Gi       5,0Mi        14Gi
[LOOP DEVICES]
/dev/loop1: []: (/var/lib/snapd/snaps/snapd_26382.snap)
/dev/loop19: []: (/ewf1), offset 33619968, sizelimit 855638016
/dev/loop75: []: (/var/lib/snapd/snaps/firefox_8191.snap)
/dev/loop17: []: (/ewf1), offset 33619968, sizelimit 855638016
/dev/loop45: []: (/var/lib/snapd/snaps/snapd-desktop-integration_361.snap)
/dev/loop73: []: (/ewf1), offset 33619968, sizelimit 855638016
/dev/loop8: []: (/var/lib/snapd/snaps/gnome-3-38-2004_143.snap)
/dev/loop35: []: (/var/lib/snapd/snaps/snapd-desktop-integration_357.snap)
/dev/loop15: []: (/var/lib/snapd/snaps/core22_2411.snap)
/dev/loop43: []: (/var/lib/snapd/snaps/firefox_8107.snap)
/dev/loop6: []: (/var/lib/snapd/snaps/core24_1499.snap)
/dev/loop23: []: (/ewf1), offset 33619968, sizelimit 855638016
/dev/loop13: []: (/var/lib/snapd/snaps/snap-store_1113.snap)
/dev/loop4: []: (/var/lib/snapd/snaps/core22_2045.snap)
/dev/loop31: []: (/var/lib/snapd/snaps/core24_1587.snap)
/dev/loop21: []: (/var/lib/snapd/snaps/mesa-2404_1165.snap)
/dev/loop11: []: (/var/lib/snapd/snaps/gtk-common-themes_1534.snap)
/dev/loop2: []: (/ewf1), offset 33619968, sizelimit 855638016
/dev/loop58: []: (/var/lib/snapd/snaps/snapd_26865.snap)
/dev/loop0: []: (/var/lib/snapd/snaps/bare_5.snap)
/dev/loop18: []: (/ewf1), offset 33619968, sizelimit 855638016
/dev/loop9: []: (/var/lib/snapd/snaps/core20_2769.snap)
/dev/loop16: []: (/ewf1), offset 33619968, sizelimit 855638016
/dev/loop7: []: (/var/lib/snapd/snaps/gnome-3-38-2004_140.snap)
/dev/loop14: []: (/var/lib/snapd/snaps/snap-store_1216.snap)
/dev/loop5: []: (/var/lib/snapd/snaps/core20_2717.snap)
/dev/loop22: []: (/var/lib/snapd/snaps/gnome-46-2404_153.snap)
/dev/loop12: []: (/var/lib/snapd/snaps/gtk-common-themes_1535.snap)
/dev/loop3: []: (/var/lib/snapd/snaps/gnome-42-2204_247.snap)
/dev/loop20: []: (/var/lib/snapd/snaps/firefox_8054.snap)
/dev/loop10: []: (/var/lib/snapd/snaps/gnome-42-2204_202.snap)
[KERNEL ERRORS]
----------------------------------------------------------

--- CHECKPOINT: 11/05/2026 15:47:21 ---
[DOCKER STATS]
[HOST RAM]
               total        used        free      shared  buff/cache   available
Mem:            62Gi       1,3Gi        20Gi       5,0Mi        41Gi        60Gi
Swap:           14Gi       5,0Mi        14Gi
[LOOP DEVICES]
/dev/loop1: []: (/var/lib/snapd/snaps/snapd_26382.snap)
/dev/loop19: []: (/ewf1), offset 33619968, sizelimit 855638016
/dev/loop75: []: (/var/lib/snapd/snaps/firefox_8191.snap)
/dev/loop17: []: (/ewf1), offset 33619968, sizelimit 855638016
/dev/loop45: []: (/var/lib/snapd/snaps/snapd-desktop-integration_361.snap)
/dev/loop73: []: (/ewf1), offset 33619968, sizelimit 855638016
/dev/loop8: []: (/var/lib/snapd/snaps/gnome-3-38-2004_143.snap)
/dev/loop35: []: (/var/lib/snapd/snaps/snapd-desktop-integration_357.snap)
/dev/loop15: []: (/var/lib/snapd/snaps/core22_2411.snap)
/dev/loop43: []: (/var/lib/snapd/snaps/firefox_8107.snap)
/dev/loop6: []: (/var/lib/snapd/snaps/core24_1499.snap)
/dev/loop23: []: (/ewf1), offset 33619968, sizelimit 855638016
/dev/loop13: []: (/var/lib/snapd/snaps/snap-store_1113.snap)
/dev/loop4: []: (/var/lib/snapd/snaps/core22_2045.snap)
/dev/loop31: []: (/var/lib/snapd/snaps/core24_1587.snap)
/dev/loop21: []: (/var/lib/snapd/snaps/mesa-2404_1165.snap)
/dev/loop11: []: (/var/lib/snapd/snaps/gtk-common-themes_1534.snap)
/dev/loop2: []: (/ewf1), offset 33619968, sizelimit 855638016
/dev/loop58: []: (/var/lib/snapd/snaps/snapd_26865.snap)
/dev/loop0: []: (/var/lib/snapd/snaps/bare_5.snap)
/dev/loop18: []: (/ewf1), offset 33619968, sizelimit 855638016
/dev/loop9: []: (/var/lib/snapd/snaps/core20_2769.snap)
/dev/loop16: []: (/ewf1), offset 33619968, sizelimit 855638016
/dev/loop7: []: (/var/lib/snapd/snaps/gnome-3-38-2004_140.snap)
/dev/loop14: []: (/var/lib/snapd/snaps/snap-store_1216.snap)
/dev/loop5: []: (/var/lib/snapd/snaps/core20_2717.snap)
/dev/loop22: []: (/var/lib/snapd/snaps/gnome-46-2404_153.snap)
/dev/loop12: []: (/var/lib/snapd/snaps/gtk-common-themes_1535.snap)
/dev/loop3: []: (/var/lib/snapd/snaps/gnome-42-2204_247.snap)
/dev/loop20: []: (/var/lib/snapd/snaps/firefox_8054.snap)
/dev/loop10: []: (/var/lib/snapd/snaps/gnome-42-2204_202.snap)
[KERNEL ERRORS]
----------------------------------------------------------

--- CHECKPOINT: 11/05/2026 15:52:21 ---
[DOCKER STATS]
[HOST RAM]
               total        used        free      shared  buff/cache   available
Mem:            62Gi       2,0Gi        19Gi       5,0Mi        41Gi        60Gi
Swap:           14Gi       5,0Mi        14Gi
[LOOP DEVICES]
/dev/loop1: []: (/var/lib/snapd/snaps/snapd_26382.snap)
/dev/loop19: []: (/ewf1), offset 33619968, sizelimit 855638016
/dev/loop75: []: (/var/lib/snapd/snaps/firefox_8191.snap)
/dev/loop17: []: (/ewf1), offset 33619968, sizelimit 855638016
/dev/loop45: []: (/var/lib/snapd/snaps/snapd-desktop-integration_361.snap)
/dev/loop73: []: (/ewf1), offset 33619968, sizelimit 855638016
/dev/loop8: []: (/var/lib/snapd/snaps/gnome-3-38-2004_143.snap)
/dev/loop35: []: (/var/lib/snapd/snaps/snapd-desktop-integration_357.snap)
/dev/loop15: []: (/var/lib/snapd/snaps/core22_2411.snap)
/dev/loop43: []: (/var/lib/snapd/snaps/firefox_8107.snap)
/dev/loop6: []: (/var/lib/snapd/snaps/core24_1499.snap)
/dev/loop23: []: (/ewf1), offset 33619968, sizelimit 855638016
/dev/loop13: []: (/var/lib/snapd/snaps/snap-store_1113.snap)
/dev/loop4: []: (/var/lib/snapd/snaps/core22_2045.snap)
/dev/loop31: []: (/var/lib/snapd/snaps/core24_1587.snap)
/dev/loop21: []: (/var/lib/snapd/snaps/mesa-2404_1165.snap)
/dev/loop11: []: (/var/lib/snapd/snaps/gtk-common-themes_1534.snap)
/dev/loop2: []: (/ewf1), offset 33619968, sizelimit 855638016
/dev/loop58: []: (/var/lib/snapd/snaps/snapd_26865.snap)
/dev/loop0: []: (/var/lib/snapd/snaps/bare_5.snap)
/dev/loop18: []: (/ewf1), offset 33619968, sizelimit 855638016
/dev/loop9: []: (/var/lib/snapd/snaps/core20_2769.snap)
/dev/loop16: []: (/ewf1), offset 33619968, sizelimit 855638016
/dev/loop7: []: (/var/lib/snapd/snaps/gnome-3-38-2004_140.snap)
/dev/loop14: []: (/var/lib/snapd/snaps/snap-store_1216.snap)
/dev/loop5: []: (/var/lib/snapd/snaps/core20_2717.snap)
/dev/loop22: []: (/var/lib/snapd/snaps/gnome-46-2404_153.snap)
/dev/loop12: []: (/var/lib/snapd/snaps/gtk-common-themes_1535.snap)
/dev/loop3: []: (/var/lib/snapd/snaps/gnome-42-2204_247.snap)
/dev/loop20: []: (/var/lib/snapd/snaps/firefox_8054.snap)
/dev/loop10: []: (/var/lib/snapd/snaps/gnome-42-2204_202.snap)
[KERNEL ERRORS]
----------------------------------------------------------

--- CHECKPOINT: 11/05/2026 15:57:21 ---
[DOCKER STATS]
[HOST RAM]
               total        used        free      shared  buff/cache   available
Mem:            62Gi       2,1Gi        19Gi       5,0Mi        41Gi        60Gi
Swap:           14Gi       5,0Mi        14Gi
[LOOP DEVICES]
/dev/loop1: []: (/var/lib/snapd/snaps/snapd_26382.snap)
/dev/loop19: []: (/ewf1), offset 33619968, sizelimit 855638016
/dev/loop75: []: (/var/lib/snapd/snaps/firefox_8191.snap)
/dev/loop17: []: (/ewf1), offset 33619968, sizelimit 855638016
/dev/loop45: []: (/var/lib/snapd/snaps/snapd-desktop-integration_361.snap)
/dev/loop73: []: (/ewf1), offset 33619968, sizelimit 855638016
/dev/loop8: []: (/var/lib/snapd/snaps/gnome-3-38-2004_143.snap)
/dev/loop35: []: (/var/lib/snapd/snaps/snapd-desktop-integration_357.snap)
/dev/loop15: []: (/var/lib/snapd/snaps/core22_2411.snap)
/dev/loop43: []: (/var/lib/snapd/snaps/firefox_8107.snap)
/dev/loop6: []: (/var/lib/snapd/snaps/core24_1499.snap)
/dev/loop23: []: (/ewf1), offset 33619968, sizelimit 855638016
/dev/loop13: []: (/var/lib/snapd/snaps/snap-store_1113.snap)
/dev/loop4: []: (/var/lib/snapd/snaps/core22_2045.snap)
/dev/loop31: []: (/var/lib/snapd/snaps/core24_1587.snap)
/dev/loop21: []: (/var/lib/snapd/snaps/mesa-2404_1165.snap)
/dev/loop11: []: (/var/lib/snapd/snaps/gtk-common-themes_1534.snap)
/dev/loop2: []: (/ewf1), offset 33619968, sizelimit 855638016
/dev/loop58: []: (/var/lib/snapd/snaps/snapd_26865.snap)
/dev/loop0: []: (/var/lib/snapd/snaps/bare_5.snap)
/dev/loop18: []: (/ewf1), offset 33619968, sizelimit 855638016
/dev/loop9: []: (/var/lib/snapd/snaps/core20_2769.snap)
/dev/loop16: []: (/ewf1), offset 33619968, sizelimit 855638016
/dev/loop7: []: (/var/lib/snapd/snaps/gnome-3-38-2004_140.snap)
/dev/loop14: []: (/var/lib/snapd/snaps/snap-store_1216.snap)
/dev/loop5: []: (/var/lib/snapd/snaps/core20_2717.snap)
/dev/loop22: []: (/var/lib/snapd/snaps/gnome-46-2404_153.snap)
/dev/loop12: []: (/var/lib/snapd/snaps/gtk-common-themes_1535.snap)
/dev/loop3: []: (/var/lib/snapd/snaps/gnome-42-2204_247.snap)
/dev/loop20: []: (/var/lib/snapd/snaps/firefox_8054.snap)
/dev/loop10: []: (/var/lib/snapd/snaps/gnome-42-2204_202.snap)
[KERNEL ERRORS]
----------------------------------------------------------

